gyro_rad[0],gyro_rad[1],gyro_rad[2],accelerometer_m_s2[0],accelerometer_m_s2[1],accelerometer_m_s2[2],magnetometer_ga[0],magnetometer_ga[1],magnetometer_ga[2]
0.0062174113,-0.034449723,-9.967235e-05,0.09841632,0.47478318,-9.871712,0.35075155,0.19716644,0.29824942
0.023486752,-0.019580223,-0.010395621,0.09628879,-0.40970722,-9.800439,0.3516640784878049,0.19515322107317074,0.3000018829268293
0.023429252,-0.01038845,-0.011715102,0.167268,0.3684787,-10.001765,0.3525766069756098,0.19314000214634147,0.3017543458536585
0.049733732,-0.011360475,0.007800426,0.42100334,1.0332285,-9.687195,0.35348913546341465,0.19112678321951218,0.3035068087804878
0.0541222,-0.0036311315,0.0054989657,-0.07595462,-0.065543786,-9.508467,0.3544016639512195,0.18911356429268292,0.3052592717073171
0.06479163,-0.02725386,-0.018265864,0.09517164,-0.2527396,-9.684358,0.3539632771544715,0.18786416040650405,0.29697683089430893
0.11746419,-0.03867662,-0.017631479,0.32685325,0.72105545,-9.768722,0.35316073058536585,0.18682065448780488,0.28598932907317076
0.17397544,-0.050234526,-0.0009595677,0.11276818,0.7163398,-9.572971,0.3523581840162601,0.18577714856910568,0.2750018272520325
0.19893762,-0.067813456,-0.0102387825,-0.08350479,-0.17731252,-9.361712,0.35155563744715446,0.18473364265040648,0.2640143254308943
0.26462793,-0.089115195,-0.003455596,0.4570948,-0.016243352,-9.508731,0.3512391435609756,0.18453795624390243,0.2625614682926829
0.29781583,-0.11807495,0.0013316922,0.27333784,0.63896865,-9.692181,0.35128140284552845,0.1849680413821138,0.2681460869918699
0.30897486,-0.12178619,0.012401989,-0.1220084,0.8104965,-9.466441,0.35132366213008126,0.1853981265203252,0.2737307056910569
0.29992342,-0.14513586,-0.008327915,0.0766896,-0.47148374,-9.429626,0.35136592141463413,0.18582821165853658,0.2793153243902439
0.27031562,-0.1350395,-0.0145204095,0.4927863,-0.026769396,-9.60936,0.3508226754796748,0.186840642699187,0.28517700209756097
0.25884512,-0.13612083,-0.0008358888,0.10408851,0.7469449,-9.712192,0.34925203359349594,0.18887492598373984,0.2915248399512195
0.22510724,-0.10972006,-0.0030853383,-0.20424461,0.56721735,-9.49647,0.34768139170731704,0.1909092092682927,0.297872677804878
0.202756,-0.12561391,-0.021248752,0.2756306,-0.48589933,-9.713843,0.3461107498211382,0.1929434925528455,0.3042205156585366
0.18701814,-0.11195568,-0.02340544,0.4299065,0.47397625,-9.722024,0.3453362167479675,0.19458784282926828,0.3083319655121951
0.17108005,-0.10361492,-0.0015813806,-0.0828828,0.87911636,-9.586192,0.3490488424390244,0.19403438887804877,0.29983831936585364
0.15105589,-0.08745054,0.0011143902,-0.34300995,-0.14923733,-9.674719,0.3527614681300813,0.19348093492682927,0.2913446732195122
0.10716771,-0.041693494,-0.004758531,0.24561581,-0.12325557,-9.725869,0.3564740938211382,0.19292748097560974,0.2828510270731707
0.06829003,-0.02480646,-0.0052080904,0.47879654,0.9309689,-9.915659,0.3601867195121951,0.19237402702439024,0.27435738092682926
0.06507155,0.0019932638,0.0032691648,-0.11072074,0.7878093,-9.450686,0.3591172254308943,0.19642570889430894,0.2806757047479675
0.022024998,0.022156304,0.004486151,-0.15953128,-0.5539047,-9.420466,0.357733577495935,0.20077991793495936,0.2879670776910569
0.022642214,0.032296706,-0.016965417,0.432557,-0.07897876,-9.939785,0.3563499295609756,0.20513412697560976,0.29525845063414635
0.014734978,0.047576267,-0.008424591,0.26864767,1.1255821,-9.964485,0.35496628162601623,0.20948833601626016,0.30254982357723575
0.031521667,0.0518643,0.0046484126,-0.2282565,0.33706233,-9.306217,0.3537901799674797,0.20562316200000003,0.30275642367479677
-0.025826838,0.04453139,-0.009679591,0.012798864,-0.48658884,-9.3974085,0.35269239765853655,0.198656334,0.30028952458536584
-0.015436654,0.049116325,-0.014249892,0.44578052,0.53210217,-9.822957,0.35159461534959346,0.19168950599999998,0.29782262549593497
-0.01617637,0.026276026,0.0052536316,0.19890782,0.8824535,-9.7495575,0.3504968330406504,0.18472267799999997,0.29535572640650404
-0.044356745,0.036434513,-0.0034970052,-0.054640755,0.07406364,-9.320753,0.34949901902439023,0.18170961341463412,0.293889713902439
-0.07787046,0.03199304,-0.012872632,0.035346147,-0.457478,-9.713858,0.3485958416585366,0.18243944486178862,0.29337120736585365
-0.093357526,0.03299707,-0.012874005,0.44223934,0.7387719,-9.973059,0.3476926642926829,0.18316927630894309,0.2928527008292683
-0.11670023,0.03860235,0.006170567,0.018336792,0.74826664,-9.614648,0.34678948692682926,0.18389910775609755,0.2923341942926829
-0.14388898,0.040692512,-2.8069931e-05,-0.13628146,-0.41041413,-9.276243,0.3468051962601626,0.1844185583902439,0.29147933100813006
-0.17261007,0.04811032,-0.0030203867,0.22792499,-0.1686644,-9.871184,0.3489510520325203,0.1844503080487805,0.28984473162601626
-0.19164477,0.0640736,0.005701454,0.3242503,0.812296,-10.182699,0.351096907804878,0.18448205770731707,0.2882101322439024
-0.1737481,0.071360834,-0.00033761567,-0.02930621,0.3862136,-9.522029,0.3532427635772357,0.18451380736585365,0.2865755328617886
-0.18681528,0.083435334,-0.007697387,-0.17689808,-0.6436703,-9.588724,0.3552473431707317,0.18492258957723576,0.28531779861788614
-0.17327847,0.08932459,-0.024038615,0.5901126,0.30085334,-10.015178,0.3558065587804878,0.18918870482926828,0.2879156846341463
-0.14183341,0.08937814,0.0014043626,0.13929501,0.7216524,-10.005861,0.35636577439024386,0.1934548200813008,0.2905135706504065
-0.13119704,0.11233811,-0.010208202,-0.2424935,0.043024104,-9.516157,0.35692499,0.19772093533333332,0.29311145666666666
-0.122164376,0.105434224,-0.017281337,0.30956143,-0.2364114,-9.637391,0.3574842056097561,0.20198705058536584,0.2957093426829268
-0.08993572,0.08225399,-0.013866551,0.6495151,0.5105851,-9.697324,0.3558983535121951,0.1989305813821138,0.28572077016260156
-0.057611577,0.06400034,-0.010961022,-0.31642598,0.43357077,-9.647875,0.3540108512682927,0.1948443737398374,0.2739622269105691
-0.031417027,0.05777433,-0.016141284,-0.09698275,0.28619862,-9.631371,0.35212334902439024,0.19075816609756097,0.2622036836585365
-0.008753828,0.014164726,-0.009155383,0.71152526,0.26756525,-9.537361,0.3502358467804878,0.18667195845528456,0.25044514040650406
0.02068225,-0.00048648287,-0.009291046,0.27549323,0.29128048,-9.537399,0.3509105230406504,0.18715796489430894,0.26146457089430897
0.018982975,-0.020171858,0.0026043975,-0.42915994,0.17888512,-9.962142,0.35287949565853655,0.18995364648780488,0.28399040048780483
-0.022339027,-0.024116948,-0.005958379,0.2236927,0.35571823,-9.798178,0.35484846827642275,0.19274932808130082,0.30651623008130086
-0.014739582,-0.006574057,-0.0036923122,0.6641779,0.22373109,-9.55792,0.35681744089430895,0.19554500967479674,0.3290420596747967
-0.0344728,-0.023206977,-0.012651825,-0.06231216,0.13990791,-9.796636,0.35791554726829267,0.19748180375609756,0.333179579902439
-0.05026272,-0.004845146,-0.025836749,-0.3460929,-0.055921283,-10.056969,0.35795805819512194,0.19837752206504064,0.315028240292683
-0.036673475,0.00082283275,-0.014621722,0.5257362,0.46776906,-9.600768,0.3580005691219512,0.19927324037398375,0.2968769006829268
-0.02422821,-0.016738039,-0.013671081,0.42521212,0.3113943,-9.63637,0.3580430800487805,0.20016895868292683,0.2787255610731707
0.0040819845,-7.3862607e-06,-0.014849945,-0.26425293,0.04366861,-9.787874,0.3579213601626016,0.1995947856910569,0.2673601557723577
0.004987781,0.0023297572,-0.0035507486,-0.07561437,0.3405539,-9.922496,0.3572787939837398,0.1943589574308943,0.2775158564227643
0.012992657,0.004655103,0.006380642,0.61636627,0.6142749,-9.618883,0.356636227804878,0.1891231291707317,0.2876715570731707
0.007099693,0.0050941403,0.004622205,0.16055128,-0.23914474,-9.609576,0.35599366162601626,0.1838873009105691,0.29782725772357727
-0.014369462,0.0022695216,-0.0069460953,-0.27080354,0.0009181708,-9.925424,0.35536222702439024,0.17893199128455284,0.30750046504065043
-0.023622965,0.009571679,-0.012826122,0.16866723,0.6520324,-9.955025,0.35512596341463415,0.1839350931707317,0.3000451590243902
-0.028395489,0.008468642,-0.003525145,0.5849232,0.18771717,-9.684714,0.35488969980487806,0.18893819505691054,0.2925898530081301
-0.039950103,0.011021352,0.00016375301,-0.17075425,-0.39794925,-9.839437,0.35465343619512196,0.19394129694308943,0.2851345469918699
-0.056283765,0.03510934,0.0043230955,-0.23888576,0.29870772,-9.9521675,0.35441717258536587,0.19894439882926826,0.27767924097560975
-0.03303166,0.02728426,0.003302115,0.51142454,0.6590939,-9.801048,0.353362378601626,0.1961653902601626,0.2782881779674797
-0.028683055,0.032394275,-0.003890086,0.28929466,-0.034829814,-9.593005,0.35212186764227643,0.19162069276422763,0.28072681715447156
-0.022176856,0.02656161,-0.021692105,-0.36023352,-0.26978377,-9.864077,0.35088135668292686,0.1870759952682927,0.2831654563414634
-0.025309594,0.034497365,-0.019379321,0.0724838,0.80294883,-9.977172,0.34964084572357723,0.18253129777235771,0.2856040955284553
0.0009552632,0.016385589,-0.014543597,0.58760905,0.6553164,-9.698749,0.35022496110569107,0.18291260704065043,0.2856317994308943
0.020018548,0.016833242,-0.0060219895,0.01142322,-0.3628977,-9.689494,0.3520116711219512,0.18654060258536584,0.28407047780487804
0.01117878,0.02469494,-0.010799613,-0.30332792,0.17939037,-10.056814,0.3537983811382114,0.1901685981300813,0.2825091561788618
0.045627154,0.04657902,0.008361261,0.46827805,1.23254,-9.965549,0.35558509115447157,0.19379659367479676,0.2809478345528455
0.04701898,0.019549396,0.018484201,0.45987526,0.18104099,-9.500136,0.35604951424390247,0.1942338802926829,0.2809492054634146
0.024533708,0.016845355,-0.0031553444,-0.2917578,-0.7894332,-9.768286,0.3544493138861789,0.189689182796748,0.2833905699837398
0.026497275,0.014304422,-0.0021686729,0.12810856,0.5486505,-10.068019,0.3528491135284553,0.185144485300813,0.285831934504065
0.016237985,-0.0010374028,-0.009906109,0.6274684,1.1260022,-9.722932,0.35124891317073176,0.18059978780487804,0.28827329902439025
0.009853613,-0.01021043,-0.012883512,-0.032841995,-0.37139258,-9.603892,0.35025240702439026,0.17792552439024392,0.2900740628617886
-0.019868292,0.010928387,-0.01993818,-0.22374827,-0.57323664,-9.97926,0.35204218185365854,0.18388403365853662,0.2889182081626016
-0.016173126,0.015741277,0.004450563,0.41483256,1.3186325,-9.97989,0.35383195668292683,0.18984254292682923,0.2877623534634146
-0.0032318968,0.015822293,0.008017781,0.30111527,0.6690684,-9.7233305,0.3556217315121951,0.19580105219512195,0.2866064987642276
-0.017826177,0.028032549,0.023788337,-0.13436079,-0.98172814,-9.612138,0.3574115063414634,0.20175956146341464,0.2854506440650406
-0.032199264,0.015616674,0.011976665,-0.024045914,-0.07663279,-9.941872,0.3572831951219512,0.2009625727317073,0.2833081378536585
-0.0629772,0.015903383,-0.0146948015,0.30073544,0.75103414,-9.853776,0.35708686666666667,0.19992602733333334,0.281130644
-0.0361149,0.013257447,0.0038576368,0.1541432,0.3591813,-9.662735,0.3568905382113821,0.19888948193495937,0.2789531501463415
-0.058125123,0.025627103,-0.0025392186,-0.08650101,-0.8504468,-9.672167,0.35669420975609756,0.19785293653658537,0.2767756562926829
-0.06868984,0.02079892,-0.0131643275,0.24212347,0.6601471,-9.826542,0.35602263658536587,0.19745648918699188,0.2834238487804878
-0.03386477,0.017321948,0.021275243,0.19301246,1.1280916,-10.059649,0.3551955287804878,0.19726952847154472,0.2929604477073171
-0.024208643,0.030356817,0.02185816,-0.015183851,-0.44280356,-9.550854,0.3543684209756098,0.19708256775609756,0.3024970466341463
-0.043088794,0.03437198,-0.0078693405,0.17526342,-0.4361789,-9.643358,0.35354131317073173,0.1968956070406504,0.31203364556097557
0.004765954,0.03528737,0.001414922,0.21825986,0.94149745,-10.168693,0.3521647931219512,0.1949249714796748,0.31326583899186994
0.019766264,0.019098748,-0.005181575,0.21062854,0.5263232,-9.806636,0.35032231585365853,0.19144159902439023,0.30745505560975606
0.009392227,0.013568285,-0.019598141,0.018598024,-0.365324,-9.495776,0.34847983858536585,0.1879582265691057,0.30164427222764234
0.03261058,0.008867813,-0.014966781,0.29971996,0.24968241,-9.787495,0.3466373613170732,0.18447485411382117,0.29583348884552846
0.04249962,0.0036929552,-0.013335966,0.16793892,0.96817505,-9.953419,0.3461109152682927,0.18432284946341465,0.2920297556097561
0.046155863,0.001327477,0.0062399586,-0.03500827,0.33607844,-9.656809,0.3482713662926829,0.19097238741463418,0.29232374975609754
0.030648585,-0.004985665,-0.007942933,0.094535604,-0.29730892,-9.572628,0.3504318173170731,0.1976219253658536,0.292617743902439
0.023520594,-0.0063711344,-0.013380743,0.34468982,0.3044249,-9.861345,0.3525922683414634,0.20427146331707313,0.29291173804878046
0.006996426,-0.011123822,-0.0152491545,0.02847025,0.80075353,-9.85596,0.3543980377235772,0.21012169554471544,0.29338124627642276
-0.0027875612,-0.012445654,-0.0110101,-0.10894125,-0.094695605,-9.627209,0.3535123993495935,0.2099066078699187,0.29518259665040647
-0.03258497,-0.0011389131,-0.011946337,0.27542272,-0.12695847,-9.791606,0.35262676097560974,0.20969152019512194,0.29698394702439024
-0.042021934,0.01532853,-0.007452621,0.18899214,0.700469,-9.965751,0.35174112260162604,0.2094764325203252,0.298785297398374
-0.035253536,0.023864383,0.021543765,-0.036727294,0.52188295,-9.83744,0.3508554842276423,0.20926134484552844,0.3005866477723577
-0.070742674,0.030875,0.010553244,0.080399014,-0.36760622,-9.787307,0.3507703432195122,0.20777758907317073,0.3007306769756098
-0.07042084,0.039025377,0.0018910093,0.42063737,0.071451955,-9.775591,0.3507701034471545,0.20615927759349592,0.30069892969105694
-0.050474633,0.01481384,-0.014089516,0.031726077,0.64606744,-9.887684,0.35076986367479673,0.20454096611382117,0.3006671824065041
-0.056826595,0.01701743,-0.02533612,-0.10958592,0.0032645878,-9.874369,0.350769623902439,0.20292265463414635,0.30063543512195123
-0.046267267,0.0014003484,-0.026695302,0.47758168,0.13802817,-9.5915785,0.3508976557723577,0.20191653453658537,0.3011124979186992
-0.033749465,-0.016042976,-0.026704194,0.2683834,0.38529217,-9.791341,0.35108283837398374,0.20118317297560975,0.3018162582764228
0.0067648124,-0.031211974,-0.008190863,-0.16635002,0.47162908,-9.851668,0.3512680209756098,0.20044981141463414,0.30252001863414635
0.016063074,-0.053545594,0.0024957666,0.15508085,0.28673226,-9.543145,0.3514532035772358,0.19971644985365855,0.3032237789918699
0.011665518,-0.054596476,0.0014386289,0.26216856,0.24557069,-9.709099,0.35196022455284554,0.19749047544715448,0.3008771681300813
0.019487003,-0.04108778,-0.007530343,0.06586241,0.42751417,-9.864445,0.3528166700487805,0.1936439499512195,0.2952187256585366
0.0021249256,-0.050632305,-0.0067998953,-0.072024144,0.22142892,-9.844864,0.3536731155447155,0.18979742445528452,0.28956028318699184
-0.028503796,-0.038320094,-0.017682053,0.19236332,0.21760891,-9.789466,0.3545295610406504,0.18595089895934963,0.28390184071544716
-0.030339466,-0.022030529,-0.0127725145,0.25404698,0.19898732,-9.803204,0.3554532222439024,0.1839286279512195,0.28077738360975607
-0.035461932,-0.01801909,-0.0015061866,-0.16497543,0.3120767,-10.004094,0.35656129577235773,0.18691136284552845,0.2846051427642276
-0.038843993,0.0060465964,0.009001625,0.01671092,0.3567264,-9.808615,0.357669369300813,0.1898940977398374,0.2884329019186992
-0.06080772,0.024351045,0.0104981335,0.24710983,0.21835466,-9.773934,0.35877744282926827,0.19287683263414632,0.2922606610731707
-0.036143128,0.05044066,0.017955841,0.06653284,0.20138988,-10.0205145,0.35974491746341464,0.19566927783739838,0.29574076234146346
-0.03750849,0.050503515,0.007109782,-0.028412972,0.2074177,-9.908667,0.3582870611707317,0.1951792258699187,0.2932237650731707
-0.043096036,0.06310645,-0.00666848,0.1682926,0.53797066,-9.841569,0.35682920487804876,0.19468917390243903,0.29070676780487803
-0.03763833,0.07488087,-0.008962016,0.2517815,-0.08526453,-9.720687,0.35537134858536584,0.19419912193495936,0.28818977053658534
-0.048267674,0.061787315,-0.02034285,0.070956506,0.19018848,-9.784358,0.35391349229268293,0.1937090699674797,0.2856727732682927
-0.05296958,0.059542805,-0.025448337,0.009903513,0.48263738,-9.781741,0.353281594,0.19061693000000002,0.292191388
-0.04682491,0.044440478,-0.008008008,0.27855977,0.47355887,-9.715113,0.35280414313821135,0.1870382207317073,0.30039958871544714
-0.06074305,0.024969397,0.0047940738,0.35264665,0.061174873,-9.426172,0.3523266922764227,0.1834595114634146,0.30860778943089434
-0.030287482,-0.012801712,0.0016912724,-0.024140798,0.07407934,-9.8128195,0.35184924141463414,0.17988080219512198,0.31681599014634143
-0.013666815,-0.023926197,-0.008062336,0.058139797,0.43629336,-9.790828,0.35266239796747967,0.18328276421138207,0.3158563968455285
-0.010198178,-0.037793305,-0.009376213,0.43170393,0.45779377,-9.579069,0.3542330849593496,0.19078207676422762,0.3095157070569106
0.0043323124,-0.052654598,-0.013748645,0.26535895,0.00058059505,-9.484414,0.35580377195121954,0.19828138931707318,0.3031750172682927
0.008218762,-0.046492945,-0.015247333,-0.26965755,0.058625188,-9.8513775,0.35737445894308945,0.20578070186991873,0.29683432747967475
-0.0009222913,-0.07356094,-0.00018677983,0.38242632,0.8960599,-9.724498,0.3572546931056911,0.2070944884552846,0.29549584003252033
-0.004975663,-0.052047096,0.012833045,0.25853646,0.3442624,-9.80606,0.35477937824390243,0.19978909951219515,0.30112763453658536
-0.016711455,-0.04944805,0.0040642936,0.025499074,-0.23342271,-9.741822,0.3523040633821138,0.19248371056910568,0.3067594290406504
-0.039162934,-0.043634687,0.00666532,-0.029772136,0.3461037,-9.94372,0.3498287485203252,0.18517832162601625,0.31239122354471544
-0.054389916,-0.022484757,0.0058409316,0.305861,0.7691101,-9.828071,0.34841036926829266,0.1804245258536585,0.316069072195122
-0.06431742,-0.0059404755,-0.012119581,0.1164396,-0.14472784,-9.950747,0.3510788077073171,0.18553689034146348,0.3121916635447154
-0.07475029,0.010376313,0.001125614,-0.0025230187,-0.20716353,-9.959941,0.35374724614634145,0.1906492548292683,0.3083142548943089
-0.09044981,0.021069065,-0.00064022734,0.30078962,0.890186,-9.742992,0.3564156845853658,0.19576161931707312,0.3044368462439025
-0.10491556,0.036656685,0.01264264,0.0044051767,0.42673793,-9.809955,0.35908412302439024,0.2008739838048781,0.3005594375934959
-0.09973709,0.044066228,-0.00029357633,0.045435246,-0.45388642,-9.807443,0.3553792008130081,0.1956565742276423,0.30420976170731706
-0.087028176,0.059852563,-0.0012215567,0.2191165,0.41327292,-9.932057,0.35163032439024383,0.19036792482926823,0.30791200121951223
-0.07284401,0.060740013,0.007342259,0.19219641,1.0431575,-9.762846,0.34788144796747966,0.1850792754308943,0.31161424073170735
-0.08150712,0.060516536,-0.007449688,0.056707345,-0.17246015,-9.757758,0.34413257154471544,0.17979062603252036,0.3153164802439024
-0.0600743,0.0571064,-0.0137661025,0.31681713,-0.500951,-9.646152,0.3456660380487805,0.18447332492682933,0.3118704637560975
-0.021744957,0.033719305,-0.0013884032,0.20136352,0.98485196,-9.658158,0.3486822674796748,0.19195499878048777,0.3064179192682927
0.0063093556,0.03879391,-0.002185078,-0.1016452,0.6505801,-9.771198,0.35169849691056904,0.19943667263414622,0.3009653747804879
-0.009533621,0.029124474,-0.012523719,0.13671006,-0.5843723,-9.559965,0.3547147263414634,0.2069183464878049,0.29551283029268294
-0.00024030267,0.016114904,-0.013356191,0.43615374,0.11456633,-9.608338,0.3543970644065041,0.20754706663414638,0.2953710941138211
0.01914071,0.008549117,-0.0061752857,-0.053661376,1.0615448,-9.92714,0.3515488584227642,0.20297414721951215,0.29926045339837404
0.011976001,0.01819888,0.010625537,0.01272266,0.40052003,-9.689344,0.3487006524390244,0.19840122780487807,0.30314981268292684
0.038980987,0.028222939,0.004117136,0.14360516,-0.16136411,-9.735255,0.3458524464552846,0.19382830839024395,0.3070391719674796
0.04171186,0.044607025,-0.0018008373,0.40876347,0.43297967,-9.78266,0.34432681185365854,0.19085146767479674,0.3079385735284552
0.039725937,0.042927735,0.008957099,-0.11991575,0.717663,-10.0100565,0.34519197936585366,0.19075984614634148,0.30343305151219513
0.03335269,0.058849163,0.015825788,0.08995313,0.12492448,-9.618761,0.3460571468780488,0.19066822461788618,0.2989275294959349
0.024131486,0.037943088,0.0058302362,0.42301792,-0.25439382,-9.530245,0.3469223143902439,0.1905766030894309,0.2944220074796748
0.05808012,0.026908016,0.009664215,0.19662428,0.74006015,-9.788253,0.3478154907804878,0.1904018092682927,0.29019925814634145
0.03391052,0.022141488,0.01735537,-0.23330775,0.6825842,-9.950882,0.34887538668292684,0.18973194227642276,0.2876596795447154
0.034915112,0.018109731,-9.435308e-05,0.13137111,-0.07204498,-9.6588545,0.3499352825853658,0.18906207528455285,0.2851201009430894
0.013853999,-0.002380951,-0.0033095689,0.5311227,0.029544678,-9.635197,0.35099517848780487,0.18839220829268294,0.2825805223414634
-0.00928167,-0.0051218024,0.013831358,-0.09198579,0.7195167,-9.904967,0.3520550743902439,0.187722341300813,0.28004094373983734
-0.040085714,-0.014989248,-0.0015888377,-0.22413175,0.3985514,-9.787025,0.35253414193495936,0.19050738956097557,0.28930315323577227
-0.08144425,-0.017571399,-0.0086511085,0.36929563,-0.4587953,-9.722803,0.3529705015121951,0.1935464757073171,0.2994331412682928
-0.079964735,-0.027534567,-0.0076806843,0.44096595,0.23143394,-9.613769,0.3534068610894309,0.19658556185365852,0.309563129300813
-0.08512796,-0.02089463,-0.0026158043,-0.4615323,0.786111,-9.998488,0.3538432206666667,0.19962464799999996,0.3196931173333332
-0.07297005,-0.015230091,-0.007072909,-0.015424333,0.0327424,-9.832515,0.35318481780487804,0.2003614563414634,0.32189461
-0.07349542,-0.022057429,-0.0027545742,0.71802896,0.111043274,-9.673661,0.3520989362764228,0.20019928001626017,0.321000214
-0.034084424,-0.022949966,0.008450664,0.0238961,0.43655226,-9.781192,0.35101305474796746,0.2000371036910569,0.320105818
-0.045559563,-0.026152747,0.0033146061,-0.4764263,0.41980448,-10.12464,0.34992717321951217,0.19987492736585366,0.31921142199999997
-0.017785756,0.0014899726,0.0022003818,0.56466454,0.18589161,-9.673466,0.3489860068130081,0.197439712894309,0.31334785019512207
-0.0045623793,-0.020930378,-0.0056698434,0.62719715,0.25161335,-9.520202,0.34818564430894305,0.19279289373983738,0.30264940463414625
-0.002316627,-0.023260178,0.0026525948,-0.3724194,0.2472267,-9.911432,0.34738528180487804,0.1881460745853659,0.29195095907317076
-0.0014069292,-0.01812293,-0.0065541663,-0.052130893,0.22693391,-10.02951,0.34658491930081303,0.18349925543089426,0.281252513512195
0.03215928,-0.035212185,0.009669251,0.85977614,0.6298872,-9.596625,0.3471307756260163,0.18149722084552847,0.2734567126829268
0.0156209655,-0.05024267,0.0023156304,0.039473996,-0.09957465,-9.652659,0.35090129565853656,0.18583036790243898,0.27261375853658537
-0.007982479,-0.037205487,-0.008948287,-0.43128672,0.08148954,-9.993677,0.35467181569105694,0.19016351495934963,0.2717708043902439
-0.022264695,-0.04509028,-0.0038332155,0.4646754,0.58469456,-9.858866,0.3584423357235772,0.19449666201626015,0.2709278502439025
-0.025910756,-0.028191457,-0.0033381975,0.48094594,0.34807485,-9.621608,0.3615079831707318,0.19844815307317074,0.27070372185365843
-0.029907778,-0.01948958,-0.0091685215,-0.29626724,-0.36051112,-9.726839,0.35670255341463414,0.19813781879674797,0.2773898144065041
-0.045098174,0.004239208,-0.008519116,-0.19662285,0.25271338,-10.183161,0.35189712365853665,0.1978274845203252,0.28407590695934953
-0.023704043,0.011495965,-0.012883231,0.767729,0.98037285,-9.869555,0.347091693902439,0.19751715024390243,0.29076199951219517
0.0058966517,0.023095742,0.011479385,0.20990239,-0.05783583,-9.572836,0.34228626414634145,0.1972068159674797,0.29744809206504064
0.036279067,0.012993799,0.009989487,-0.15788516,-0.118131235,-9.822142,0.344874206504065,0.19938696614634144,0.2887923533333335
0.039266855,0.023942325,-0.009729004,0.04112095,0.67020994,-9.928827,0.34856824390243907,0.2019397084878049,0.2778413799999999
0.081842385,0.012049802,-0.002175336,0.60130256,0.9383971,-9.735327,0.352262281300813,0.20449245082926829,0.26689040666666675
0.09862708,0.006024403,-0.0043319305,0.039781295,-0.3642866,-9.309225,0.35595631869918704,0.20704519317073172,0.2559394333333332
0.08521992,-0.01207438,-0.0090456335,-0.31334066,-0.058798812,-9.844141,0.35502876312195125,0.20494034175609754,0.25936243853658536
0.07272851,-0.0034455115,-0.007863629,0.360816,1.1989118,-10.135595,0.35169412786991877,0.20040966026016266,0.2702718908943088
0.056106538,-0.0108848205,0.017498951,0.5586182,0.41942257,-9.469018,0.3483594926178862,0.1958789787642276,0.2811813432520326
-0.0020741983,-0.014736667,0.00889136,-0.29227558,-0.5997721,-9.604777,0.34502485736585364,0.1913482972682927,0.29209079560975604
-0.027163194,0.005133545,-0.014504351,-0.107250296,0.28380156,-10.043299,0.34430759560975605,0.1910463593495934,0.29969976463414627
-0.026314287,-0.0006922844,0.007921139,0.5658019,1.125686,-10.02099,0.34685198390243904,0.19601408650406504,0.3031958236585366
-0.019598192,-0.0038739757,-0.010633671,0.267826,-0.098418124,-9.319881,0.34939637219512193,0.20098181365853654,0.3066918826829268
-0.033946767,-0.008266198,-0.014706569,-0.40559772,-0.75067616,-9.715927,0.35194076048780487,0.20594954081300818,0.3101879417073171
-0.034034207,-0.011036103,0.0007037743,0.327234,0.92676157,-10.057314,0.35343357466666664,0.208038629495935,0.3130908947804878
-0.00669814,-0.022711603,0.008001174,0.5059937,1.0470607,-9.63403,0.35146238,0.20064514439024403,0.3140400870731707
-0.011620067,-0.028589606,0.018064095,-0.17383814,-0.71504766,-9.457942,0.3494911853333333,0.19325165928455282,0.3149892793658537
-0.013498737,-0.030704724,0.004879655,-0.0763813,-0.25452244,-9.840232,0.34751999066666667,0.18585817417886186,0.3159384716585366
-0.011943042,-0.031175386,0.004243071,0.5218671,1.2299223,-10.057446,0.34562078175609756,0.1787062290243903,0.31663311619512186
0.0007744684,-0.028605683,-0.013951067,0.20368291,0.4042494,-9.561898,0.34715289388617887,0.1830676882113821,0.3051943176910569
-0.01690711,-0.029745545,-0.005450233,-0.2691626,-0.99830127,-9.72765,0.3486850060162601,0.18742914739837394,0.293755519186992
-0.024129847,-0.01662315,-0.010065612,0.30751482,0.74202496,-9.964616,0.3502171181463415,0.1917906065853659,0.28231672068292674
-0.016761858,-0.01697985,0.006069852,0.27692392,1.3102887,-9.92175,0.3517492302764228,0.19615206577235772,0.27087792217886186
0.0048553697,0.0016139525,0.01150828,-0.011274943,-0.37299302,-9.513111,0.353105244195122,0.19440104053658533,0.2745862905691058
-0.04206253,-0.0014550546,-0.0035143632,0.104684465,-0.48057345,-9.780728,0.354419472097561,0.19119959526829267,0.2818889019512195
-0.0031600774,0.012918759,0.009189429,0.11068563,1.3581133,-10.170931,0.3557337,0.18799815000000003,0.28919151333333326
0.022888655,0.022211509,0.015857471,0.15344255,0.6115064,-9.730221,0.35704792790243906,0.18479670473170728,0.29649412471544717
0.008975795,0.023772046,-0.003994086,0.09398766,-0.65384126,-9.598942,0.35554380141463415,0.1843580555121951,0.29958454692682923
0.031896338,0.033019513,-0.0018389175,0.23128293,0.27237296,-9.709543,0.3521283771219513,0.18579302660162597,0.29981842705691053
0.045704573,0.016526198,0.0071313893,-0.03466248,1.1426878,-9.945947,0.3487129528292683,0.1872279976910569,0.3000523071869919
0.05808958,0.016711636,0.007094063,0.14896826,0.013388819,-9.587851,0.3452975285365854,0.18866296878048777,0.3002861873170732
0.043299776,0.0044769123,-0.0039346297,0.31894287,-0.4020217,-9.449417,0.34450233786991874,0.19023858728455284,0.3003650057235772
0.027911449,-0.027048402,0.0056449533,-0.064081006,0.5452454,-9.9663725,0.3479182369593496,0.19204024627642274,0.3001946177886179
0.00849089,-0.013449828,-0.0014487521,0.09781281,0.4972152,-9.844366,0.35133413604878044,0.19384190526829265,0.3000242298536585
-0.016637893,-0.01794092,-0.011891666,0.29252714,-0.40799415,-9.548104,0.3547500351382114,0.1956435642601626,0.2998538419186992
-0.041567508,-0.010590648,-0.02674269,0.15111275,-0.018158825,-9.771588,0.3569076435772358,0.19657163016260162,0.3002610860975609
-0.05074521,0.0044198316,-0.02045271,-0.18610613,0.4753454,-10.032444,0.35297512526829267,0.19327150551219507,0.3034640697073171
-0.067833416,0.0030730462,-0.006999749,0.12933668,0.57086474,-9.851099,0.34904260695934963,0.1899713808617886,0.30666705331707317
-0.065805055,0.011443318,-0.008510007,0.3976753,-0.0055007036,-9.558341,0.34511008865040654,0.18667125621138214,0.3098700369268292
-0.073239736,0.003795975,-0.0028321682,0.10619939,0.055537418,-9.797684,0.3411775703414634,0.18337113156097556,0.31307302053658537
-0.051359694,0.006848088,0.008019883,-0.14048661,0.59384155,-10.066093,0.3449053421138211,0.18326265861788618,0.3029985794308943
-0.02520897,0.0011833083,-0.0028291934,0.24104792,0.2694537,-9.668026,0.34896141203252024,0.18329097074796746,0.29235510583739854
-0.0010632648,-0.013182652,0.004165289,0.43877563,0.072578534,-9.563613,0.3530174819512195,0.18331928287804877,0.2817116322439024
0.016916333,-0.002749088,-0.0050587673,-0.1820694,0.26147962,-9.938452,0.3570735518699186,0.18334759500813008,0.2710681586504066
0.039948277,-0.007989359,-0.0039058782,-0.09367994,0.49950936,-9.974159,0.3554915994471544,0.1850392932195122,0.2783617817723579
0.04982378,-0.005519904,0.0037412948,0.41747752,0.40285847,-9.640965,0.3519958229268293,0.18729562707317074,0.2917441441463414
0.04260039,0.0014764712,0.0004886962,0.27246377,-0.05711034,-9.7501335,0.3485000464065041,0.18955196092682924,0.305126506520325
0.03979307,0.009529707,-0.015879197,-0.16209964,0.3457545,-9.900364,0.3450042698861789,0.19180829478048783,0.318508868894309
0.03464147,0.0014515746,-0.009199349,0.04599729,0.49131414,-9.920753,0.34485073502439023,0.1921566864878049,0.31645186307317086
0.03959069,0.0071800826,-0.008602253,0.6360682,0.3033162,-9.6209345,0.34761094930081304,0.19084174401626017,0.30093489523577216
0.017149234,-0.0004153839,-0.008727406,-0.027319668,-0.003540872,-9.64493,0.3503711635772358,0.18952680154471546,0.28541792739837396
0.00033588457,0.010739942,-0.01493111,-0.26294667,0.27570048,-10.198745,0.3531313778536585,0.18821185907317076,0.26990095956097576
0.004315637,0.016457332,0.0037936966,0.47201937,0.6418757,-9.769301,0.35520572533333333,0.18793989016260165,0.2632117862113822
-0.008781022,0.0020374497,0.0066568465,0.42057934,0.019845132,-9.346081,0.35583537466666665,0.18986482300813007,0.27511732891056906
-0.027046924,0.0098534245,0.008350943,-0.39594573,0.061416086,-9.902026,0.35646502399999996,0.1917897558536585,0.28702287160975587
-0.028285764,0.014460955,-0.0027193455,0.038795378,0.17734869,-10.147214,0.35709467333333333,0.193714688699187,0.2989284143089431
-0.041291468,-0.00015270806,0.0066331094,0.7103396,0.56191057,-9.489629,0.35750851232520325,0.19511648502439027,0.3083611208455285
-0.048499133,-0.021436088,-0.0008376315,-0.072458886,-0.16104394,-9.463524,0.3561688922926829,0.1922677971219512,0.2977020335609755
-0.058873374,-0.017050551,-0.0052561164,-0.2813751,-0.19596271,-10.019548,0.3548292722601626,0.18941910921951222,0.2870429462764228
-0.06533202,-0.010293758,-0.0039286297,0.50396127,0.58824027,-9.968645,0.3534896522276423,0.18657042131707322,0.27638385899187007
-0.053162497,-0.01229425,-0.004200238,0.45370576,0.5525731,-9.44771,0.352150032195122,0.18372173341463413,0.265724771707317
-0.014567923,-0.010718476,0.0058534695,-0.10670727,-0.04368894,-9.6517105,0.35271764435772357,0.18311263216260162,0.27252698328455277
0.013084316,0.008397859,-0.012842064,0.013734076,-0.17231646,-9.954878,0.3535036418861789,0.1827599721300813,0.28132858022764234
0.034304764,0.0035687613,0.0075083235,0.4990242,1.0770416,-10.087666,0.35428963941463415,0.18240731209756098,0.2901301771707317
0.044476047,0.017410105,0.012702065,0.26177174,0.6416737,-9.471524,0.3550756369430894,0.18205465206504065,0.29893177411382105
0.037072003,0.021013144,-0.0021764496,-0.3438007,-0.7332448,-9.66308,0.3543378848780488,0.18218985869918697,0.3017171694308943
0.056213044,0.029868715,0.004544588,0.4493522,0.24215256,-10.035626,0.352899208,0.18254948399999998,0.30173511199999997
0.082593486,0.03225055,0.01083044,0.37466955,1.1860559,-9.90456,0.3514605311219512,0.182909109300813,0.30175305456910567
0.07249954,0.027210657,0.00560899,-0.1030808,-0.09304716,-9.412632,0.3500218542439024,0.18326873460162602,0.30177099713821137
0.08322128,0.017718932,-0.027215654,-0.09490776,-0.66810614,-9.784014,0.3500861095609756,0.18403829843902436,0.29821497531707325
0.0895196,-0.005950073,-0.015375348,0.63358796,0.9091146,-9.7677765,0.3518275500813008,0.1852653299186992,0.29067061642276415
0.10113803,-0.026600683,-0.009764077,0.014035955,0.969373,-9.631706,0.353568990601626,0.186492361398374,0.28312625752845527
0.1033446,-0.02513052,0.0033908475,-0.15144756,-0.260769,-9.361596,0.35531043112195115,0.18771939287804879,0.27558189863414645
0.099644266,-0.0340002,0.0085919965,0.19639252,-0.19564377,-9.719559,0.35578484413008127,0.18916109840650408,0.2738101864715447
0.07448878,-0.042882126,-0.00451174,0.29701498,0.5975842,-9.856453,0.3526582315772358,0.1912129301788618,0.28844494396747955
0.080524355,-0.040772226,0.004831929,-0.098675504,0.68762255,-9.516113,0.3495316190243902,0.19326476195121953,0.3030797014634148
0.04202343,-0.03432548,-0.0043691993,-0.16130032,-0.503439,-9.417295,0.3464050064715447,0.19531659372357724,0.3177144589593496
0.025268355,-0.013344228,-0.026151009,0.15454784,0.15044689,-10.167427,0.3435895666829268,0.19715595000000002,0.3313077273170733
0.03003991,0.009950599,-0.00017286865,0.41053632,1.1983914,-10.060221,0.3469531289268293,0.19477614999999998,0.32421999707317073
0.018158486,0.019607464,0.012275478,-0.20098567,0.10976227,-9.4809265,0.35031669117073166,0.19239635000000002,0.31713226682926837
-0.01352956,0.044782296,-0.008141556,-0.07066912,-0.63418657,-9.80938,0.35368025341463416,0.19001654999999998,0.3100445365853658
0.005105761,0.035254188,0.001432576,0.4658101,0.7454753,-10.227472,0.35704381565853655,0.18763675000000002,0.30295680634146344
-0.006144376,0.0456739,0.006778576,0.18090443,0.8368687,-9.679872,0.3548770048292683,0.18773462915447153,0.2998677619837399
-0.026807226,0.02627326,-0.012127802,-0.15750773,-0.27400708,-9.167835,0.3516222517560975,0.18831992060162603,0.2975653443577236
-0.056517906,0.009287595,-0.027352741,0.14571068,-0.21446602,-9.878081,0.3483674986829268,0.1889052120487805,0.29526292673170734
-0.058381476,-0.0043444824,-0.008907294,0.6009012,1.1087385,-9.947766,0.3451127456097562,0.18949050349593494,0.2929605091056911
-0.07389105,-0.02639868,0.004553851,-0.13803466,0.41480693,-9.402334,0.3438582894308943,0.18731789863414633,0.2883464162601626
-0.11174665,-0.034774087,0.016402917,-0.09236101,-0.42200857,-9.4665365,0.34381280390243907,0.1834784333658537,0.2823351570731708
-0.11017146,-0.034405425,0.008748579,0.41633102,0.10679841,-9.88047,0.3437673183739838,0.17963896809756094,0.27632389788617884
-0.0907506,-0.054990433,0.016210927,0.23222353,1.0978856,-9.801908,0.3437218328455285,0.1757995028292683,0.27031263869918704
-0.060150716,-0.06067119,0.007860722,-0.3736367,-0.052693,-9.527237,0.34425757268292684,0.17645164341463404,0.27273876097560956
-0.05873668,-0.07070236,-0.012720475,0.24257262,-0.16255291,-9.554366,0.3456264022113821,0.18354175239024373,0.28725846334959315
-0.03799511,-0.079735935,-0.016857367,0.49380413,0.70420676,-9.872133,0.34699523173983743,0.1906318613658538,0.3017781657235776
-0.0046980195,-0.07916898,0.01258547,-0.1484798,0.7389719,-9.759835,0.3483640612682927,0.1977219703414635,0.3162978680975611
-0.019458432,-0.07160683,-8.919552e-05,-0.034271885,-0.27450588,-9.557378,0.349227256699187,0.20195343803252033,0.3253699360325203
-0.040250715,-0.06168664,-0.00975865,0.42326337,-0.014932917,-9.802499,0.34805048008130085,0.19465176674796758,0.31246361674796763
-0.025941787,-0.052997243,-0.00620727,0.08770522,0.8738363,-9.987788,0.3468737034634147,0.1873500954634148,0.2995572974634149
-0.060443487,-0.027590701,-0.009892833,-0.24026951,0.08434976,-9.807544,0.34569692684552844,0.1800484241788616,0.2866509781788615
-0.09482711,-0.027165392,-0.008383754,0.36364013,-0.13957779,-9.572309,0.34452015022764226,0.17274675289430885,0.27374465889430877
-0.10529143,-0.009198493,-0.0118800355,0.15104553,0.3062766,-10.028982,0.34511846980487804,0.17544943829268292,0.2844409885853659
-0.099778086,-0.0006762168,-0.000899407,-0.08704807,0.73208606,-9.855874,0.34574144349593494,0.17829107308943087,0.29546513284552833
-0.09171361,0.0064433017,0.0067517143,0.090267114,-0.09167488,-9.517945,0.34636441718699185,0.1811327078861788,0.3064892771056908
-0.080957316,0.018053863,0.0064848275,0.27404678,0.17611349,-9.714826,0.3469873908780488,0.1839743426829269,0.3175134213658539
-0.049294673,0.025093688,0.00706077,-0.021441812,0.46865988,-9.917512,0.34856429954471546,0.19029271554471555,0.3074359566504063
-0.031498056,0.029253233,0.0081801275,-0.05826422,0.2646293,-9.832762,0.35041979099186993,0.19762641899186995,0.2911960751544715
-0.016835129,0.031611856,0.008236122,0.29311743,0.22729178,-9.585737,0.3522752824390244,0.20496012243902434,0.27495619365853674
-0.00686171,0.033353664,0.0011612229,0.23366648,0.18857685,-9.641741,0.35413077388617886,0.2122938258861787,0.25871631216260194
0.014108089,0.039281566,-0.005515108,-0.010865691,0.19228366,-9.751554,0.3542798813333334,0.2102451440000003,0.257258073333333
0.045655765,0.020632753,-0.00058964844,0.11595676,0.4655166,-9.700275,0.35309717687804876,0.20087362478048765,0.26733672634146355
0.053746816,-0.001487836,0.009893303,0.19242223,0.46073687,-9.658729,0.35191447242276425,0.19150210556097555,0.27741537934959354
0.077320896,0.010014539,0.003680472,0.1338958,0.060800675,-9.610003,0.3507317679674797,0.18213058634146348,0.28749403235772353
0.08694852,-0.002997935,0.006003722,-0.033261713,-0.092512496,-9.79474,0.3508325402926829,0.17838134195121938,0.2928348085853659
0.091549955,0.007569544,0.0146494685,0.24405508,0.85083675,-9.751165,0.3533241026991869,0.1851049624390242,0.28935012806504073
0.072149016,0.0072316574,0.005564542,0.09238847,0.081668,-9.763345,0.3558156651056911,0.1918285829268294,0.2858654475447154
0.042595007,0.017068243,-0.0030698746,0.06641631,-0.314575,-9.880681,0.3583072275121951,0.1985522034146342,0.2823807670243902
0.020304443,0.023284543,0.0043699704,0.07166997,0.35191262,-9.843422,0.36008302699186995,0.20389933804878052,0.27872664422764226
0.014860692,0.030929277,0.010520803,0.18741773,0.8204898,-9.722832,0.35734952003252035,0.20057461180487812,0.27400503508943097
-0.0009151281,0.023619737,0.01499359,0.13684888,-0.10825205,-9.691306,0.3546160130731708,0.1972498855609757,0.2692834259512196
-0.0029202807,0.019087125,-0.006023633,-0.07557122,-0.08279963,-9.95767,0.35188250611382105,0.1939251593170731,0.26456181681300805
0.0076571964,0.008390644,0.0045505394,0.30599296,0.80864906,-9.731467,0.3491489991544715,0.1906004330731707,0.2598402076747967
0.0015691184,0.012319255,0.01073732,0.05379502,0.37736666,-9.677392,0.3491055987804878,0.1905259931707317,0.2589876919512195
0.0059843804,0.020777881,-0.004683917,-0.073148265,-0.36392456,-9.630042,0.34928139227642274,0.19071639141463415,0.2584504356910569
-0.010392487,0.01553808,-0.010649965,0.22388129,0.20966198,-9.880497,0.34945718577235774,0.19090678965853658,0.2579131794308943
0.007619583,0.009939314,0.012150942,0.2068816,0.90040916,-9.675197,0.3496329792682927,0.19109718790243904,0.2573759231707317
-0.0018253409,-0.0017699172,0.0056677414,0.015026246,0.15873662,-9.522179,0.3513876077560976,0.19041102003252033,0.262319488894309
0.004135228,0.007704509,-0.01886075,-0.04258512,-0.505008,-9.757352,0.35377984268292684,0.1893708543089431,0.26947646349593496
0.02745641,-0.009267409,-0.0025286146,0.46442813,0.6308428,-9.931098,0.3561720776097561,0.18833068858536586,0.27663343809756086
0.05395574,0.00041958113,0.021030955,0.063303925,0.8590093,-9.706464,0.35856431253658533,0.18729052286178866,0.2837904126991868
0.04055324,0.012024064,-0.0054133483,-0.11147395,-0.33423012,-9.674358,0.3586078217235772,0.18699782728455286,0.28954072240650414
0.03742692,0.010420228,-0.005822509,0.3301011,-0.23250553,-9.967362,0.3563026051707317,0.18745260185365856,0.2938843672195122
0.039679278,0.0147602055,0.006507104,0.30168852,0.826613,-9.919653,0.35399738861788616,0.18790737642276423,0.2982280120325203
0.015327328,0.021296427,0.0062923767,-0.21062736,0.56790006,-9.613076,0.35169217206504066,0.18836215099186993,0.3025716568455284
0.028227873,0.023432067,0.009483232,-0.008938172,-0.6055027,-9.716362,0.35077125707317064,0.18864249102439024,0.3052454622439025
0.005729533,0.032084934,-0.0036783116,0.40499845,0.33187392,-9.850616,0.3532781364227643,0.1884908979186992,0.30378442718699183
0.020055952,0.02983331,-0.0037591835,0.010630038,0.85625845,-9.808338,0.3557850157723577,0.18833930481300815,0.30232339213008125
0.008494578,0.018645495,-0.0030721163,-0.28852883,0.17717537,-9.655675,0.3582918951219512,0.18818771170731707,0.3008623570731707
-0.002774167,0.022300078,-0.018191975,0.5458106,-0.47566554,-9.618105,0.3603720882276423,0.18827571487804876,0.30031731097560965
0.010167701,-0.011454361,-0.0057552285,0.490622,0.56691843,-9.666096,0.35721567743089433,0.191304217804878,0.3110139475609754
0.009890776,-0.008618627,0.013113753,-0.37758416,0.69373447,-9.868876,0.35405926663414644,0.19433272073170724,0.3217105841463411
0.014930134,-0.010974311,0.02179351,-0.09794325,0.026987731,-9.788142,0.35090285583739833,0.19736122365853664,0.3324072207317075
0.043691866,-0.035235316,0.013461469,0.8928196,0.07346415,-9.383712,0.3477464450406504,0.20038972658536588,0.3431038573170732
0.066260405,-0.050248053,0.010648169,-0.070269436,0.417498,-9.736179,0.3462274155121951,0.19841318785365855,0.32403812200000015
0.06900671,-0.046182435,0.0011289852,-0.36597207,0.28866,-9.843164,0.3449682877723577,0.1956421980650407,0.30024820066666713
0.073854566,-0.06549832,-0.00922683,0.45314342,0.037424278,-9.591168,0.34370916003252033,0.19287120827642285,0.27645827933333406
0.07589211,-0.059491206,-0.004606245,0.59223646,0.3014539,-9.521109,0.3424500322926829,0.1901002184878048,0.25266835799999954
0.05585798,-0.06492265,-0.008995327,-0.38843027,0.3585705,-9.96884,0.3450424192682927,0.1920158660162602,0.25843777626016273
0.016893236,-0.041182023,0.00015792952,-0.0931814,0.24431463,-9.958716,0.3497024615121951,0.19644749778861786,0.28007589261788607
0.0070772106,-0.02615122,0.0009913995,0.64195263,0.30674702,-9.784089,0.35436250375609746,0.20087912956097553,0.3017140089756094
-0.010459253,-0.016131045,0.006541322,0.19140272,0.14767623,-9.817137,0.3590225459999999,0.2053107613333332,0.3233521253333327
-0.045137506,-0.008617111,0.004865697,-0.41551077,0.19826086,-9.962071,0.3594596122439023,0.2053316223739836,0.32869162497560944
-0.0424967,0.024232628,-0.0098758405,0.13899484,0.2079542,-9.953134,0.3544859904878048,0.1997011834146341,0.31314852195121934
-0.037374035,0.01771367,-0.01654502,0.6257025,0.3783882,-9.786052,0.3495123687317073,0.19407074445528458,0.2976054189268293
-0.0050456263,0.02481941,-0.00089634495,-0.18548597,0.10850919,-9.912418,0.3445387469756098,0.18844030549593505,0.28206231590243924
-0.0077438843,0.051568568,-0.006639079,-0.114117816,0.26188302,-9.845114,0.3412654209756097,0.18377966195121956,0.2709572449756097
0.0029103688,0.04900304,-0.0025204357,0.53021854,0.6900344,-9.7762165,0.3438143198373984,0.18243983300813005,0.27504907183739846
0.035578884,0.031684324,0.0053981794,0.3414456,0.2189835,-9.5173435,0.346363218699187,0.18110000406504065,0.279140898699187
0.029895905,0.021563057,0.0026013525,-0.31426516,-0.08293931,-9.790621,0.3489121175609756,0.17976017512195122,0.2832327255609756
0.049209815,0.011162516,-0.0013310822,0.11491644,0.75359136,-9.88798,0.3514457292682927,0.17853254269918692,0.28725787154471544
0.05680781,0.009649091,0.0004601778,0.5236755,0.42112258,-9.66661,0.3528786658536585,0.18538305973983724,0.2864819943089431
0.030536605,-0.007014788,-0.016177222,0.10019106,-0.3874477,-9.435119,0.35431160243902443,0.19223357678048797,0.28570611707317073
0.019217994,-0.00019849408,-0.008799426,-0.35435617,0.13837695,-9.9369335,0.3557445390243903,0.19908409382113829,0.28493023983739835
0.0054698396,0.003061298,0.0002207361,0.40578723,1.0338612,-9.928367,0.3571774756097561,0.20593461086178863,0.284154362601626
-0.013249986,0.00041305256,0.011207284,0.468837,0.15063825,-9.559322,0.35601440858536587,0.2002487415121952,0.28315218073170734
-0.024430882,-0.0050802254,0.011715041,-0.20117906,-0.5898367,-9.802288,0.3542078876747968,0.19145556271544734,0.2820939062601626
-0.040845238,-0.0108783655,0.0016713722,0.029478323,0.43193924,-9.879864,0.35240136676422756,0.18266238391869896,0.28103563178861785
-0.056927785,-0.030217588,-0.0012797575,0.50893825,0.9505222,-9.784273,0.3505948458536585,0.1738692051219511,0.27997735731707313
-0.052077234,-0.026502825,0.014212381,0.2027703,-0.26676577,-9.554607,0.350294481398374,0.17476428850406506,0.28195869621138214
-0.061867163,-0.01769612,-0.003969855,-0.1911751,-0.35482326,-9.797074,0.3510449237723577,0.18241862456910563,0.2860606955934959
-0.041523818,-0.00915909,0.010836804,0.0978408,1.0184369,-10.123049,0.35179536614634144,0.1900729606341462,0.29016269497560965
-0.04665476,-0.009093528,0.0033300412,0.32552424,0.555573,-9.664901,0.3525458085203252,0.19772729669918673,0.29426469435772346
-0.023678346,-0.016544621,-0.011401748,0.09941538,-0.7816645,-9.573869,0.35275106764227643,0.20112080691056902,0.29794840130081307
0.00022133547,-0.01405454,-0.0005688129,0.05057628,0.46731785,-9.886364,0.3520542962926829,0.19746458707317072,0.3009400243902439
0.031994525,-0.013034971,0.007324527,0.061529092,1.2290779,-9.993642,0.3513575249430894,0.19380836723577238,0.30393164747967477
0.049391966,0.003418787,-0.012221545,0.07824004,-0.28936455,-9.711522,0.35066075359349597,0.19015214739837405,0.3069232705691056
0.06721021,0.01531416,-0.0040266328,0.39625943,-0.32814887,-9.519808,0.35019686848780485,0.18774723097560966,0.3094349826341463
0.049735192,0.0060587497,0.0011847834,-0.063559905,0.9320641,-10.009531,0.3509168217886179,0.1917031069105692,0.30950714699186993
0.05845235,0.010039758,0.008514727,-0.086159095,0.72377306,-9.845954,0.3516367750894309,0.1956589828455285,0.3095793113495935
0.047775365,0.010294325,-0.0070226653,0.4159396,-0.6730989,-9.3658495,0.3523567283902439,0.1996148587804878,0.30965147570731705
0.016351039,-0.019351063,-0.0052752835,0.32756084,0.25244176,-9.788092,0.35307668169105694,0.2035707347154471,0.3097236400650406
0.019024758,-0.014063376,-0.0064480784,-0.3187687,1.0514039,-10.060424,0.35121787986991876,0.19813458858536603,0.30843221442276425
-0.011337216,-0.020869907,0.006726487,0.11719544,-0.04195151,-9.72652,0.3492292126829268,0.19222546292682915,0.3070721187804878
-0.025364613,-0.03441594,-0.004204338,0.629715,-0.21849826,-9.422993,0.34724054549593497,0.18631633726829264,0.3057120231382114
-0.035478935,-0.04730345,0.007513011,-0.13030308,0.6593392,-10.014823,0.3452518783089431,0.18040721160975612,0.304351927495935
-0.053184923,-0.035255585,-0.0046151243,-0.2598306,0.7218957,-10.076617,0.34633517365853655,0.1819180617560975,0.3045778935121951
-0.057035416,-0.027684113,-0.026023855,0.2642277,-0.34174636,-9.804329,0.34849934471544713,0.1860396441300812,0.30536191826016257
-0.05939748,-0.00634666,-0.020531544,0.5537051,0.24808955,-9.701911,0.35066351577235777,0.19016122650406514,0.3061459430081301
-0.07590578,0.015270395,-0.010068578,-0.35992107,0.5512269,-10.29034,0.35282768682926835,0.19428280887804883,0.30692996775609754
-0.066179335,0.032106064,-0.021524066,0.017401602,0.12910832,-9.914599,0.3535132976260163,0.19465950313821137,0.30034658242276424
-0.06903268,0.043790337,-0.0067853834,0.7917305,0.06880471,-9.592659,0.35287396481300815,0.19168038856910571,0.28716123221138223
-0.055144176,0.048518118,0.017180333,-0.026109612,0.32198793,-9.860426,0.35223463200000005,0.18870127400000006,0.2739758820000003
-0.034450684,0.052261055,0.0201294,-0.33369434,0.41214043,-10.0772705,0.35159529918699184,0.18572215943089423,0.26079053178861755
-0.00812532,0.0643995,0.008878373,0.16993617,0.14592347,-9.724574,0.35062513586991867,0.18404598177235773,0.25630478385365874
0.010652182,0.052801307,-0.014177515,0.035060566,0.35730377,-9.832857,0.34893577580487806,0.18520227565853659,0.27073121478048784
0.026341433,0.04090186,-0.008207105,0.7554161,0.4296164,-9.41585,0.34724641573983744,0.18635856954471544,0.28515764570731694
0.028551592,0.022211067,-0.0060588736,-0.1318353,-0.058611564,-9.657172,0.3455570556747968,0.1875148634308943,0.29958407663414605
0.041198783,0.030526785,-0.0035238941,-0.34709594,0.40966818,-9.994257,0.3442377190243903,0.18805248731707305,0.31162993243902415
0.022012118,0.016543325,-0.0017623025,0.48473743,0.7536234,-9.7975445,0.346149920195122,0.18318705986991862,0.30288543217886166
0.029003775,0.002088228,0.004677124,0.5668304,0.15853186,-9.448116,0.3480621213658537,0.17832163242276422,0.29414093191869917
0.012438668,0.013231805,-0.01615415,-0.43930316,-0.19264302,-9.771715,0.34997432253658534,0.17345620497560982,0.2853964316585367
-0.004128055,0.019041568,-0.02261549,-0.14533061,0.46026024,-10.130527,0.351886523707317,0.1685907775284554,0.2766519313983742
0.013143487,-0.0018010063,-0.030125173,0.72673124,0.76672214,-9.795243,0.3524496757723577,0.17213555951219497,0.28009563504065027
-0.00354938,0.011246877,-0.019994117,0.19023106,-0.03422601,-9.397237,0.35284679102439026,0.17671544419512203,0.28503942531707327
-0.0034533325,-0.004317069,-0.004038577,-0.5490033,-0.04351691,-9.937336,0.35324390627642277,0.1812953288780488,0.289983215593496
-0.028191436,-0.013407032,0.0065463237,0.30954626,0.6656149,-9.922723,0.3536410215284553,0.18587521356097558,0.2949270058699187
-0.008980092,-0.033487454,0.012196503,0.7177007,0.71678835,-9.504317,0.35276737278048786,0.1869288244878049,0.29310243658536594
-0.006412643,-0.0354852,0.004224394,-0.2173172,-0.42232785,-9.5330925,0.35129043203252036,0.18630834585365855,0.2880646056910571
-0.029440813,-0.042833604,-0.020980872,-0.31886658,-0.05263957,-10.102803,0.34981349128455286,0.1856878672195122,0.28302677479674787
-0.019563843,-0.042874172,-0.010006783,0.6834349,1.2489325,-9.882801,0.34833655053658535,0.18506738858536587,0.27798894390243895
-0.010374304,-0.05243612,-0.0034286706,0.2999775,0.14140052,-9.42425,0.3484848739186992,0.18569980497560976,0.2774038901138211
-0.054480694,-0.055920713,-0.0031227842,-0.49532473,-0.72121876,-9.78348,0.35049747086178856,0.18776936565853655,0.28192643359349584
-0.053404354,-0.036987014,-0.0081101265,0.03575591,0.55439544,-10.13672,0.352510067804878,0.18983892634146335,0.2864489770731706
-0.06481323,-0.03707899,0.0071651135,0.62815505,1.0727057,-9.678174,0.3545226647479675,0.19190848702439028,0.2909715205528456
-0.08046848,-0.04726664,0.0012133259,-0.08974239,-0.65987176,-9.606447,0.35564374278048777,0.1936796508292683,0.29212146108943077
-0.110355824,-0.032523468,-0.023400517,-0.19367568,-0.26119474,-9.83124,0.3541384542926829,0.1945717535609756,0.28333589565853656
-0.08939451,-0.025319861,0.00012653055,0.42881334,1.3248618,-9.985269,0.352633165804878,0.19546385629268292,0.2745503302276424
-0.0715435,-0.02395344,-0.0015096753,0.28193778,0.3074936,-9.714996,0.3511278773170732,0.19635595902439024,0.26576476479674815
-0.06489022,0.0002738455,-0.005045597,-0.22784014,-0.9456622,-9.680197,0.3497167347804878,0.19708606360975603,0.25769978492682943
-0.056866728,0.016253317,-0.011051164,0.13718028,0.644446,-9.978023,0.35050233110569107,0.19403621144715444,0.26644846814634154
-0.023436433,0.021608999,0.0015181439,0.33680296,1.2621773,-10.083133,0.3512879274308943,0.19098635928455285,0.27519715136585365
0.0076320344,0.016145831,0.004382215,0.012693198,-0.4254147,-9.602726,0.3520735237560975,0.18793650712195126,0.2839458345853657
0.00080375763,0.025632503,-0.010212332,0.006858679,-0.48148522,-9.775678,0.35285912008130077,0.18488665495934967,0.2926945178048778
0.01431497,0.035957485,-0.01887988,0.15497282,1.0833815,-10.293583,0.3543196386666667,0.18678971252032528,0.29214294821138204
0.039195534,0.0423621,-0.0057463166,0.16684826,0.6518034,-9.779243,0.355919604,0.18971609853658541,0.28966983878048774
0.026098015,0.03773462,-0.021425102,0.012379326,-0.7047191,-9.430844,0.35751956933333334,0.19264248455284552,0.28719672934959345
0.02519707,0.048267268,-0.0063842107,0.21611184,0.32125008,-9.862611,0.3591195346666667,0.19556887056910566,0.2847236199186992
0.04925888,0.017284915,0.008568575,0.17016867,1.1624962,-10.013035,0.35928973951219517,0.19646963170731707,0.2837740363414634
0.078150325,0.009158256,0.0060358453,0.057196494,0.14996536,-9.376861,0.3585703156097561,0.19611000403252032,0.2837724244065041
0.07140071,-0.017249923,-0.010898611,0.15625852,-0.3117621,-9.572697,0.3578508917073171,0.19575037635772358,0.28377081247154473
0.0836995,-0.019666977,-0.009181754,0.21787441,0.5808059,-9.978601,0.35713146780487803,0.19539074868292683,0.2837692005365854
0.114305474,-0.043647945,0.006125502,0.1124367,0.96267027,-9.7362995,0.3554906538536586,0.19329855195121956,0.28686641538211377
0.108062655,-0.05775169,0.008533226,-0.017451137,-0.011414552,-9.517485,0.35249118000000007,0.18865155000000008,0.2945330866666665
0.0868186,-0.055960126,0.003109639,0.32379925,0.045094077,-9.700972,0.34949170614634156,0.18400454804878064,0.3021997579512193
0.07123359,-0.04741573,0.0065669925,0.21238852,0.7124923,-9.878978,0.3464922322926829,0.1793575460975609,0.30986642923577246
0.04616037,-0.045042407,0.008516631,-0.06793961,0.4440543,-9.826892,0.34429797697560977,0.1758039400487805,0.3145470548617886
0.016877908,-0.03398747,-0.005447266,0.098137066,-0.092637494,-9.738014,0.3454971426341463,0.17685821673170732,0.30664363092682934
-0.03322551,-0.021581087,-0.013512677,0.33715287,0.13473709,-9.854439,0.3466963082926829,0.17791249341463414,0.29874020699187004
-0.03323161,-0.011096274,-0.013803062,-0.03655521,0.81120676,-10.052005,0.34789547395121945,0.17896677009756093,0.2908367830569108
-0.03401411,-0.009992561,-0.004296053,-0.036977068,0.2683841,-9.795717,0.3490946396097561,0.18002104678048783,0.2829333591219511
-0.060621284,0.009851048,-0.013138085,0.3916655,0.014329049,-9.615634,0.35058473237398374,0.1820110154796748,0.2901985009105692
-0.057941973,-0.0036427162,-0.0103955995,-0.032409634,0.39370105,-9.92862,0.352080928504065,0.1840206140813008,0.2977818643577236
-0.039039545,0.018390922,-0.0082862945,-0.08981989,0.48436683,-9.984827,0.3535771246341463,0.1860302126829268,0.30536522780487796
-0.047716662,0.013116437,-0.010034388,0.3049155,0.3587897,-9.639569,0.3550733207642276,0.1880398112845528,0.31294859125203234
-0.045760952,0.012178701,0.0012388601,0.38755152,0.03973068,-9.584574,0.35507182739837395,0.1893896206178862,0.3049368434146339
-0.061874263,0.011658463,0.00074408465,-0.18023717,0.41820475,-9.907087,0.3546156782926829,0.1905391367804878,0.2921908653658536
-0.04248841,0.0054284967,0.008007495,0.06625132,0.30106503,-9.733592,0.35415952918699184,0.19168865294308943,0.27944488731707323
-0.055300727,-0.019158822,0.00015488535,0.49525478,0.3446337,-9.485478,0.3537033800813008,0.19283816910569104,0.26669890926829287
-0.057701748,-0.021273632,-0.010653041,-0.06045265,0.013286239,-9.756555,0.3529255516585366,0.19159140892682935,0.2641877882926828
-0.061034765,-0.017467914,-0.009899211,-0.003643066,0.1915289,-9.888291,0.35188958551219507,0.18842171094308935,0.2698898242276424
-0.05810382,-0.026321983,-0.0073977984,0.30994186,0.49574235,-9.699529,0.35085361936585363,0.18525201295934957,0.27559186016260173
-0.073633894,-0.0073681828,-0.006005501,0.23820162,0.26446956,-9.623176,0.3498176532195122,0.18208231497560975,0.281293896097561
-0.07410851,-0.012916885,0.001625429,-0.17031014,-0.07223513,-9.900394,0.3494558382926829,0.18157020886178857,0.28655012796747964
-0.07490674,-0.004288666,0.003038758,0.069301836,0.034407366,-9.844976,0.35038839370731706,0.18616067913821127,0.29095041603252025
-0.056002364,0.0038461061,-0.0021455148,0.38373616,0.75919527,-9.626944,0.3513209491219512,0.19075114941463425,0.2953507040975611
-0.056282394,0.01214069,-0.0075575626,-0.0031481865,0.051905632,-9.73,0.3522535045365854,0.19534161969105698,0.2997509921626017
-0.054179896,0.01503618,-0.01331967,-0.09988566,-0.18062246,-9.891838,0.3528982260162602,0.19821791367479674,0.3032302507479675
-0.035572782,0.020085106,-0.01921311,0.2926913,0.74948794,-9.851765,0.3516190048780488,0.18963629243902447,0.30055315439024394
-0.012061497,0.00423197,0.017688053,0.27172703,0.6242998,-9.475861,0.35033978373983743,0.18105467120325222,0.2978760580325204
-0.036683258,0.012108808,0.000980117,-0.1754284,-0.4338469,-9.709914,0.34906056260162605,0.17247304996747997,0.2951989616747968
-0.030675353,0.010743529,-0.006111553,0.10919263,-0.023225881,-9.887302,0.3477813414634146,0.1638914287317072,0.29252186531707314
-0.014942612,-0.0017542486,0.014670741,0.36697787,0.85667926,-9.744489,0.35047539463414634,0.17608136756097567,0.2913779272357723
-0.030757563,0.0023146411,0.005608303,0.07599247,0.22270049,-9.556705,0.35352526341463414,0.19013144609756086,0.2903712869105691
-0.03437181,0.0064783646,-0.010379179,-0.093948126,-0.6548384,-9.610682,0.3565751321951219,0.20418152463414607,0.28936464658536587
-0.032275435,0.0068875994,-0.01568417,0.3344994,0.53606015,-9.857863,0.3596250009756097,0.21823160317073126,0.2883580062601626
-0.005787874,0.0063844454,9.1281276e-05,0.12080752,0.82620543,-9.868396,0.3593122212195122,0.2166362530243901,0.2956995109105693
-0.008139471,0.0020331715,0.0131680835,-0.076110095,-0.041126497,-9.376648,0.3575956173170732,0.20850931614634144,0.3065261634634147
0.009028454,0.014317021,0.0048728827,0.07310599,-0.07444742,-9.757741,0.3558790134146341,0.20038237926829275,0.3173528160162601
0.050935946,0.011680389,0.014791948,0.46454895,0.7071589,-10.024899,0.35416240951219513,0.19225544239024406,0.3281794685691055
0.07347502,0.021488251,0.02831639,-0.088510044,0.651714,-9.697954,0.35236737243902444,0.18929956658536579,0.32864022375609786
0.079117745,0.02446914,0.019956172,-0.16882247,-0.26812503,-9.536814,0.35049172349593494,0.19165839243902444,0.31844713998373964
0.09616169,0.02233814,-0.005713203,0.43148762,-0.05259322,-9.738903,0.3486160745528455,0.19401721829268295,0.308254056211382
0.09712422,0.0035826096,0.0008604158,0.1829458,0.6422274,-9.961761,0.3467404256097561,0.19637604414634147,0.2980609724390244
0.10077941,0.010120721,0.006855012,-0.32042378,0.45570257,-9.676882,0.3458271906666667,0.19731307400000006,0.28823684133333344
0.09844632,0.009227581,-0.011614441,0.21061917,-0.10250731,-9.519617,0.347378674504065,0.19460891897560983,0.2793575890081303
0.09606507,-0.024231926,-0.009035467,0.6782924,0.31789994,-9.799443,0.34893015834146346,0.19190476395121944,0.27047833668292665
0.10365734,-0.03442379,0.008920818,-0.077540375,0.63707906,-9.643612,0.3504816421788618,0.18920060892682924,0.2615990843577235
0.06662988,-0.04486011,0.0063421708,-0.31315687,0.1415479,-9.711058,0.35172623414634147,0.18679443357723577,0.2544899066666666
0.054950677,-0.0513049,0.00497002,0.63241714,-0.060254358,-9.636719,0.34879709668292685,0.18844078180487803,0.2714537439999998
0.042696208,-0.062437456,0.011505126,0.38785458,0.29838642,-9.753542,0.34586795921951224,0.19008713003252029,0.2884175813333329
0.03474901,-0.045803852,0.009327424,-0.4005377,0.45989963,-9.842685,0.34293882175609747,0.19173347826016265,0.30538141866666707
0.0045350464,-0.022490008,0.0013735079,-0.0009843815,-0.08541362,-9.8503065,0.34000968429268286,0.1933798264878049,0.3223452560000002
-0.009979136,-0.0064602923,-0.006529006,0.7367936,0.21271558,-9.8045025,0.3426692907317073,0.19432017065040652,0.30460006894308944
0.0062570865,-0.0018295217,-0.00044514277,0.05359638,0.42030978,-9.756199,0.3462678061463414,0.1951419061300813,0.2810237657886182
-0.004999843,0.0023765555,0.001026272,-0.43892974,0.2882144,-9.966926,0.3498663215609755,0.19596364160975607,0.2574474626341469
-0.005580978,0.024736827,0.013101826,0.53577876,0.3625373,-9.614549,0.3534648369756099,0.19678537708943092,0.2338711594796742
0.00078794255,0.009338359,0.023486294,0.3829201,0.28803602,-9.703276,0.35555795691056913,0.19828099321951223,0.2408953259186995
-0.023811478,0.016792666,0.017823113,-0.33413175,-0.06361071,-9.869416,0.3568183048780488,0.2001493943902439,0.2648474117073171
-0.027575403,0.027946498,0.003995196,-0.03641391,0.32815248,-9.87117,0.3580786528455284,0.2020177955609756,0.2887994974959347
-0.034685306,0.032916673,-0.008643175,0.5096223,0.26435038,-9.684329,0.35933900081300807,0.20388619673170727,0.3127515832845523
-0.02723206,0.041683,-0.01003808,0.05783877,-0.091999084,-9.642455,0.3588467215609757,0.20428815151219518,0.3204650646341468
-0.027006408,0.052774414,-0.0056711216,-0.30238187,-0.04953841,-9.911972,0.3560454254959349,0.20275812136585364,0.30678482902439
-0.016252967,0.056330618,-0.0058172126,0.4022621,1.0785986,-9.840011,0.3532441294308943,0.20122809121951218,0.2931045934146341
-0.0043756263,0.06009916,0.02264459,0.29173332,0.28257152,-9.676701,0.3504428333658537,0.19969806107317076,0.2794243578048782
-0.0006279841,0.056338545,0.018188223,0.07536289,-0.50855964,-9.448892,0.34806645983739837,0.19832485954471546,0.2698049960813007
0.020368244,0.04080981,-0.006368623,0.060337726,0.20466325,-9.719871,0.34720387284552845,0.1975103599674797,0.2746524975772356
0.03040195,0.010219165,-0.007028576,0.078763925,1.1312507,-9.907213,0.3463412858536585,0.1966958603902439,0.2794999990731708
0.029521108,0.012821809,0.0017620715,0.28513533,0.010846654,-9.541068,0.3454786988617886,0.19588136081300814,0.28434750056910574
0.027583776,-0.0012836907,-0.0060182987,0.19009617,-0.65436256,-9.525474,0.34463576065040646,0.19510274661788615,0.2891869326178862
0.011028257,-0.020709952,0.009019314,0.007940539,0.719997,-9.860792,0.34664189560975606,0.19952751282926823,0.2928562948292682
0.01338192,-0.007837418,0.010773185,0.070272475,1.0457171,-10.014652,0.3486480305691056,0.20395227904065028,0.2965256570406503
0.004835937,-0.0066161295,0.010428584,0.24334748,-0.6182357,-9.666768,0.3506541655284553,0.2083770452520326,0.30019501925203257
0.0026739608,-0.008785149,-0.010194215,0.21542458,-0.16614257,-9.50519,0.3526603004878049,0.21280181146341468,0.30386438146341466
-0.0033411032,0.010112025,-0.0024259514,-0.1845017,0.930347,-10.261329,0.35350454172357726,0.20712801377235776,0.30505763973983735
-0.012546629,0.015538024,-0.008770913,0.19440576,0.51330477,-9.71759,0.35404829320325204,0.19884251852032533,0.30561052630894303
-0.0097517045,0.008773406,-0.0010656245,0.2776103,-0.61554456,-9.595496,0.3545920446829268,0.1905570232682929,0.30616341287804877
-0.035611045,0.00049989444,0.0035517698,0.15671843,0.34179407,-9.828991,0.35513579616260166,0.18227152801626,0.30671629944715445
-0.011738823,0.008767816,0.01691996,-0.16926695,0.7778963,-10.189364,0.3546233196747967,0.18144540195121955,0.306062047804878
-0.002747167,-0.0016291995,0.0030931865,0.3326483,-0.0630059,-9.495106,0.35335284429268293,0.18597247024390243,0.3045414969756097
0.01993766,0.0016691472,-0.018704545,0.40969533,-0.09017532,-9.582781,0.35208236891056915,0.1904995385365853,0.3030209461463415
0.02657489,-0.010067542,-0.011693472,-0.08509354,0.16097936,-9.8821945,0.3508118935284553,0.19502660682926817,0.30150039531707323
0.045553856,-0.018186867,-0.008071157,-0.18737671,0.6100951,-9.903453,0.3499209283902439,0.19641096292682916,0.29738704107317054
0.042925395,-0.016663285,-0.00473015,0.2838333,0.089225486,-9.637638,0.3496765362601626,0.19244106861788612,0.2888563180487804
0.030782819,-0.04195603,0.0035252604,0.4227295,0.0214446,-9.611158,0.3494321441300813,0.18847117430894308,0.28032559502439025
0.0059166183,-0.03784934,-0.0018399495,-0.3429277,0.20355023,-9.936524,0.34918775199999996,0.18450128000000005,0.2717948720000001
0.02268775,-0.022256542,0.005690031,-0.028166678,0.43003064,-10.036476,0.3491341009268292,0.18169608250406494,0.26600603731707295
0.0025006193,-0.013779157,-0.004864697,0.59559,0.23666862,-9.5143,0.35010049985365854,0.18511948100813017,0.27488034463414657
-0.0047801416,-0.026905881,0.0005284488,0.11271431,0.031427987,-9.636484,0.3510668987804878,0.18854287951219517,0.2837546519512196
-0.012746366,-0.0015889304,-0.011123445,-0.41332254,0.15537505,-10.070092,0.35203329770731706,0.19196627801626018,0.2926289592682927
0.012397984,-0.012658027,-0.016509667,0.44357443,0.69709474,-9.897408,0.3529996966341464,0.19538967652032518,0.30150326658536575
0.020246128,-0.016903464,-0.0007661399,0.53746676,0.11882419,-9.527235,0.35054154141463423,0.19632703307317073,0.30712415097560963
0.002119935,-0.0063449848,-0.020918146,-0.22606568,-0.15162618,-9.609928,0.34788486131707325,0.1971202712520325,0.3125564311382112
0.00040358308,-0.011236434,-0.015821774,-0.16298406,0.040707972,-10.291892,0.34522818121951215,0.19791350943089434,0.3179887113008131
0.021508634,-0.005301028,-0.019334298,0.7112055,1.003499,-9.764587,0.34257150112195117,0.1987067476097561,0.3234209914634147
0.041000567,-0.0064345542,-0.00036576338,0.22365664,-0.020436188,-9.306127,0.3435379053983739,0.19585156416260166,0.3199213274471545
0.04121258,-0.012950547,-0.010497616,-0.42391104,-0.22152671,-9.779851,0.3458248731382113,0.19166658217886187,0.3131660949918701
0.024977516,-0.013870924,-0.017356716,0.25013134,0.48507312,-9.932449,0.3481118408780487,0.18748160019512208,0.3064108625365856
0.05087237,-0.019777255,0.0014082644,0.6916713,1.1544226,-9.590107,0.35039880861788625,0.18329661821138205,0.2996556300813007
0.031279374,-0.03405676,-0.007683014,-0.28852618,-0.35895723,-9.493898,0.3522268772357724,0.18367605411382115,0.2941171032520325
0.0060103745,-0.038506694,-0.016618274,-0.24011782,-0.34135878,-9.959701,0.3536322756097561,0.1882595591219512,0.28969922634146344
0.0049234875,-0.035206933,0.00028266656,0.54651713,1.0439986,-10.143733,0.3550376739837398,0.19284306413008123,0.2852813494308944
-0.0015950362,-0.03359973,0.010928856,0.28361794,0.5354646,-9.417354,0.35644307235772354,0.19742656913821124,0.28086347252032534
-0.040722102,-0.031247256,-0.0021780345,-0.47229046,-1.0733838,-9.603358,0.35660350585365846,0.20026913975609756,0.2804128702439026
-0.032245234,-0.013475263,-0.016248928,0.15795177,0.29504687,-10.204699,0.35396968484552843,0.19920427985365854,0.28886659547967486
-0.032121725,-0.015344973,-0.006671728,0.46161026,1.3121803,-10.00178,0.3513358638373984,0.19813941995121953,0.2973203207154471
-0.037058007,-0.006263262,-0.009007029,-0.08496192,-0.3645354,-9.422854,0.3487020428292683,0.19707456004878052,0.3057740459512194
-0.056395434,0.0056044706,-0.021162653,-0.062388573,-0.61779314,-9.810035,0.3464019189918699,0.19614224463414634,0.3127443946991872
-0.045158822,-0.00039852542,-0.006903039,0.40321928,1.4110006,-10.248972,0.34724808276422764,0.19645963439024391,0.3057286222764226
2.682628e-05,0.003751209,0.011228933,0.3042666,0.692959,-9.618037,0.3480942465365854,0.19677702414634146,0.2987128498536585
-0.026109193,0.0133224325,0.0018190012,-0.20680512,-0.85126597,-9.643937,0.34894041030894307,0.19709441390243904,0.29169707743089435
-0.031515278,0.030543325,-0.012353444,0.22866747,0.3048895,-9.89901,0.3497865740813008,0.19741180365853658,0.2846813050081302
-0.027060859,0.014363479,0.0038283956,0.2893922,1.3506693,-10.113081,0.3519387590243902,0.19716217234146344,0.28225382556097567
-0.018428111,0.019602196,0.015836803,0.09629221,-0.09446334,-9.565472,0.3542630552845529,0.19683781731707317,0.28043100487804873
-0.05785949,0.0263579,-0.019496841,0.044731155,-0.61080915,-9.510927,0.3565873515447155,0.19651346229268293,0.27860818419512196
-0.05438429,0.021324685,-0.013401594,0.14019416,0.8808954,-10.109586,0.35891164780487805,0.1961891072682927,0.2767853635121951
-0.036571357,0.029737324,0.0006970105,0.10641247,0.89144003,-9.973306,0.35726515138211384,0.19619369601626016,0.2766894844878049
-0.052936878,0.028282879,0.0017138119,0.04016435,-0.510695,-9.310173,0.35367377691056917,0.19635940008130082,0.2774394544390244
-0.055605747,0.020358581,-0.0044776406,0.21255569,0.089739405,-9.646455,0.3500824024390243,0.19652510414634147,0.2781894243902439
-0.069487125,0.037471443,0.007986268,0.12380661,0.9565314,-10.346307,0.3464910279674796,0.19669080821138213,0.2789393943414634
-0.063775584,0.032164656,0.0015113879,0.13967854,0.19129516,-9.51987,0.34526712845528457,0.1948599634796748,0.27624769739837396
-0.07964412,0.047167215,-0.015744954,0.16599034,-0.46036568,-9.5709095,0.3468347292682927,0.19067497912195128,0.26949791560975617
-0.07311056,0.05559541,-0.02114715,0.18531924,0.17515579,-9.945061,0.3484023300813008,0.18648999476422773,0.2627481338211384
-0.059487596,0.051491838,-0.034022015,0.06813714,0.7625075,-9.963014,0.3499699308943089,0.1823050104065042,0.2559983520325205
-0.045073543,0.03737061,-0.011521202,0.12121374,0.19225104,-9.571169,0.35165964897560975,0.17949704887804882,0.25366587443902455
-0.019166507,0.028735477,0.007415846,0.27646035,0.24617307,-9.644129,0.35372250315447157,0.18089665710569108,0.26483071521951224
-0.007030501,0.003068701,0.00332253,0.050176553,0.12533064,-9.821981,0.35578535733333333,0.18229626533333332,0.2759955559999999
0.008638514,0.0076751993,-0.016972167,-0.032658014,0.36088243,-9.89294,0.3578482115121951,0.18369587356097558,0.2871603967804876
0.017634567,-0.019113349,-0.022331104,0.1569743,0.34362993,-9.615994,0.3598404318699187,0.18512760349593488,0.29794445056910573
0.012841295,-0.030016605,-0.032188993,0.3504836,0.04047645,-9.615729,0.3598407784715447,0.1874651655772358,0.2979903111869919
0.023294173,-0.05157806,-0.022509461,0.04062864,0.30123118,-9.759511,0.35984112507317073,0.1898027276585366,0.29803617180487807
0.026647786,-0.05371311,-0.007795332,-0.10053987,0.3730813,-9.812119,0.35984147167479674,0.19214028973983738,0.2980820324227642
0.013935197,-0.065501995,0.0054144966,0.3781094,0.47799733,-9.658406,0.35984181827642275,0.19447785182113816,0.2981278930406504
0.0074383314,-0.056989875,-0.002609601,0.049720507,-0.069175355,-9.745722,0.35792529853658545,0.19103706268292697,0.2988141497560975
0.0076529607,-0.052121278,-0.020133246,-0.12978783,0.11918124,-9.982308,0.3555934577560975,0.1863442974471544,0.2996391589593496
-0.003315623,-0.025916422,-0.023148986,0.22327459,0.48676574,-9.831037,0.35326161697560987,0.18165153221138236,0.3004641681626016
-0.008547772,-0.021302912,-0.0117762415,0.2676191,0.18996061,-9.539989,0.35092977619512195,0.17695876697560978,0.30128917736585364
-0.020383537,-0.0052720816,-0.023425043,-0.20257485,-0.0984764,-9.913951,0.3506710160325204,0.17832260658536608,0.3007917854959349
-0.016196366,0.014264783,-0.0015176648,0.069983825,0.39774033,-10.040334,0.3517399591869918,0.1835653953658535,0.299447462601626
-0.0099150045,0.026584454,0.0121034365,0.398545,0.63460034,-9.623865,0.35280890234146345,0.18880818414634157,0.29810313970731706
-0.023655187,0.05554892,0.01323786,-0.11139443,-0.12620996,-9.719272,0.3538778454959349,0.194050972926829,0.2967588168130082
-0.041426357,0.08111691,0.0026777652,-0.05956174,-0.30064014,-10.117995,0.3546070463414634,0.19681881305691057,0.29772675209756094
-0.024427777,0.073752254,0.005731807,0.5479433,0.74351764,-9.833802,0.35482077609756096,0.1958315586829268,0.30220294117073193
0.006208073,0.06945453,0.00017073193,0.12847023,0.45191035,-9.547298,0.35503450585365853,0.19484430430894312,0.3066791302439023
-0.00043713828,0.062191095,-0.019983346,-0.24631706,-0.4753844,-9.58904,0.3552482356097561,0.19385704993495934,0.3111553193170733
0.048601296,0.047752116,-0.0073020756,0.36712715,0.21147631,-9.897999,0.3552195080000001,0.19402584117073146,0.3143586186341465
0.06030742,0.03620542,0.002421715,0.21154113,0.9241063,-9.753906,0.354122172,0.1992897963902439,0.3119517742113821
0.069071546,0.027624052,0.0071701133,-0.06573637,0.3210152,-9.413737,0.35302483599999995,0.20455375160975636,0.30954492978861775
0.05419807,-0.008280406,-0.014796788,0.12365879,-0.73836446,-9.739058,0.3519275,0.20981770682926817,0.3071380853658537
0.031563725,-0.018810827,-0.01134594,0.52813613,0.59476906,-9.8425255,0.350830164,0.21508166204878063,0.30473124094308934
0.01832709,-0.020159053,-0.0033707093,-0.13807614,0.8126106,-9.692712,0.35131742793495935,0.20982155626016286,0.303680568097561
0.0074324626,-0.018999178,-0.012977755,-0.16562027,-0.25952303,-9.686319,0.35184932848780487,0.20426499804878048,0.30266809726829264
-0.0046590697,-0.006551518,-0.01393749,0.43469808,-0.2592999,-9.698967,0.35238122904065045,0.1987084398373981,0.3016556264390243
-0.023012318,-0.0010480923,-0.0029969902,0.20260258,0.98612654,-9.861766,0.35291312959349597,0.19315188162601638,0.30064315560975613
0.00280001,0.0055284677,0.021348342,-0.2905597,0.47990325,-9.898093,0.35085747034146336,0.19426982560975617,0.3010120752682927
-0.010489291,0.019026525,0.025576694,0.13008365,-0.48078328,-9.816754,0.3479859138536587,0.19749234235772342,0.301816568504065
0.032010794,0.033596493,-0.0068242815,0.42487258,0.23030707,-9.649939,0.34511435736585366,0.20071485910569106,0.30262106173983744
0.07367901,0.024543153,-0.008375128,-0.22426264,0.729361,-9.915705,0.34224280087804865,0.2039373758536587,0.3034255549756098
0.084652476,0.009364196,-0.01648615,-0.21574488,0.36976007,-9.739119,0.34220222195121947,0.2024982262601627,0.30066728788617897
0.08029889,-0.0062667425,-0.0065660365,0.631187,0.18797493,-9.40284,0.34449719951219515,0.1972132019349592,0.2949697435284551
0.07713668,-0.033333693,0.0030598992,0.26361188,0.19655511,-9.686804,0.3467921770731706,0.19192817760975633,0.289272199170732
0.0585358,-0.03830278,0.003935992,-0.30896485,0.4983535,-9.9449835,0.34908715463414636,0.18664315328455283,0.28357465481300814
0.025727348,-0.027747868,-0.008661863,0.039428458,0.18331781,-9.796112,0.35100336856910574,0.1837199289593497,0.2836617484878055
-0.006270989,-0.024759967,-0.013120309,0.6954255,0.05582442,-9.547778,0.3521697851219512,0.18547210463414632,0.2952000643902437
-0.010490286,-0.044694684,-0.01928585,-0.08061603,0.10926042,-9.770496,0.3533362016747968,0.18722428030894314,0.3067383802926833
-0.031456795,-0.019497905,-0.002892251,-0.33503222,0.54021174,-10.048057,0.35450261822764223,0.18897645598373977,0.31827669619512144
-0.027676582,-0.022774417,-0.005129497,0.48388466,0.33719575,-9.798147,0.3553591072682927,0.1904522040487805,0.32695099170731695
-0.034244057,-0.015124437,0.00032678878,0.58950293,0.11101078,-9.542559,0.35401166733333345,0.1899622446666667,0.3152589200000007
-0.054092,-0.011768868,-0.0013731511,-0.27404225,0.10002587,-9.76799,0.352664227398374,0.18947228528455284,0.3035668482926831
-0.062638104,-0.0003906241,0.005815037,-0.22527681,0.43421444,-9.977678,0.3513167874634146,0.18898232590243902,0.2918747765853654
-0.042014696,-0.0011333035,-0.004335344,0.80800986,0.49074456,-9.717004,0.3499693475284553,0.18849236652032522,0.2801827048780492
-0.043689303,-0.01153623,-0.0022648731,0.09573214,-0.113794565,-9.690386,0.3493984675609756,0.1862132695121951,0.2845088850081301
-0.040275756,-0.004764892,-0.0127800135,-0.40534422,0.18712963,-9.855968,0.34890349195121956,0.18375929439024405,0.2904007589268289
0.0020335477,0.013381714,-0.010596015,0.25177294,0.7973724,-10.000784,0.3484085163414634,0.18130531926829271,0.29629263284552837
0.015162238,0.0015796783,-0.0010396338,0.76211977,0.17790288,-9.5090885,0.34791354073170727,0.17885134414634138,0.3021845067642278
0.013859576,0.00034127312,-0.0053958427,-0.33859187,-0.34890395,-9.654449,0.34900712473170725,0.18204305741463395,0.30214274214634157
0.0107092345,0.026918849,-0.013605838,-0.14740068,0.3064726,-10.093479,0.3507859697398374,0.1876701656747968,0.29954136874796744
0.0044012163,0.0042906906,-0.013524752,0.66930276,0.9316903,-9.888689,0.35256481474796736,0.19329727393495902,0.29693999534959364
-0.008917653,0.00018295101,-0.0050779334,0.23894529,-0.08534337,-9.398239,0.3543436597560975,0.1989243821951219,0.2943386219512195
-0.044609316,0.00031755478,-0.015785573,-0.54757136,-0.36851808,-9.90392,0.3541425329593495,0.19860874196747944,0.2959221317073173
-0.051908333,0.020406654,0.001966948,0.3297812,0.8664563,-10.130324,0.35184988665040656,0.19201555052032543,0.30192629268292664
-0.042230256,0.016639901,-0.0026181873,0.56577003,0.80702156,-9.639924,0.34955724034146335,0.18542235907317065,0.30793045365853666
-0.049391422,0.019001206,0.0036803803,-0.15783463,-0.7154953,-9.543248,0.3472645940325204,0.17882916762601664,0.313934614634146
-0.05611918,0.017206214,0.0010649861,-0.16949655,-0.14440346,-9.997178,0.3462725519512195,0.17541787406504059,0.3159993453658538
-0.081703655,0.01934067,-0.012491536,0.42659712,0.81711555,-9.8673,0.3487271110731708,0.1804386099024392,0.3076245859512192
-0.075423025,0.017130386,0.015347672,0.31123987,0.33129534,-9.505969,0.35118167019512186,0.18545934573983724,0.2992498265365856
-0.08805345,0.015657986,0.0007512776,-0.27257144,-0.90344685,-9.474953,0.35363622931707317,0.19048008157723584,0.29087506712195105
-0.11161144,0.005324867,-0.0067106546,0.17317052,0.47822517,-9.982447,0.35588345273170735,0.195126336195122,0.28293808643902446
-0.08407381,0.002275951,0.009407029,0.42434585,1.305701,-9.898394,0.35497456593495935,0.19407215447154472,0.2816650708943089
-0.075845696,0.0136436755,0.011665718,-0.023311738,-0.34905612,-9.538416,0.3540656791382113,0.19301797274796742,0.28039205534959344
-0.09596106,0.01525495,-0.018396338,0.009375567,-0.6920131,-9.713059,0.3531567923414634,0.19196379102439026,0.27911903980487807
-0.028356344,0.018287865,-0.007058349,0.40530294,0.92713106,-10.071322,0.3522479055447154,0.190909609300813,0.2778460242601626
-0.0045717037,0.009322876,0.012586746,0.06654185,0.8210771,-9.84687,0.35019344827642285,0.1904212768780488,0.28667631095934903
0.012370082,0.010677463,0.012738837,-0.11403239,-0.5014725,-9.374694,0.34793574463414634,0.19003333707317074,0.2972991190243902
0.03792666,0.014199547,0.009992103,0.40329784,0.07369287,-9.8319645,0.34567804099186983,0.18964539726829266,0.30792192708943134
0.08416421,0.020040432,0.005052948,0.1467363,0.9940497,-10.161918,0.34342033734959354,0.18925745746341466,0.31854473515447124
0.10925449,0.022140795,0.008202398,-0.22897598,0.06399418,-9.693605,0.3441634790731708,0.18693147629268286,0.31696074126829255
0.101830296,0.03882471,-0.0071246345,0.29861435,-0.15816815,-9.4426775,0.34661677998373974,0.18350101993495954,0.30842018282926875
0.11119243,0.03841303,0.0022029234,0.4375561,0.43399832,-9.778217,0.34907008089430897,0.18007056357723578,0.29987962439024396
0.14380458,0.04852643,0.09584255,-0.18407248,1.3313102,-9.860179,0.3515233818048782,0.17664010721951204,0.2913390659512191
0.19113906,0.10220222,0.2378097,0.104464725,0.43483981,-9.42541,0.35386714534959346,0.17607678894308934,0.2885084756422763
0.33974436,0.18424103,0.33997107,0.4013238,0.60519415,-9.37363,0.35606250343089435,0.17939798032520332,0.293413971186992
0.48696855,0.2991282,0.35572743,0.07396215,0.36309618,-9.454576,0.358257861512195,0.18271917170731689,0.29831946673170706
0.6821023,0.4122156,0.29515424,-0.416903,-0.14384024,-9.564355,0.3604532195934959,0.18604036308943087,0.30322496227642276
0.8637066,0.56576014,0.20946307,-0.014352919,0.124753274,-9.2946005,0.3620269606341463,0.18969470416260184,0.30672847551219506
1.0517046,0.7037718,0.17500791,-0.014010164,0.41339487,-8.865686,0.3612947029756098,0.19458492312195108,0.3050310866341464
1.1953192,0.8265916,0.15456425,-0.17034672,-0.22246684,-8.758008,0.36056244531707315,0.19947514208130093,0.30333369775609753
1.3395591,0.9433625,0.1968539,0.012645894,0.5792338,-8.785516,0.35983018765853664,0.20436536104065017,0.3016363088780489
1.4021941,1.0364479,0.23704512,0.2634819,0.78198993,-8.371475,0.35909793,0.20925558,0.29993892
