timestamp,roll,pitch,yaw,thrust_body[0],thrust_body[1],thrust_body[2]
27441513,-0.20852691,0.074796125,-0.0003880728,0.0,0.0,-0.001
27450518,-0.20827419,0.07490157,-0.0003884791,0.0,0.0,-0.001
27461049,-0.20843634,0.07484268,-0.00037399118,0.0,0.0,-0.001
27485096,-0.20838304,0.07493676,-0.00041956748,0.0,0.0,-0.001
27504637,-0.20883146,0.07540294,-0.0004175308,0.0,0.0,-0.001
27528600,-0.20879224,0.07505726,-0.00045604925,0.0,0.0,-0.001
27549680,-0.20884027,0.075046435,-0.00045436918,0.0,0.0,-0.001
27564701,-0.20886382,0.07518654,-0.00041997328,0.0,0.0,-0.001
27584177,-0.20877187,0.074597076,-0.00039616448,0.0,0.0,-0.001
27608187,-0.20851381,0.07504779,-0.00048575812,0.0,0.0,-0.001
27624779,-0.208645,0.07453395,-2.584705e-05,0.0,0.0,-0.001
27644228,-0.20913242,0.07487002,0.00050454953,0.0,0.0,-0.001
27662295,-0.20879206,0.07504393,-8.8727924e-05,0.0,0.0,-0.001
27687781,-0.20784299,0.0738684,-0.0006322305,0.0,0.0,-0.001
27707354,-0.2072444,0.07314016,-0.0007715198,0.0,0.0,-0.001
27726846,-0.20760565,0.07233667,-0.0006159658,0.0,0.0,-0.001
27741832,-0.20776929,0.072406955,-0.00024815337,0.0,0.0,-0.001
27765885,-0.20648198,0.073313944,-0.00050150196,0.0,0.0,-0.001
27786882,-0.20637451,0.073477775,-0.00036961588,0.0,0.0,-0.001
27801903,-0.2064404,0.073511764,-0.00044120123,0.0,0.0,-0.001
27828910,-0.20585382,0.073084906,-0.0003802722,0.0,0.0,-0.001
27845445,-0.20645504,0.0734097,-0.0003846674,0.0,0.0,-0.001
27865016,-0.20797114,0.07360558,-0.0005013408,0.0,0.0,-0.001
27888967,-0.20653954,0.073208585,-0.0004957872,0.0,0.0,-0.001
27899491,-0.20619802,0.07353549,-0.00040963793,0.0,0.0,-0.001
27925079,-0.20747566,0.073919125,-0.00049317867,0.0,0.0,-0.001
27944543,-0.20749253,0.07416226,-0.0004389618,0.0,0.0,-0.001
27964075,-0.20565042,0.073915415,-0.00059515995,0.0,0.0,-0.001
27982076,-0.20542806,0.07379389,-0.0002633165,0.0,0.0,-0.001
28007658,-0.20682633,0.07455071,-0.00055659615,0.0,0.0,-0.001
28022679,-0.20633845,0.07410487,-0.00013902581,0.0,0.0,-0.001
28042214,-0.20491949,0.07405257,-0.0005660374,0.0,0.0,-0.001
28067734,-0.20569572,0.07426864,-0.00045936546,0.0,0.0,-0.001
28087193,-0.20740977,0.07476618,-0.0005266503,0.0,0.0,-0.001
28102210,-0.20700225,0.07462544,-0.00018616093,0.0,0.0,-0.001
28126224,-0.20525831,0.074661806,-0.00073750777,0.0,0.0,-0.001
28147260,-0.20629303,0.07392215,-0.0006420437,0.0,0.0,-0.001
28165309,-0.2084209,0.07447285,-0.00072817865,0.0,0.0,-0.001
28180329,-0.207522,0.07504054,-0.00050614413,0.0,0.0,-0.001
28204312,-0.20534159,0.07434642,-0.0002769603,0.0,0.0,-0.001
28223826,-0.20628332,0.07485677,-0.00044283073,0.0,0.0,-0.001
28249350,-0.2073065,0.0749158,-0.0006657385,0.0,0.0,-0.001
28264371,-0.20708662,0.07519971,-0.00051917,0.0,0.0,-0.001
28283895,-0.20642821,0.07586028,-0.00072528265,0.0,0.0,-0.001
28301917,-0.20703383,0.07578373,-0.00059510005,0.0,0.0,-0.001
28325917,-0.20780468,0.0762463,7.476945e-05,0.0,0.0,-0.001
28346958,-0.20741609,0.07557967,-0.00044244545,0.0,0.0,-0.001
28366505,-0.20680958,0.07606858,-0.0004344473,0.0,0.0,-0.001
28381485,-0.20752615,0.076325305,-0.0004028427,0.0,0.0,-0.001
28407021,-0.20877215,0.07664638,-0.00052576256,0.0,0.0,-0.001
28426545,-0.20827469,0.0767019,-0.00035323744,0.0,0.0,-0.001
28446058,-0.20756832,0.076516956,-0.00056871923,0.0,0.0,-0.001
28464076,-0.20741594,0.076767735,-8.361127e-05,0.0,0.0,-0.001
28485111,-0.2081555,0.07657779,-0.00043198979,0.0,0.0,-0.001
28504624,-0.20851977,0.07649427,-6.710882e-05,0.0,0.0,-0.001
28528631,-0.20849559,0.07748509,-0.0006540326,0.0,0.0,-0.001
28539144,-0.20732306,0.076818,-0.0004143582,0.0,0.0,-0.001
28564693,-0.20770237,0.077461235,-0.00022831027,0.0,0.0,-0.001
28584204,-0.20803083,0.07697803,-0.00020934595,0.0,0.0,-0.001
28603740,-0.20776637,0.07806896,-0.0006859667,0.0,0.0,-0.001
28627748,-0.20685548,0.07746156,-0.0005963162,0.0,0.0,-0.001
28641258,-0.20573808,0.07744879,-0.00022350179,0.0,0.0,-0.001
28669780,-0.20583849,0.07780171,-0.0004541533,0.0,0.0,-0.001
28684816,-0.20657659,0.07766043,-0.000637314,0.0,0.0,-0.001
28707317,-0.20692709,0.07844393,-0.000291628,0.0,0.0,-0.001
28728387,-0.20700303,0.07803499,-0.0005988654,0.0,0.0,-0.001
28743412,-0.20609346,0.07787401,-0.00058748556,0.0,0.0,-0.001
28765948,-0.20670055,0.07878158,-0.00020746769,0.0,0.0,-0.001
28786921,-0.20728981,0.07864594,-0.00055729365,0.0,0.0,-0.001
28806442,-0.20665498,0.07882158,-0.00032533694,0.0,0.0,-0.001
28821449,-0.20599157,0.07864559,-0.0003824762,0.0,0.0,-0.001
28841020,-0.20533761,0.078881726,-0.00026158048,0.0,0.0,-0.001
28866507,-0.2054459,0.07887095,-0.00045169418,0.0,0.0,-0.001
28886067,-0.20496646,0.07873789,-0.0002876241,0.0,0.0,-0.001
28905561,-0.2032631,0.078536,-0.00052161876,0.0,0.0,-0.001
28923592,-0.20287707,0.07850243,-0.00041121297,0.0,0.0,-0.001
28943089,-0.20366828,0.07957716,-0.00020528413,0.0,0.0,-0.001
28967097,-0.20249854,0.07888967,-0.00045141624,0.0,0.0,-0.001
28988122,-0.2003305,0.07938105,-0.00057598716,0.0,0.0,-0.001
29006188,-0.20101705,0.079146676,-0.00060766283,0.0,0.0,-0.001
29021204,-0.2019355,0.07932855,-0.0006111723,0.0,0.0,-0.001
29046691,-0.20342197,0.079900526,-0.00023927048,0.0,0.0,-0.001
29066260,-0.20163155,0.07986685,-0.0004079485,0.0,0.0,-0.001
29085730,-0.20093173,0.08136709,-0.0006275655,0.0,0.0,-0.001
29100744,-0.20140819,0.08099235,-0.00057595014,0.0,0.0,-0.001
29126317,-0.20124492,0.08119247,-0.0003428395,0.0,0.0,-0.001
29145799,-0.20064896,0.08119992,-0.00056857406,0.0,0.0,-0.001
29165312,-0.20141535,0.08211532,-0.00058114645,0.0,0.0,-0.001
29180326,-0.20171635,0.08215444,-0.0005504041,0.0,0.0,-0.001
29208883,-0.20139712,0.082303226,-0.00036196492,0.0,0.0,-0.001
29223918,-0.20098262,0.08327739,-0.00076754583,0.0,0.0,-0.001
29246432,-0.2004759,0.0832142,-0.00035619174,0.0,0.0,-0.001
29267413,-0.20125711,0.08358401,-0.00058944453,0.0,0.0,-0.001
29286929,-0.20045163,0.08324396,-0.00031361755,0.0,0.0,-0.001
29304947,-0.19986391,0.08368669,-0.0003620076,0.0,0.0,-0.001
29325982,-0.199104,0.08390849,-0.0005808694,0.0,0.0,-0.001
29345499,-0.19891389,0.083923325,-0.00040500434,0.0,0.0,-0.001
29369520,-0.19892088,0.08388999,-0.0002443148,0.0,0.0,-0.001
29380041,-0.1983937,0.08429002,-0.00030688237,0.0,0.0,-0.001
29405576,-0.19786736,0.084865324,-0.00076276786,0.0,0.0,-0.001
29425081,-0.19719702,0.084818944,-0.00034619257,0.0,0.0,-0.001
29440095,-0.19720702,0.085691914,-0.00039879835,0.0,0.0,-0.001
29467117,-0.19766326,0.08542466,-0.00024524354,0.0,0.0,-0.001
29482149,-0.19772501,0.08559309,-0.0003617919,0.0,0.0,-0.001
29507672,-0.1965739,0.08615488,-0.0005854986,0.0,0.0,-0.001
29527184,-0.19593063,0.085856386,-0.00014730409,0.0,0.0,-0.001
29540729,-0.19632159,0.08667476,-0.00046815388,0.0,0.0,-0.001
29569275,-0.19832641,0.087075874,-0.00047972842,0.0,0.0,-0.001
29584293,-0.19825837,0.08701646,-3.434383e-05,0.0,0.0,-0.001
29606817,-0.19624849,0.08650598,-0.0002846993,0.0,0.0,-0.001
29626291,-0.19617613,0.08763653,-0.00054532546,0.0,0.0,-0.001
29641302,-0.19656716,0.08742065,-0.00021715387,0.0,0.0,-0.001
29660820,-0.19621782,0.08806472,-0.00046588358,0.0,0.0,-0.001
29684869,-0.19539535,0.08817418,-0.0007360263,0.0,0.0,-0.001
29704422,-0.1961042,0.08855525,-0.0005023934,0.0,0.0,-0.001
29719426,-0.19592288,0.08805011,-0.0001952447,0.0,0.0,-0.001
29744923,-0.19422027,0.08830764,-0.00041189784,0.0,0.0,-0.001
29764486,-0.19426511,0.0887315,-0.0005315503,0.0,0.0,-0.001
29783954,-0.19483429,0.08891003,-0.00047575534,0.0,0.0,-0.001
29798963,-0.19483064,0.0889697,-0.00036062594,0.0,0.0,-0.001
29827484,-0.19412027,0.08912852,-0.00056649855,0.0,0.0,-0.001
29847079,-0.19317253,0.08873257,-8.8038905e-05,0.0,0.0,-0.001
29862084,-0.19376326,0.089410976,-0.00037412203,0.0,0.0,-0.001
29887563,-0.19454817,0.089578286,-0.00075653766,0.0,0.0,-0.001
29907124,-0.19401869,0.08996861,-0.00029738736,0.0,0.0,-0.001
29926602,-0.19227007,0.08948687,-0.00030100942,0.0,0.0,-0.001
29941659,-0.19292451,0.08950595,-0.00029019162,0.0,0.0,-0.001
29967193,-0.19355889,0.09062727,-0.0005965153,0.0,0.0,-0.001
29986666,-0.19227397,0.08980787,-0.00016305006,0.0,0.0,-0.001
30001688,-0.19186118,0.089958385,-0.00023377968,0.0,0.0,-0.001
30019746,-0.19199222,0.09033394,-0.00012380003,0.0,0.0,-0.001
30045243,-0.19372563,0.0906075,-0.00042775896,0.0,0.0,-0.001
30064798,-0.19247898,0.090701625,-0.0005527935,0.0,0.0,-0.001
30079808,-0.19233415,0.09078396,-0.00023620175,0.0,0.0,-0.001
30108290,-0.19216901,0.09105225,-0.0002617647,0.0,0.0,-0.001
30129313,-0.1923465,0.091486014,-0.0008393746,0.0,0.0,-0.001
30144336,-0.19169638,0.09148269,-0.0006132473,0.0,0.0,-0.001
30163853,-0.19137688,0.09226363,-0.00052066735,0.0,0.0,-0.001
30187882,-0.190866,0.092049696,-0.0007073443,0.0,0.0,-0.001
30207442,-0.19234475,0.09215805,-0.0003967837,0.0,0.0,-0.001
30222494,-0.19178954,0.092688076,-0.00086962094,0.0,0.0,-0.001
30247941,-0.190009,0.09252794,-0.0006858744,0.0,0.0,-0.001
30267511,-0.1903901,0.093641855,-0.00051244244,0.0,0.0,-0.001
30282532,-0.19042274,0.09304759,-0.0006897698,0.0,0.0,-0.001
30302002,-0.19019529,0.09384415,-0.0008550239,0.0,0.0,-0.001
30327586,-0.18938346,0.09316729,-0.0006175723,0.0,0.0,-0.001
30347093,-0.1901054,0.09388939,-0.00039418973,0.0,0.0,-0.001
30366562,-0.18966772,0.09413911,-0.0004116022,0.0,0.0,-0.001
30381583,-0.18925813,0.09433672,-0.0008431085,0.0,0.0,-0.001
30401107,-0.18760094,0.09435476,-0.00022275714,0.0,0.0,-0.001
30425179,-0.1884473,0.09492074,-0.00061514985,0.0,0.0,-0.001
30444652,-0.18871948,0.09452874,-0.00046891134,0.0,0.0,-0.001
30468656,-0.18861498,0.095157474,-0.00066697435,0.0,0.0,-0.001
30489690,-0.18777233,0.09453726,-0.00025882403,0.0,0.0,-0.001
30504726,-0.18776616,0.09478694,-0.0004705385,0.0,0.0,-0.001
30524232,-0.1873989,0.09461121,-0.0005628151,0.0,0.0,-0.001
30548241,-0.18801512,0.09485022,-0.00066165393,0.0,0.0,-0.001
30564776,-0.18793328,0.095005736,-0.00051782484,0.0,0.0,-0.001
30584301,-0.18714121,0.09440985,-0.000363878,0.0,0.0,-0.001
30602315,-0.18749826,0.0951572,-0.0005470486,0.0,0.0,-0.001
30627888,-0.18781003,0.0946462,-0.00043849318,0.0,0.0,-0.001
30647364,-0.18766429,0.09556926,-0.00055330724,0.0,0.0,-0.001
30666915,-0.18648839,0.09572941,-0.00049745844,0.0,0.0,-0.001
30681891,-0.18600425,0.09546469,-0.00052871904,0.0,0.0,-0.001
30705904,-0.18551673,0.09625705,-0.0005819382,0.0,0.0,-0.001
30726944,-0.18630657,0.09651485,-0.0005094797,0.0,0.0,-0.001
30741954,-0.1862746,0.09611797,-0.00034043242,0.0,0.0,-0.001
30768979,-0.18531989,0.0968188,-0.0006516497,0.0,0.0,-0.001
30784049,-0.1842307,0.09711537,-0.00043372353,0.0,0.0,-0.001
30803527,-0.18387988,0.096960075,-0.00051628175,0.0,0.0,-0.001
30827544,-0.18483907,0.09696605,-0.0008103353,0.0,0.0,-0.001
30842573,-0.18532187,0.097583205,-0.0005764291,0.0,0.0,-0.001
30862085,-0.1849177,0.097210735,-0.00073256734,0.0,0.0,-0.001
30887614,-0.18414287,0.097842604,-0.00055929157,0.0,0.0,-0.001
30907130,-0.1842467,0.097105786,-0.0004583401,0.0,0.0,-0.001
30926648,-0.18383531,0.097143196,-0.00049249816,0.0,0.0,-0.001
30941672,-0.18366814,0.09715076,-0.00071230216,0.0,0.0,-0.001
30967197,-0.18321063,0.09708972,-0.0006297604,0.0,0.0,-0.001
30986722,-0.18403228,0.09657663,-0.00032878644,0.0,0.0,-0.001
31004741,-0.18494292,0.09681697,-0.00037991288,0.0,0.0,-0.001
31028754,-0.18495609,0.097685836,-0.00061469036,0.0,0.0,-0.001
31049789,-0.18385804,0.09761671,-0.00044302974,0.0,0.0,-0.001
31064829,-0.18377231,0.09715345,-0.00032685738,0.0,0.0,-0.001
31084313,-0.18459554,0.09797416,-0.00058251806,0.0,0.0,-0.001
31108374,-0.18471754,0.09784658,-0.00070994115,0.0,0.0,-0.001
31124864,-0.18366666,0.097468086,-0.0003245912,0.0,0.0,-0.001
31144389,-0.18314813,0.097286105,-0.00024951898,0.0,0.0,-0.001
31163896,-0.18377246,0.09834139,-0.00071979105,0.0,0.0,-0.001
31189423,-0.18258275,0.09717376,-0.000553704,0.0,0.0,-0.001
31198511,-0.18250014,0.09752763,-0.00063794496,0.0,0.0,-0.001
31222465,-0.1822274,0.09762174,-0.00057117816,0.0,0.0,-0.001
31246489,-0.18314964,0.09810115,-0.00059601315,0.0,0.0,-0.001
31266048,-0.18212302,0.09848641,-0.000962419,0.0,0.0,-0.001
31281085,-0.18140395,0.09824384,-0.00068523904,0.0,0.0,-0.001
31308043,-0.18207064,0.09897854,-0.00020488857,0.0,0.0,-0.001
31323073,-0.18230109,0.09910547,-0.00043810732,0.0,0.0,-0.001
31342591,-0.18196985,0.09954293,-0.00027586485,0.0,0.0,-0.001
31366615,-0.18122563,0.09921505,-0.000760901,0.0,0.0,-0.001
31386181,-0.18973017,0.09778446,-0.57314056,0.0,0.0,-0.004779861
31401196,-0.18144822,0.09688697,-0.57322216,0.0,0.0,-0.0057834955
31426678,-0.19439884,0.098160066,-0.5735066,0.0,0.0,-0.006845253
31446243,-0.19366884,0.103253976,-0.5731375,0.0,0.0,-0.010891513
31465718,-0.1865602,0.096176215,-0.57306546,0.0,0.0,-0.012969909
31480734,-0.18071951,0.09231378,-0.57316065,0.0,0.0,-0.014201412
31506321,-0.18009515,0.09735147,-0.57315606,0.0,0.0,-0.01574287
31525785,-0.1834033,0.093941614,-0.57303274,0.0,0.0,-0.018413058
31543840,-0.186792,0.101960324,-0.5732322,0.0,0.0,-0.022293508
31567816,-0.17606989,0.09447866,-0.57288504,0.0,0.0,-0.02332403
31588891,-0.17505366,0.09825916,-0.57289654,0.0,0.0,-0.027591428
31608388,-0.18148641,0.10039715,-0.57281697,0.0,0.0,-0.029215325
31623375,-0.17386718,0.098677896,-0.5729289,0.0,0.0,-0.031840738
31647390,-0.16873305,0.090404525,-0.57265276,0.0,0.0,-0.03369731
31668426,-0.17713487,0.09104048,-0.5727565,0.0,0.0,-0.038186196
31683450,-0.18031682,0.088057004,-0.57290024,0.0,0.0,-0.04082349
31701531,-0.16815388,0.08813488,-0.5728446,0.0,0.0,-0.04202895
31726992,-0.18256544,0.09262903,-0.57280314,0.0,0.0,-0.04488098
31746560,-0.17145047,0.09259578,-0.572507,0.0,0.0,-0.04928011
31761580,-0.17531073,0.092291825,-0.57267594,0.0,0.0,-0.051555
31781050,-0.16305733,0.094283864,-0.5724592,0.0,0.0,-0.05389696
31806628,-0.17116566,0.09343043,-0.5722672,0.0,0.0,-0.0571445
31826098,-0.17810993,0.09572607,-0.572253,0.0,0.0,-0.062006697
31845620,-0.16175885,0.08892569,-0.5722767,0.0,0.0,-0.06456443
31863625,-0.16787231,0.090435624,-0.5722499,0.0,0.0,-0.0677071
31889200,-0.17753783,0.09029159,-0.572345,0.0,0.0,-0.07267121
31904232,-0.17515358,0.09504904,-0.5723076,0.0,0.0,-0.07514202
31928187,-0.17683779,0.09059775,-0.5721929,0.0,0.0,-0.07819418
31949267,-0.16654128,0.08617912,-0.57222426,0.0,0.0,-0.0833323
31964287,-0.16906366,0.0893993,-0.57189596,0.0,0.0,-0.08691495
31983756,-0.1782255,0.09604177,-0.5717802,0.0,0.0,-0.089720786
32007771,-0.16837117,0.0901215,-0.5719199,0.0,0.0,-0.0928984
32028800,-0.15981369,0.08893575,-0.57187915,0.0,0.0,-0.09702359
32046866,-0.16161108,0.08926937,-0.5716506,0.0,0.0,-0.1018654
32061888,-0.16303323,0.09113123,-0.5716098,0.0,0.0,-0.1047068
32087369,-0.16496101,0.088865764,-0.5717008,0.0,0.0,-0.11056294
32102391,-0.1642195,0.08043517,-0.57133406,0.0,0.0,-0.11102581
32126409,-0.16831397,0.08789475,-0.5716824,0.0,0.0,-0.11760019
32141423,-0.17038518,0.09232968,-0.571414,0.0,0.0,-0.12059452
32167002,-0.16763873,0.08342244,-0.57115215,0.0,0.0,-0.12703189
32186480,-0.15335594,0.082285985,-0.57111305,0.0,0.0,-0.13048422
32201510,-0.15612021,0.07960855,-0.5713466,0.0,0.0,-0.13231716
32228497,-0.15305547,0.07587208,-0.57099915,0.0,0.0,-0.13808712
32245041,-0.17109817,0.09332257,-0.5708618,0.0,0.0,-0.14184386
32264601,-0.1467428,0.07975166,-0.57049555,0.0,0.0,-0.14769909
32284095,-0.16544391,0.072222956,-0.57057214,0.0,0.0,-0.15122376
32309647,-0.16806789,0.08637788,-0.570152,0.0,0.0,-0.1593501
32324677,-0.15676402,0.083707064,-0.5700067,0.0,0.0,-0.1597876
32344135,-0.16015825,0.081219815,-0.5698885,0.0,0.0,-0.16585162
32366653,-0.16490683,0.08131583,-0.5696119,0.0,0.0,-0.1707657
32386168,-0.150576,0.091469795,-0.56970125,0.0,0.0,-0.17473
32407243,-0.13391908,0.070383325,-0.568817,0.0,0.0,-0.18180867
32422266,-0.15691726,0.0817745,-0.56883097,0.0,0.0,-0.18538912
32446233,-0.13438256,0.07441795,-0.5675997,0.0,0.0,-0.189455
32467318,-0.13114929,0.061685495,-0.56509197,0.0,0.0,-0.19799419
32486788,-0.120967075,0.06550185,-0.5636424,0.0,0.0,-0.20176841
32501805,-0.12042783,0.09099121,-0.56129366,0.0,0.0,-0.20605479
32521363,-0.10469522,0.058426615,-0.55502737,0.0,0.0,-0.20975351
32546853,-0.10042644,0.052395523,-0.5448196,0.0,0.0,-0.21860154
32566364,-0.10170833,0.0849465,-0.53462005,0.0,0.0,-0.22390157
32581390,-0.07671715,0.072133444,-0.5271993,0.0,0.0,-0.22757722
32600912,-0.07164952,0.06852749,-0.5133598,0.0,0.0,-0.23129055
32624984,-0.07129581,0.05706126,-0.4967174,0.0,0.0,-0.23726211
32644451,-0.07518306,0.059653696,-0.4816343,0.0,0.0,-0.24484988
32659462,-0.06239085,0.031577654,-0.47049704,0.0,0.0,-0.24925557
32685049,-0.053524986,0.017609013,-0.4494793,0.0,0.0,-0.25468895
32704516,-0.029564578,-0.0018318667,-0.43414664,0.0,0.0,-0.26026934
32724038,-0.020732442,-0.0026559508,-0.4174529,0.0,0.0,-0.2675899
32739049,0.0005423928,0.010392755,-0.40738997,0.0,0.0,-0.27222535
32767609,0.039586432,0.010908084,-0.3860992,0.0,0.0,-0.27639768
32782645,0.029613134,0.0019761699,-0.37241912,0.0,0.0,-0.28076544
32806629,0.0487855,-0.010025559,-0.35164538,0.0,0.0,-0.28603902
32826137,0.07696429,-0.033151034,-0.33895534,0.0,0.0,-0.28911412
32848646,0.0919391,-0.013438947,-0.32384577,0.0,0.0,-0.29237747
32869693,0.081814304,-0.01490807,-0.3064581,0.0,0.0,-0.29633242
32884710,0.13016847,-0.033871543,-0.2940765,0.0,0.0,-0.29661962
32904227,0.09438039,-0.032680348,-0.28272957,0.0,0.0,-0.3002759
32928239,0.13083571,-0.08498132,-0.26647,0.0,0.0,-0.30231848
32938760,0.1253508,-0.077820696,-0.2588883,0.0,0.0,-0.3054238
32964296,0.15368086,-0.07078137,-0.24015768,0.0,0.0,-0.3097155
32983807,0.1418433,-0.07283312,-0.23172705,0.0,0.0,-0.31467023
33003332,0.13497725,-0.08541415,-0.21693668,0.0,0.0,-0.31698552
33027362,0.12407801,-0.07092162,-0.20693593,0.0,0.0,-0.32013634
33046868,0.13649833,-0.018045012,-0.19300774,0.0,0.0,-0.32547158
33061890,0.121756166,0.022691876,-0.18620633,0.0,0.0,-0.32825458
33085902,0.1353051,0.022914406,-0.17890203,0.0,0.0,-0.33215722
33106934,0.10026828,0.019668382,-0.1654596,0.0,0.0,-0.33723664
33126459,0.06767079,-0.0038701554,-0.15736306,0.0,0.0,-0.34039143
33141471,0.043705594,-0.028536666,-0.14716244,0.0,0.0,-0.34262067
33161029,0.01679467,-0.042702522,-0.1457391,0.0,0.0,-0.3469261
33185032,0.041319214,-0.019948702,-0.12965605,0.0,0.0,-0.3526314
33209051,0.012434827,-0.044525404,-0.12514462,0.0,0.0,-0.34781787
33224068,0.05802642,-0.032565817,-0.112785146,0.0,0.0,-0.34681502
33243583,-0.026102861,-0.039952323,-0.11539815,0.0,0.0,-0.34299508
33266111,0.03128073,-0.08222246,-0.097410575,0.0,0.0,-0.33882377
33285670,-0.01020264,-0.06946732,-0.101143844,0.0,0.0,-0.33672115
33305157,0.075247504,-0.08841792,-0.08655011,0.0,0.0,-0.33544308
33323196,0.0125693,-0.05514781,-0.085747495,0.0,0.0,-0.33462706
33348685,0.036517467,-0.073259614,-0.07374043,0.0,0.0,-0.33281547
33363704,-0.01269251,-0.08939141,-0.07528128,0.0,0.0,-0.33178163
33387714,0.04581553,-0.10942594,-0.069510534,0.0,0.0,-0.3315628
33408758,0.028435374,-0.1332287,-0.066443585,0.0,0.0,-0.33046892
33428316,0.08036464,-0.10906478,-0.05898023,0.0,0.0,-0.33078533
33443331,0.03793537,-0.08809389,-0.053395666,0.0,0.0,-0.33052433
33467302,0.032750286,-0.095437236,-0.0589032,0.0,0.0,-0.32993132
33488382,0.06705076,-0.094606616,-0.044954248,0.0,0.0,-0.32989562
33506365,0.026087664,-0.10109168,-0.05264021,0.0,0.0,-0.32935065
33521367,0.109202854,-0.090279065,-0.038612515,0.0,0.0,-0.32991663
33546896,0.013775259,-0.10408233,-0.046888076,0.0,0.0,-0.32917568
33566437,0.08239527,-0.09270347,-0.031239558,0.0,0.0,-0.3298903
33585979,-0.011118161,-0.08787279,-0.041589767,0.0,0.0,-0.32963383
33601002,0.04077135,-0.08115405,-0.03397433,0.0,0.0,-0.33036858
33626484,0.014096526,-0.061834313,-0.03574604,0.0,0.0,-0.33048254
33646040,0.07831878,-0.063977785,-0.02784909,0.0,0.0,-0.33087477
33661058,0.08789184,-0.045657523,-0.023388594,0.0,0.0,-0.33149585
33688046,0.08004831,-0.048849102,-0.02599534,0.0,0.0,-0.331178
33707580,0.03106521,-0.048008677,-0.024904005,0.0,0.0,-0.33135012
33725570,0.0357504,-0.06202843,-0.032510795,0.0,0.0,-0.33207074
33746606,0.037685458,-0.04943925,-0.017718004,0.0,0.0,-0.33255404
33766174,0.033547793,-0.04060397,-0.028563563,0.0,0.0,-0.33282712
33781188,0.09086495,-0.0140701905,-0.0150061175,0.0,0.0,-0.33373597
33806677,0.028180718,-0.016407937,-0.029085636,0.0,0.0,-0.33427
33826236,0.06268154,-0.014848177,-0.012544173,0.0,0.0,-0.33468047
33845708,-0.02615013,-0.015201088,-0.02793799,0.0,0.0,-0.33441654
33860724,0.08368493,-0.009282661,-0.018243602,0.0,0.0,-0.3356251
33880247,0.06924422,-0.022379268,-0.015924094,0.0,0.0,-0.33563843
33908818,0.10195799,-0.01691805,-0.0119944345,0.0,0.0,-0.3371862
33923842,0.07250367,-0.0058271512,-0.014414997,0.0,0.0,-0.33854067
33947805,0.025541825,0.020146767,-0.023798352,0.0,0.0,-0.33939016
33968883,0.008990855,-0.011455141,-0.014872329,0.0,0.0,-0.3395038
33988357,0.06008414,-0.004793111,-0.021554701,0.0,0.0,-0.34079432
34003374,0.09724368,-0.018043865,-0.0062331967,0.0,0.0,-0.3406509
34022942,-0.020208973,-0.013060879,-0.026567303,0.0,0.0,-0.3416972
34046921,0.08178457,0.00022321098,-0.0046509374,0.0,0.0,-0.34299603
34060430,-0.057256907,0.015539047,-0.020676391,0.0,0.0,-0.34345284
34085966,0.02898622,0.0012272146,-0.005195709,0.0,0.0,-0.34414527
34105484,-0.05766209,-0.007345525,-0.021493947,0.0,0.0,-0.34437677
34127990,0.038904645,0.003638032,-0.012098757,0.0,0.0,-0.34608024
34138511,-0.027601391,-0.004365244,-0.006119035,0.0,0.0,-0.34661773
34164091,-0.019972604,0.0048276833,-0.016617997,0.0,0.0,-0.34768373
34183567,-0.0053749788,0.0035797562,-0.009270337,0.0,0.0,-0.3479826
34203090,-0.060979456,-0.00465262,-0.022911001,0.0,0.0,-0.34757626
34227112,0.050839223,0.009525806,-0.0059276447,0.0,0.0,-0.34929678
34248121,0.02329061,0.019316437,-0.020729281,0.0,0.0,-0.349955
34267668,-0.043987628,0.028207935,-0.0072393664,0.0,0.0,-0.34994766
34285659,-0.05100365,0.014043751,-0.023125783,0.0,0.0,-0.3493867
34305187,0.021946127,0.011898695,-0.005451449,0.0,0.0,-0.35024235
34329244,-0.08110908,0.021046123,-0.021956332,0.0,0.0,-0.3498516
34339723,0.027908973,0.0072593484,-0.011919937,0.0,0.0,-0.35048005
34363777,0.004319562,0.00032763765,-0.016872758,0.0,0.0,-0.3498595
34383272,0.048274398,-0.0041168593,-0.011993713,0.0,0.0,-0.34909105
34408794,-0.033171553,-0.013508897,-0.01777596,0.0,0.0,-0.34884125
34423818,-0.010995197,-0.0076466245,-0.015540656,0.0,0.0,-0.34880424
34447834,-0.0403002,-0.0067794262,-0.012026241,0.0,0.0,-0.34799942
34462853,-0.0013782536,0.004933395,-0.021026302,0.0,0.0,-0.34886453
34486914,0.07624231,-0.0083612,-0.002555044,0.0,0.0,-0.3482907
34507894,0.021876825,-0.007588447,-0.02129633,0.0,0.0,-0.34868625
34525954,0.040592205,-0.01699141,-0.0022262884,0.0,0.0,-0.34838432
34549928,-0.041560285,-0.006086683,-0.022894355,0.0,0.0,-0.34749144
34566459,0.07826228,-0.017140664,-0.0015578929,0.0,0.0,-0.34725395
34585987,-0.04525563,0.0154294,-0.020909363,0.0,0.0,-0.34732145
34605498,0.05809408,-0.010756817,-0.0046858704,0.0,0.0,-0.34646603
34620509,0.026776394,0.022579625,-0.008100039,0.0,0.0,-0.3466947
34646045,0.092747666,0.02059424,-0.009262505,0.0,0.0,-0.34656745
34665562,-0.0389187,0.01253516,-0.0100983055,0.0,0.0,-0.34583384
34685085,0.05362142,-0.016506188,-0.013384882,0.0,0.0,-0.34591147
34700098,0.059226513,0.008275361,-0.00038836658,0.0,0.0,-0.34618005
34719667,-0.06397123,0.0051593566,-0.019317474,0.0,0.0,-0.34551772
34743645,0.071520984,-0.010631219,0.00012551917,0.0,0.0,-0.34587178
34766155,-0.041469496,0.008060027,-0.016902661,0.0,0.0,-0.34467226
34787232,0.02095432,0.03418785,0.00022473332,0.0,0.0,-0.34519547
34802262,-0.014820366,0.03376423,-0.011633718,0.0,0.0,-0.34550115
34829218,0.03515334,0.03943174,-0.0005785391,0.0,0.0,-0.34496194
34845756,-0.040411696,0.018966649,-0.011874525,0.0,0.0,-0.3441247
34865266,0.057892583,0.016928243,-0.0012906358,0.0,0.0,-0.34423584
34884837,-0.033324778,0.019377884,-0.006397251,0.0,0.0,-0.34348118
34899846,-0.02460413,0.01626695,-0.010628681,0.0,0.0,-0.34345734
34925368,-0.011955432,0.018238159,-0.00089471164,0.0,0.0,-0.34344384
34944897,-0.032671917,0.018277355,-0.008674098,0.0,0.0,-0.3426441
34967411,0.033870418,0.028169053,0.0064437212,0.0,0.0,-0.34312946
34986886,-0.051669784,0.033270083,-0.010731743,0.0,0.0,-0.34299007
35007910,0.0060829213,0.03053257,0.0071425242,0.0,0.0,-0.34254348
35022934,-0.072048575,0.03326292,-0.008924991,0.0,0.0,-0.3419942
35042490,0.04011683,0.020146273,0.008030046,0.0,0.0,-0.34190142
35066460,-0.04742225,0.04084585,-0.0030709938,0.0,0.0,-0.3422168
35087542,0.057177894,0.034938946,0.011334412,0.0,0.0,-0.3427718
35107057,-0.087804586,0.065982655,-0.0025813058,0.0,0.0,-0.34275255
35125068,-0.053906165,0.03928107,2.5397401e-05,0.0,0.0,-0.34277377
35144568,-0.07435716,0.042392373,0.008450842,0.0,0.0,-0.34253988
35168562,0.0015692627,0.060606517,0.0029649308,0.0,0.0,-0.34311032
35179093,0.037745886,0.04456643,0.017550558,0.0,0.0,-0.34297264
35207669,0.02412202,0.04594784,0.005184715,0.0,0.0,-0.34278458
35222681,0.010247249,0.04369486,0.018310605,0.0,0.0,-0.3431557
35248162,-0.06778478,0.049082607,0.0045978785,0.0,0.0,-0.34307814
35263183,0.0504047,0.035659652,0.02029126,0.0,0.0,-0.3430166
35287198,-0.072372645,0.03681761,0.0046654595,0.0,0.0,-0.3429725
35302215,-0.0053890385,0.026975743,0.019061377,0.0,0.0,-0.34323916
35326225,-0.10196123,0.016155392,0.010420881,0.0,0.0,-0.34280938
35347261,0.03170751,0.009323474,0.02069992,0.0,0.0,-0.34277603
35365331,-0.05445135,0.008702713,0.012033599,0.0,0.0,-0.34239876
35389292,0.03590446,0.019744467,0.016367372,0.0,0.0,-0.34273058
35405844,-0.062403962,0.02928505,0.016639827,0.0,0.0,-0.3422517
35425391,-0.0033724646,0.0073269256,0.013823648,0.0,0.0,-0.34179184
35444869,-0.007447935,-0.0024285794,0.024008343,0.0,0.0,-0.34127882
35459883,-0.02973786,0.027099868,0.008409599,0.0,0.0,-0.3415647
35485456,0.044625066,0.02170051,0.02703117,0.0,0.0,-0.34186053
35504929,0.0057149194,0.004076087,0.010051228,0.0,0.0,-0.34147337
35522998,0.076956905,0.0064972993,0.027810516,0.0,0.0,-0.3419531
35546972,-0.018195778,0.017011339,0.013337703,0.0,0.0,-0.34171253
35568040,0.07340838,0.01599872,0.029257234,0.0,0.0,-0.34194794
35583057,-0.034385096,0.015803503,0.017718755,0.0,0.0,-0.34158927
35602523,0.07979022,-0.009946594,0.020985315,0.0,0.0,-0.34125274
35626538,0.020185927,-0.0042063515,0.025016166,0.0,0.0,-0.34125498
35647573,0.045468107,0.0042353747,0.023203965,0.0,0.0,-0.34198862
35667099,0.031504814,-0.004362854,0.024379298,0.0,0.0,-0.34219727
35685107,0.022159537,-0.0039523733,0.015138634,0.0,0.0,-0.34204355
35706136,0.008199481,-0.0040876414,0.0285277,0.0,0.0,-0.34293446
35725699,0.0030031807,0.0051252786,0.016588714,0.0,0.0,-0.34355476
35740714,0.03487241,-0.01404,0.030472506,0.0,0.0,-0.34252465
35760184,-0.029684206,-0.016182126,0.01779903,0.0,0.0,-0.34280437
35785805,0.035802923,-0.028333817,0.031102892,0.0,0.0,-0.34200245
35805235,-0.036137767,-0.027733054,0.017550979,0.0,0.0,-0.342458
35824753,0.058276776,-0.00039337503,0.029951844,0.0,0.0,-0.3435229
35842766,0.015256674,-0.015426394,0.027821586,0.0,0.0,-0.34267706
35868348,0.03552804,0.007049893,0.030350659,0.0,0.0,-0.343077
35883365,-0.036117725,0.009310339,0.027662128,0.0,0.0,-0.34331268
35907321,0.020237438,-0.010485649,0.02107072,0.0,0.0,-0.3435344
35928409,-0.026109088,0.008071624,0.026820846,0.0,0.0,-0.34449607
35947882,-0.056522325,0.019842586,0.022217492,0.0,0.0,-0.34446028
35962895,-0.008226948,-0.0050401036,0.035318524,0.0,0.0,-0.3438317
35982419,-0.076251894,-0.0074294247,0.01871703,0.0,0.0,-0.34418783
36006444,0.04899707,0.0039816033,0.03513235,0.0,0.0,-0.34536228
36026010,-0.07486279,0.0013912371,0.018579451,0.0,0.0,-0.34476304
36041030,0.04186054,0.026836008,0.028256664,0.0,0.0,-0.3456644
36065012,-0.07062367,0.034792855,0.021693947,0.0,0.0,-0.34569216
36084523,-0.0020250764,0.00034619693,0.028620277,0.0,0.0,-0.34528336
36104081,-0.09978741,0.00863211,0.026693258,0.0,0.0,-0.3459938
36128070,-0.023867298,0.032432403,0.02716906,0.0,0.0,-0.3468878
36141572,-0.003875938,-0.012830721,0.03139837,0.0,0.0,-0.34563056
36165589,-0.017821364,0.012343774,0.017940909,0.0,0.0,-0.34656858
36186626,-0.01850689,0.03919391,0.029718442,0.0,0.0,-0.34682235
36204656,-0.046894085,0.010627903,0.01781004,0.0,0.0,-0.34548503
36228697,0.010733365,-0.022102812,0.031598892,0.0,0.0,-0.34527886
36245191,-0.040298924,-0.0040007527,0.016248006,0.0,0.0,-0.34562024
36264702,0.013746384,-0.0030429834,0.030218361,0.0,0.0,-0.34599164
36284228,-0.075115174,-0.009927324,0.017375119,0.0,0.0,-0.3457652
36299243,-0.019237854,-0.0099710915,0.022061799,0.0,0.0,-0.34548104
36324772,-0.085609876,-0.029080989,0.018577864,0.0,0.0,-0.3451087
36344283,0.012971665,-0.028180892,0.020560356,0.0,0.0,-0.34518525
36362339,-0.067094095,-0.03147505,0.02502855,0.0,0.0,-0.34520534
36386366,-0.0011671765,-0.023177233,0.014531208,0.0,0.0,-0.34515178
36407353,-0.19544764,-0.05947645,0.023066705,0.0,0.0,-0.31836787
36426901,-0.2117252,-0.07537844,0.015026489,0.0,0.0,-0.31875798
36441882,-0.115399905,-0.05991937,0.028074697,0.0,0.0,-0.3208592
36467409,-0.16247688,-0.042490713,0.01134776,0.0,0.0,-0.32255074
36486936,-0.04547509,-0.032239735,0.026767625,0.0,0.0,-0.32514915
36509444,-0.13380763,-0.020411287,0.009555087,0.0,0.0,-0.32706404
36524473,0.004271847,-0.03611267,0.02347763,0.0,0.0,-0.32881534
36544035,-0.07530792,-0.012522846,0.011979127,0.0,0.0,-0.33088824
36563509,-0.008591851,-0.01914685,0.016696818,0.0,0.0,-0.33273873
36581557,0.0035302914,-0.019066697,0.02275907,0.0,0.0,-0.33437723
36607054,0.023039455,-0.035249878,0.015456281,0.0,0.0,-0.3361843
36622065,0.05025393,-0.032306954,0.01967556,0.0,0.0,-0.33823395
36647593,0.04111215,-0.032364484,0.011566718,0.0,0.0,-0.34005997
36667124,0.073798805,-0.008155295,0.015777938,0.0,0.0,-0.34186608
36686682,0.0043750447,0.0072926735,0.0056694886,0.0,0.0,-0.34280863
36701696,0.0760994,0.0031929726,0.016963469,0.0,0.0,-0.3436489
36721166,0.019735426,-0.003848857,0.003947324,0.0,0.0,-0.3438764
36745199,0.11749029,-0.0116584385,0.01587967,0.0,0.0,-0.34517464
36764715,0.02876264,0.0009632042,0.004010461,0.0,0.0,-0.34530255
36788727,0.09585773,-0.019275766,0.013791226,0.0,0.0,-0.34578487
36805258,0.026463237,-0.011104738,0.0054760245,0.0,0.0,-0.3464784
36824789,0.042293914,0.024479326,0.010377471,0.0,0.0,-0.34774536
36844338,0.006105587,0.02532724,0.009638133,0.0,0.0,-0.34718752
36859354,0.027880594,0.000391134,0.0035494678,0.0,0.0,-0.3469421
36887831,0.0674026,0.023098089,0.013918983,0.0,0.0,-0.3484281
36907376,0.022350067,0.034624837,0.005261281,0.0,0.0,-0.34817192
36922371,0.082845345,0.027798517,0.015880223,0.0,0.0,-0.34865847
36946386,-0.052275755,0.028893465,0.0017373133,0.0,0.0,-0.3479257
36967414,0.04605317,0.035647243,0.015303513,0.0,0.0,-0.348523
36986989,-0.024818951,0.04661393,0.0020572874,0.0,0.0,-0.34846902
37002005,0.06630776,0.060113095,0.011616377,0.0,0.0,-0.34885633
37021512,0.0034511257,0.053335264,0.0075533865,0.0,0.0,-0.34827715
37045508,0.016416345,0.05524014,0.012290727,0.0,0.0,-0.34837815
37069577,-0.026221827,0.069529474,0.0038524815,0.0,0.0,-0.34822074
37084592,0.010764717,0.057959117,0.008763216,0.0,0.0,-0.34838298
37104077,-0.0051837694,0.08082742,0.01119587,0.0,0.0,-0.34855422
37126574,-0.021586403,0.05984233,0.0045975707,0.0,0.0,-0.34798118
37146088,0.016104478,0.072100505,0.015451183,0.0,0.0,-0.3482836
37167166,0.00159191,0.08267486,0.0063856165,0.0,0.0,-0.34842044
37182185,0.029345902,0.048063323,0.016519107,0.0,0.0,-0.34780347
37201658,-0.052753303,0.055525728,0.005672867,0.0,0.0,-0.3478911
37227234,-0.0032296036,0.040615253,0.015649097,0.0,0.0,-0.34746906
37246703,-0.033716846,0.06281858,0.0047152634,0.0,0.0,-0.34767693
37266224,0.023332777,0.08185823,0.014237946,0.0,0.0,-0.3476809
37284230,-0.004787164,0.023448532,0.010045434,0.0,0.0,-0.34629983
37305271,0.033550385,0.06744361,0.011135173,0.0,0.0,-0.34729114
37324829,-0.025281785,0.03678013,0.008957548,0.0,0.0,-0.34568384
37348792,0.027819362,0.0125590945,0.008459101,0.0,0.0,-0.34597573
37359316,-0.0020476938,0.07105079,0.014609348,0.0,0.0,-0.34686095
37384899,-0.022458054,0.07313507,0.006037646,0.0,0.0,-0.34734842
37404361,-0.040784016,0.050660983,0.014125632,0.0,0.0,-0.34646964
37423882,-0.04071354,0.012912203,0.0055862605,0.0,0.0,-0.34606352
37447907,0.016824393,0.01002153,0.014610707,0.0,0.0,-0.34656847
37467472,-0.05973775,0.02263932,0.0051804897,0.0,0.0,-0.34600738
37482488,0.010325319,0.0089998385,0.013577288,0.0,0.0,-0.34621617
37506453,-0.04906653,0.029966904,0.007863952,0.0,0.0,-0.346613
37527542,0.010752748,0.05011438,0.014313375,0.0,0.0,-0.34682545
37547011,-0.063963816,0.031396143,0.0065330653,0.0,0.0,-0.34558973
37562026,-0.01709024,-0.00550782,0.008972009,0.0,0.0,-0.34509924
37581544,-0.020213969,0.016990826,0.0131373145,0.0,0.0,-0.3465611
37605577,-0.012839952,0.033720203,0.008458846,0.0,0.0,-0.34734735
37625139,-0.00469082,0.007774159,0.013230797,0.0,0.0,-0.34693682
37640158,-0.051747926,0.01875342,0.004994775,0.0,0.0,-0.3467438
37665633,-0.009584075,0.010535164,0.014944946,0.0,0.0,-0.34667706
37685197,-0.064980015,0.009580341,0.005197779,0.0,0.0,-0.3460171
37704675,0.00963213,-0.0042673247,0.014983791,0.0,0.0,-0.34557304
37724218,-0.040702652,0.00030399335,0.005135704,0.0,0.0,-0.34582835
37748198,0.026158966,0.013334171,0.013113629,0.0,0.0,-0.34621838
37769238,-0.016049592,-0.0038117266,0.004501987,0.0,0.0,-0.34543374
37784246,-0.026124034,0.0010063921,0.009649381,0.0,0.0,-0.34447172
37806783,-0.045190897,-0.010585525,0.00646527,0.0,0.0,-0.3446579
37826290,-0.025922792,-0.006580242,0.009558922,0.0,0.0,-0.34440893
37841302,-0.0024131695,0.0037474793,0.011732072,0.0,0.0,-0.3451745
37860825,-0.0060029957,-0.00045156237,0.0033003567,0.0,0.0,-0.3452272
37884858,0.0077319853,-0.0020696744,0.010807657,0.0,0.0,-0.3450987
37904371,-0.019451024,-0.0006480567,0.0023243034,0.0,0.0,-0.34502727
37919389,0.04158833,-0.00423667,0.010845547,0.0,0.0,-0.34530133
37944913,-0.012895164,0.0068888497,0.0009359487,0.0,0.0,-0.3448975
37968935,0.032631718,0.00017063023,0.009901023,0.0,0.0,-0.344533
37983948,0.011361953,0.016100332,0.0012111565,0.0,0.0,-0.34463343
38003496,0.040887278,0.0020490813,0.00829334,0.0,0.0,-0.3444496
38027492,-0.010414396,-0.005318209,0.00054522924,0.0,0.0,-0.34354335
38041005,0.011480893,0.0026734578,0.0035474277,0.0,0.0,-0.34394586
38060588,0.0024741497,-0.021648759,0.0070075863,0.0,0.0,-0.34362933
38084556,0.036090605,-0.021453304,0.004445588,0.0,0.0,-0.3443382
38108586,0.004029805,0.010418285,0.0036196865,0.0,0.0,-0.34482306
38123599,-0.011788648,-0.008143017,0.0014866123,0.0,0.0,-0.34338704
38143153,0.08789783,-0.012872725,0.0105670495,0.0,0.0,-0.34450695
38161146,0.006996479,0.019846864,-0.00018092408,0.0,0.0,-0.34498245
38186658,0.018430436,0.030587828,0.009551979,0.0,0.0,-0.3449607
38206174,-0.032144755,0.019655537,0.00020656278,0.0,0.0,-0.344366
38225749,0.05286544,0.010731803,0.009614777,0.0,0.0,-0.34465665
38240751,-0.007364432,0.019869132,0.0023336262,0.0,0.0,-0.34468487
38266242,0.027641224,-0.001912496,0.010237443,0.0,0.0,-0.34473974
38285803,-0.04092051,-0.0067873434,0.0011247931,0.0,0.0,-0.34499857
38308312,0.009147094,0.0016884075,0.0057442794,0.0,0.0,-0.34567028
38329308,-0.016721606,0.013405391,0.00090745406,0.0,0.0,-0.34546745
38344316,-0.0009959866,0.0082886,0.002074028,0.0,0.0,-0.34535635
38363831,0.036232736,0.0017853945,0.0074575674,0.0,0.0,-0.3452661
38383404,-0.0019157373,0.008574314,-0.0008216131,0.0,0.0,-0.3451848
38398407,0.0324208,0.010153509,0.0082888305,0.0,0.0,-0.3447878
38423912,-0.04768549,0.0023883677,-0.002598375,0.0,0.0,-0.34404936
38447912,-0.018726448,0.0343197,0.008257638,0.0,0.0,-0.34481785
38465970,-0.026985716,0.019835671,-0.0018102657,0.0,0.0,-0.34521565
38486957,0.013755483,0.023234988,0.008402519,0.0,0.0,-0.3444095
38506468,-0.03449906,0.012345789,-0.0031823071,0.0,0.0,-0.34452742
38526071,0.046967212,0.026965985,0.006587126,0.0,0.0,-0.34543186
38541057,0.0027700216,0.011814736,0.0035970653,0.0,0.0,-0.3448448
38566542,0.012188114,0.0105394265,0.0031446107,0.0,0.0,-0.34425426
38586104,-0.0033743216,0.011481593,0.0023296145,0.0,0.0,-0.3445976
38605577,0.036166996,0.025500637,-0.0017288728,0.0,0.0,-0.34521198
38623627,0.03416376,0.018589264,0.006701219,0.0,0.0,-0.34477434
38644622,0.012624484,0.029447753,-0.004250632,0.0,0.0,-0.34504625
38664141,0.021065196,0.014789408,0.0049409685,0.0,0.0,-0.34458885
38683717,-0.0056452556,0.020938795,-0.005123392,0.0,0.0,-0.34433323
38707670,0.05579977,0.037564624,0.0050279377,0.0,0.0,-0.3451926
38728760,-0.025093416,0.044154815,-0.006114644,0.0,0.0,-0.34506825
38743761,0.029146265,0.029756393,0.0045854985,0.0,0.0,-0.3447687
38763232,-0.008864518,0.026962494,-0.0029034289,0.0,0.0,-0.34454203
38787264,0.07378888,0.007050109,0.0039292052,0.0,0.0,-0.3446377
38806776,0.012500048,0.01753517,-0.0029869594,0.0,0.0,-0.34451693
38821789,0.029895596,-0.005569636,-0.004722352,0.0,0.0,-0.3444047
38841360,0.022359548,-0.012699392,0.0042757075,0.0,0.0,-0.34471872
38866839,-0.035472132,0.0020944588,-0.005697848,0.0,0.0,-0.34504816
38886407,0.018661799,-0.009659383,0.0025708668,0.0,0.0,-0.34500197
38905917,-0.024337675,0.003879883,-0.009503956,0.0,0.0,-0.3455578
38923927,0.04631151,0.020610413,0.00016943635,0.0,0.0,-0.34609166
38943411,-0.024461264,0.017203834,-0.011417264,0.0,0.0,-0.34634012
38962969,0.03899616,0.026866836,-0.001983322,0.0,0.0,-0.34619412
38986951,-0.035154365,0.0056963162,-0.008074067,0.0,0.0,-0.34536228
39007993,0.09754469,0.017573565,-0.0019094836,0.0,0.0,-0.3461841
39022999,0.033592448,0.04370971,-0.0061952714,0.0,0.0,-0.34625518
39042514,0.09153761,0.006703586,-0.009237322,0.0,0.0,-0.3451172
39066589,0.10409006,-0.0016263133,-0.006359354,0.0,0.0,-0.34562194
39086064,0.092672326,-0.009885808,-0.008361362,0.0,0.0,-0.34503245
39101071,0.11569691,0.014275511,-0.00228481,0.0,0.0,-0.34627044
39126663,0.07034791,0.025031049,-0.010942103,0.0,0.0,-0.34579137
39146123,0.12677176,0.012167964,-0.0035036025,0.0,0.0,-0.34526128
39165639,0.08090634,0.023480892,-0.013622592,0.0,0.0,-0.3455592
39180650,0.13471064,0.009058062,-0.0028488177,0.0,0.0,-0.34475088
39200169,0.076596476,-0.0032577603,-0.010080811,0.0,0.0,-0.343751
39228707,0.08854497,0.011572717,-0.0022332428,0.0,0.0,-0.34448218
39243719,0.09087682,0.015585292,-0.010090321,0.0,0.0,-0.3443664
39267743,0.111794755,0.015395949,-0.005334481,0.0,0.0,-0.34429502
39288764,0.05595659,0.021805888,-0.010843623,0.0,0.0,-0.34367672
39308283,0.09783949,-0.0013581885,-0.0051277964,0.0,0.0,-0.34323987
39323290,0.09941616,0.027087225,-0.004936176,0.0,0.0,-0.34401444
39347314,0.044512343,0.009129338,-0.010755977,0.0,0.0,-0.3430466
39368343,0.04323585,0.044349104,-0.004888744,0.0,0.0,-0.34444293
39386355,0.0676076,0.038103536,-0.011314639,0.0,0.0,-0.34454957
39401378,0.10795567,-0.005446226,-0.0014982978,0.0,0.0,-0.343389
39426961,-0.08953223,0.0028936572,-0.0029956065,0.0,0.0,-0.34080735
39446429,0.015059973,0.031299308,0.0024447958,0.0,0.0,-0.3430368
39465939,0.04408027,0.05774097,-0.0036535296,0.0,0.0,-0.34308156
39480957,0.030567292,0.05724067,0.0037838356,0.0,0.0,-0.34261748
39500504,0.015673542,0.027234955,-0.0002551048,0.0,0.0,-0.3417447
39524542,-0.07104237,-0.068413444,0.0032175619,0.0,0.0,-0.33971402
39547059,-0.13385051,-0.11231958,0.002291348,0.0,0.0,-0.33972135
39568046,-0.1366203,-0.1463662,0.004183174,0.0,0.0,-0.34160972
39583069,-0.057695054,-0.15310615,0.008797133,0.0,0.0,-0.3418565
39601071,-0.08114823,-0.09708111,-0.0021181463,0.0,0.0,-0.34303102
39626609,0.10523356,-0.021763552,0.00533732,0.0,0.0,-0.3449378
39646123,0.04215198,0.01049734,-0.0039587207,0.0,0.0,-0.34461263
39665641,0.044276692,0.0026877455,0.0034731065,0.0,0.0,-0.34429556
39680655,0.03729043,0.0040798746,-0.00073701,0.0,0.0,-0.34499797
39706192,0.057286337,0.005947497,0.004509976,0.0,0.0,-0.3461867
39725705,0.12385199,0.019938815,-8.73258e-05,0.0,0.0,-0.34693754
39740710,0.01013707,-0.0061096824,-0.001907094,0.0,0.0,-0.34511298
39767735,0.030907294,-0.046803437,0.0057246275,0.0,0.0,-0.34535903
39788801,0.015979946,-0.01985665,-0.0018610181,0.0,0.0,-0.3468816
39803786,0.05563966,-0.0068065273,0.005295641,0.0,0.0,-0.34750977
39823300,0.10647127,0.07444001,-0.008780577,0.0,0.0,-0.35091493
39848831,0.33776608,0.18919432,0.00019312227,0.0,0.0,-0.35396838
39868338,0.3488138,0.24870041,-0.0040610353,0.0,0.0,-0.35435346
39883361,0.3615204,0.24501619,0.0032042274,0.0,0.0,-0.35380113
39902919,0.3087062,0.22578645,-0.0033977742,0.0,0.0,-0.3542262
39928408,0.24090283,0.13925904,-0.0014063317,0.0,0.0,-0.35351178
39946411,0.20080611,0.08018015,0.0010530516,0.0,0.0,-0.35297176
39961432,0.14515035,0.101853974,-0.0047441334,0.0,0.0,-0.3546206
39985462,0.12606645,0.06317732,-0.00041019148,0.0,0.0,-0.3535888
40009559,0.058793563,0.04113895,-0.0014066942,0.0,0.0,-0.35322395
40020040,0.05104657,0.0466423,0.00041841576,0.0,0.0,-0.3534263
40047006,0.024770087,0.037071455,0.0004319083,0.0,0.0,-0.35366955
40068044,-0.06877719,-0.010151842,-0.0036118818,0.0,0.0,-0.35194376
40083061,-0.084505014,-0.020163268,-0.0002052298,0.0,0.0,-0.353323
40102620,-0.023914693,-0.0075054434,0.0031460724,0.0,0.0,-0.354404
40128104,-0.06660783,0.013203903,0.00045035902,0.0,0.0,-0.35555717
40147664,0.011224091,0.015812727,0.0042381603,0.0,0.0,-0.35404515
40167139,-0.21317126,-0.08672504,-0.0045505636,0.0,0.0,-0.34953687
40185199,-0.15862231,-0.08375401,0.010578099,0.0,0.0,-0.35099003
40206188,-0.28045672,-0.12387028,-0.0027024741,0.0,0.0,-0.35063225
40225711,-0.26409772,-0.15276213,0.0061245416,0.0,0.0,-0.3498061
40245264,-0.3266671,-0.1324955,0.0015698532,0.0,0.0,-0.3510791
40260275,-0.30056676,-0.16729836,0.0039343853,0.0,0.0,-0.3501015
40285777,-0.12689924,-0.111706614,0.0054103388,0.0,0.0,-0.35131115
40305334,-0.116375364,-0.077113196,0.0006062163,0.0,0.0,-0.3513228
40327849,-0.120256186,-0.0745267,0.0017271478,0.0,0.0,-0.35003906
40348830,-0.09335575,-0.08127232,0.0045770705,0.0,0.0,-0.34905916
40363842,-0.13626932,-0.12948275,0.00024152646,0.0,0.0,-0.34716332
40383359,-0.15896791,-0.13251415,0.003872337,0.0,0.0,-0.3469231
40402921,-0.14963491,-0.1447571,-0.00025355825,0.0,0.0,-0.34602046
40428411,-0.052753493,-0.1156474,0.0069509633,0.0,0.0,-0.3478281
40443417,-0.0077199107,-0.07265725,0.0016945135,0.0,0.0,-0.34843472
40467443,0.046191026,-0.026196055,0.0013913353,0.0,0.0,-0.3475172
40485498,0.08484535,0.015455058,0.004750464,0.0,0.0,-0.34792036
40506484,0.085215405,0.010976231,-0.003025693,0.0,0.0,-0.3470162
40526005,0.16968235,0.027826846,0.0015469147,0.0,0.0,-0.34838057
40541017,0.17561686,0.06464514,-0.0073546837,0.0,0.0,-0.34898353
40569534,0.29973066,0.1336171,-6.5109525e-05,0.0,0.0,-0.35207516
40586069,0.33129022,0.19969866,-0.0055855294,0.0,0.0,-0.3540538
40605630,0.4280541,0.24865729,0.0014079161,0.0,0.0,-0.35494274
40625108,0.31137446,0.22942038,-0.0050834194,0.0,0.0,-0.35358652
40643153,0.2991672,0.17378424,-0.0027639468,0.0,0.0,-0.35279578
40664138,0.2520753,0.15649596,-0.004365712,0.0,0.0,-0.35455176
40683657,0.2930461,0.10053554,-0.0012077066,0.0,0.0,-0.35447058
40709189,0.2657351,0.095175736,-0.006024804,0.0,0.0,-0.3553177
40727185,0.24588498,0.11927473,-0.0025681702,0.0,0.0,-0.3574539
40748275,0.31002033,0.1478367,-0.0013617745,0.0,0.0,-0.35923046
40763273,0.2613377,0.16128822,-0.0013209815,0.0,0.0,-0.35850352
40782749,0.3366073,0.09066606,0.0017431683,0.0,0.0,-0.3560135
40806784,0.08487428,-0.0015469542,-0.01012503,0.0,0.0,-0.35427868
40826303,0.14306763,-0.027643792,0.0074941763,0.0,0.0,-0.35563692
40841324,0.11495516,-0.0060143596,-0.0038065356,0.0,0.0,-0.35767862
40860911,0.16467193,0.05067972,0.0013734658,0.0,0.0,-0.35975784
40886366,0.10517082,0.07083348,-0.008674699,0.0,0.0,-0.35893896
40905931,0.04861635,0.031421065,0.0030992771,0.0,0.0,-0.35688496
40925431,0.03569504,0.014640109,-0.004138066,0.0,0.0,-0.3577913
40943445,-0.017962283,-0.008886544,-0.0014962235,0.0,0.0,-0.35847616
40962929,-0.0005951631,0.04370164,0.00024128237,0.0,0.0,-0.36040184
40988523,-0.0063432604,0.02938537,-0.0035152566,0.0,0.0,-0.35897434
41006460,0.026146997,0.013071729,0.0037250405,0.0,0.0,-0.35883293
41026037,-0.08779566,0.020208491,-0.002335689,0.0,0.0,-0.3580615
41041057,-0.081094295,-0.025937695,0.004728909,0.0,0.0,-0.35638958
41066538,-0.23861068,-0.07281163,-0.0026443778,0.0,0.0,-0.35434416
41086107,-0.24146053,-0.12625313,0.0068482133,0.0,0.0,-0.3535083
41105584,-0.36080557,-0.19594805,-0.0020302795,0.0,0.0,-0.3514349
41129580,-0.28082845,-0.15025479,0.007834123,0.0,0.0,-0.3541625
41146175,-0.26425046,-0.10152818,-0.0026756981,0.0,0.0,-0.355014
41165631,-0.19662601,-0.06933606,0.0043667867,0.0,0.0,-0.3539575
41183696,-0.23910108,-0.109281994,0.004934589,0.0,0.0,-0.35015503
41198710,-0.39408508,-0.16752115,-0.013413634,0.0,0.0,-0.34839773
41224200,-0.3285411,-0.26595756,0.016212622,0.0,0.0,-0.34747413
41248225,-0.4395265,-0.25889605,-0.012056,0.0,0.0,-0.34820914
41263223,-0.21417955,-0.20570923,0.014378241,0.0,0.0,-0.35061106
41287250,-0.28648534,-0.13164902,-0.006244822,0.0,0.0,-0.35198924
41308279,-0.12611601,-0.052144837,0.012781953,0.0,0.0,-0.35147268
41326352,-0.16245796,-0.03750623,-0.0069080135,0.0,0.0,-0.35295424
41341362,-0.090118915,0.01175559,-0.00897274,0.0,0.0,-0.354375
41366837,0.10665972,0.08040895,-0.003981508,0.0,0.0,-0.3571152
41384853,0.08991671,0.10338284,-0.0017007833,0.0,0.0,-0.3561512
41408911,0.1390957,0.09506942,0.0021534448,0.0,0.0,-0.35549903
41419422,0.026893497,0.076062195,-0.014675849,0.0,0.0,-0.35489303
41443410,0.09494272,0.02958793,0.022081487,0.0,0.0,-0.35526094
41467442,-0.12361643,-0.041011855,-0.009372154,0.0,0.0,-0.35256732
41485447,-0.025784895,-0.0949646,0.010659214,0.0,0.0,-0.3517857
41500464,-0.16161601,-0.10579271,-0.0019052841,0.0,0.0,-0.3518388
41524491,-0.22481304,-0.15601428,0.006083699,0.0,0.0,-0.35252807
41548510,-0.14357838,-0.103713185,-0.0022825475,0.0,0.0,-0.3542861
41566567,-0.22798404,-0.08481997,-0.005684541,0.0,0.0,-0.35436922
41587557,0.0062398305,0.07356164,-0.000607848,0.0,0.0,-0.35953113
41607069,0.0920252,0.19382413,-0.0019323344,0.0,0.0,-0.362239
41626689,0.20155632,0.23979852,-0.000500056,0.0,0.0,-0.3611989
41641645,0.20609047,0.19277723,-0.009971124,0.0,0.0,-0.3597401
41667142,0.18110208,0.17260502,0.00033359614,0.0,0.0,-0.3601501
41686694,0.13270316,0.16264407,-0.0055928472,0.0,0.0,-0.3610853
41706174,0.15078203,0.16489583,0.00047141747,0.0,0.0,-0.36184692
41724225,0.19589803,0.11580441,0.0015222111,0.0,0.0,-0.36126503
41745215,0.07057627,0.11768983,-0.00034662514,0.0,0.0,-0.3599275
41764725,0.05277405,0.084386304,-0.0030622997,0.0,0.0,-0.3597002
41784297,0.05248963,0.10239807,-0.005159052,0.0,0.0,-0.36207047
41808257,0.18489563,0.17265238,-5.9600483e-05,0.0,0.0,-0.36459544
41829342,0.24817821,0.25375158,-0.0075011356,0.0,0.0,-0.3657803
41844357,0.30943102,0.23981822,-0.00029622312,0.0,0.0,-0.36351362
41866866,0.17816013,0.21662378,-0.00550731,0.0,0.0,-0.36270696
41887853,0.16477281,0.15623583,0.001055803,0.0,0.0,-0.36311343
41902869,0.14920199,0.117539495,-0.008424475,0.0,0.0,-0.36259928
41922376,0.10098528,0.091937475,0.0011578826,0.0,0.0,-0.36320895
41941950,0.09742704,0.0773042,-0.002091498,0.0,0.0,-0.36236283
41967430,0.047859203,0.024956878,0.0032031238,0.0,0.0,-0.36152786
41986992,-0.014153542,-0.011739975,-0.005167308,0.0,0.0,-0.36077574
42006470,0.048650645,0.004766689,0.0024633312,0.0,0.0,-0.36184645
42024522,0.046895787,0.0061846795,0.0070562307,0.0,0.0,-0.36207542
42045519,-0.017976968,-0.0022689735,-0.0012730754,0.0,0.0,-0.3607569
42065030,-0.041151512,-0.019756515,0.0024785637,0.0,0.0,-0.3598101
42084611,-0.18296972,-0.061958984,-0.004231557,0.0,0.0,-0.35866868
42108551,-0.05837633,-0.06583544,0.011310837,0.0,0.0,-0.35973758
42125092,-0.30239713,-0.11870162,-0.006932689,0.0,0.0,-0.35495993
42144649,-0.3274269,-0.19933967,0.006611911,0.0,0.0,-0.35354397
42167165,-0.3435069,-0.18057765,0.0043946607,0.0,0.0,-0.3567645
42186647,-0.22930515,-0.15498404,0.0039174217,0.0,0.0,-0.35693693
42201660,-0.2456349,-0.08716968,0.003246658,0.0,0.0,-0.35831892
42221181,-0.23082708,-0.06889584,0.0019180144,0.0,0.0,-0.3580313
42249756,-0.23002738,-0.07762854,0.0026840093,0.0,0.0,-0.35588315
42264767,-0.21050881,-0.061540067,-0.0005083612,0.0,0.0,-0.35701123
42279776,-0.23277722,-0.06635201,0.00051878544,0.0,0.0,-0.35659447
42305273,-0.18895766,-0.04893057,0.0043266877,0.0,0.0,-0.3581424
42324834,-0.15397352,-0.0409075,0.0018978282,0.0,0.0,-0.3573342
42344310,-0.17640516,-0.07810708,0.00221177,0.0,0.0,-0.35486093
42363844,-0.22297224,-0.11169999,0.0023944462,0.0,0.0,-0.35402453
42387848,-0.2393511,-0.12460708,-0.005324575,0.0,0.0,-0.35335422
42407408,-0.13280225,-0.075863436,0.0059263823,0.0,0.0,-0.35534605
42422430,-0.14073035,-0.048267517,-0.000845726,0.0,0.0,-0.35482538
42447918,-0.12405216,-0.051600765,0.0023424993,0.0,0.0,-0.3532432
42465926,-0.11467278,-0.07531065,-0.0007315565,0.0,0.0,-0.35282052
42486948,-0.0726815,-0.05150476,-0.0013598148,0.0,0.0,-0.35452825
42501958,-0.004734846,-0.011921011,-9.404825e-05,0.0,0.0,-0.35675722
42521468,0.04627241,0.04369261,-0.0003076054,0.0,0.0,-0.35805076
42545505,0.11147027,0.07759856,-0.0065843966,0.0,0.0,-0.3583152
42565074,0.12857473,0.14255613,0.0037478176,0.0,0.0,-0.36024964
42589026,0.22189847,0.14815211,-0.0048000594,0.0,0.0,-0.35981235
42605563,0.1658893,0.1626267,-0.0014538155,0.0,0.0,-0.35988373
42625137,0.18703616,0.1274964,0.0044632293,0.0,0.0,-0.35926285
42644603,0.065797135,0.05742691,-0.0072818166,0.0,0.0,-0.3566181
42668610,0.051430378,0.0035614762,0.0050556073,0.0,0.0,-0.356816
42679122,-0.005897304,0.0014371754,-0.0048324945,0.0,0.0,-0.35771027
42707707,0.17276675,0.109822445,0.0030243718,0.0,0.0,-0.36235645
42722723,0.18011713,0.115982205,-0.008144453,0.0,0.0,-0.36156508
42746720,0.13071893,0.11410034,0.0046765334,0.0,0.0,-0.36067513
42767771,0.01321866,0.094857655,-0.011266395,0.0,0.0,-0.36020297
42787233,0.17449747,0.117906,0.0038687093,0.0,0.0,-0.36415413
42802266,0.28975573,0.14264934,0.0052043125,0.0,0.0,-0.36538208
42821776,0.19930892,0.22889324,-0.012998039,0.0,0.0,-0.3661523
42845833,0.3631124,0.2477722,0.013083012,0.0,0.0,-0.36720395
42865364,0.18070914,0.20759481,-0.015583782,0.0,0.0,-0.36509606
42878838,0.23179425,0.18388587,0.00015174758,0.0,0.0,-0.36567003
42904359,0.25932106,0.18883367,-0.013308934,0.0,0.0,-0.36833665
42923875,0.29877722,0.24498808,0.00011393464,0.0,0.0,-0.37121814
42943393,0.39342442,0.28309858,-0.006515778,0.0,0.0,-0.37247565
42967416,0.32665822,0.3117752,0.0017825749,0.0,0.0,-0.3724159
42986940,0.27891827,0.21713525,-0.0041526295,0.0,0.0,-0.36911377
43001944,0.17369896,0.15429637,-0.0020762677,0.0,0.0,-0.36685273
43025966,0.019776184,0.08143656,-0.0059415647,0.0,0.0,-0.36738753
43047002,0.08461462,0.067363136,0.006503621,0.0,0.0,-0.3700136
43066512,0.019855894,0.08920396,-0.01106586,0.0,0.0,-0.3696045
43086075,-0.0110200755,0.0509858,0.005986625,0.0,0.0,-0.36816594
43104043,0.0011536464,0.034701865,-7.189388e-05,0.0,0.0,-0.36685386
43123572,-0.071683735,-0.037543558,0.0032903487,0.0,0.0,-0.36489168
43143147,-0.18199043,-0.13468337,0.0034958238,0.0,0.0,-0.36086118
43161098,-0.38751718,-0.18990102,-0.004118254,0.0,0.0,-0.35950282
43180668,-0.47504675,-0.34904107,0.010419391,0.0,0.0,-0.35609058
43206162,-0.55376714,-0.3711239,0.005409398,0.0,0.0,-0.3565249
43225721,-0.5023586,-0.3332724,0.011805814,0.0,0.0,-0.35697636
43243690,-0.4803995,-0.26859814,0.001223622,0.0,0.0,-0.35856733
43267690,-0.2606804,-0.20032579,0.010217574,0.0,0.0,-0.3593043
43288733,-0.24544819,-0.14322162,-0.007943758,0.0,0.0,-0.3577852
43303752,-0.16700445,-0.14131783,0.010090841,0.0,0.0,-0.356421
43323309,-0.24095869,-0.19415763,0.00032882168,0.0,0.0,-0.35417596
43348791,-0.2660964,-0.20846896,0.0040148636,0.0,0.0,-0.3537742
43368353,-0.18264422,-0.16389152,-0.0018912188,0.0,0.0,-0.35621896
43381841,-0.067721084,-0.09731331,-0.0014124629,0.0,0.0,-0.35845456
43405900,0.081869,0.015745537,-0.00018305739,0.0,0.0,-0.35855216
43425368,0.06875859,0.028051307,-6.282769e-05,0.0,0.0,-0.35689685
43440378,0.1036786,-0.007920981,0.008372817,0.0,0.0,-0.35630566
43467390,-0.0034588042,-0.059722863,-0.0066765444,0.0,0.0,-0.3553485
43488470,-0.038131326,-0.097603634,0.0038658185,0.0,0.0,-0.35572344
43507994,-0.07341475,-0.10764032,-0.00047309705,0.0,0.0,-0.35538703
43522960,-0.13350408,-0.13070397,-0.0029503882,0.0,0.0,-0.35431296
43546975,-0.053289212,-0.06050094,0.00052782695,0.0,0.0,-0.3581626
43568002,0.07037787,0.054563753,-0.0022146867,0.0,0.0,-0.36065674
43583028,0.124158934,0.10763637,-0.00427901,0.0,0.0,-0.3623418
43601088,0.24366978,0.1712153,0.0006827654,0.0,0.0,-0.3634869
43626571,0.22213441,0.16428767,-0.0079112165,0.0,0.0,-0.36145142
43646137,0.26677752,0.14837627,0.008325561,0.0,0.0,-0.36214253
43665606,0.11849407,0.1390665,-0.006173794,0.0,0.0,-0.36221516
43680613,0.07465146,0.08419795,0.0015333322,0.0,0.0,-0.3604013
43706192,0.0020767692,0.01799541,-0.00091731147,0.0,0.0,-0.36008912
43725664,-0.047463864,-0.03866725,0.005427767,0.0,0.0,-0.3592851
43740669,-0.14970651,-0.07030086,-0.0021160701,0.0,0.0,-0.3575302
43767691,-0.14621076,-0.06386823,0.0037255392,0.0,0.0,-0.35993406
43788767,-0.019014608,0.03349259,-0.005484881,0.0,0.0,-0.3630459
43803793,-0.039512847,0.07269904,-0.0110728135,0.0,0.0,-0.36276013
43823261,0.1201835,0.10919229,0.009589819,0.0,0.0,-0.36370984
43848846,0.06494456,0.13870436,-0.00370275,0.0,0.0,-0.3647132
43863855,0.18898737,0.11864013,0.010688726,0.0,0.0,-0.36494178
43883315,0.10117295,0.15739706,-0.010687896,0.0,0.0,-0.36685765
43901381,0.1544867,0.11782555,0.0015807156,0.0,0.0,-0.36745048
43926865,0.14532,0.13219613,-0.0077427295,0.0,0.0,-0.36890686
43946426,0.11627631,0.10769845,0.0042575086,0.0,0.0,-0.36844465
43965899,0.06949286,0.07834807,-0.0043037296,0.0,0.0,-0.36753792
43980910,-0.004955368,0.06034141,0.0016733474,0.0,0.0,-0.36690676
44006488,-0.021248527,-0.018426873,-0.0063098716,0.0,0.0,-0.36592734
44025956,-0.12391559,-0.04341595,1.306829e-05,0.0,0.0,-0.3666705
44048462,0.017205574,-0.010063622,0.0048828404,0.0,0.0,-0.3693264
44069492,0.04651373,0.035073075,0.004953764,0.0,0.0,-0.36923718
44084522,0.08720726,-0.012008342,0.020049429,0.0,0.0,-0.36760068
44104083,-0.25205642,-0.1131997,-0.01866837,0.0,0.0,-0.36273286
44123551,-0.2296424,-0.22590885,0.02293333,0.0,0.0,-0.3614868
44138553,-0.38658333,-0.28789803,0.0014357807,0.0,0.0,-0.36068994
44164141,-0.50644875,-0.32452592,0.0046744277,0.0,0.0,-0.36060598
44188110,-0.39127034,-0.25929493,0.0007616435,0.0,0.0,-0.3638286
44203136,-0.3998514,-0.17884648,-0.0078122965,0.0,0.0,-0.36450842
44227141,-0.25413784,-0.15857056,0.013280598,0.0,0.0,-0.3628336
44248174,-0.39122725,-0.17052989,-0.0011926341,0.0,0.0,-0.36047336
44266198,-0.24257822,-0.17687178,0.005322927,0.0,0.0,-0.36090752
44281211,-0.26633197,-0.14954767,-0.0011821014,0.0,0.0,-0.36072367
44306780,-0.24511364,-0.15037529,0.006710849,0.0,0.0,-0.35850278
44326257,-0.3494795,-0.1878777,-0.004420907,0.0,0.0,-0.3568295
44345773,-0.28656542,-0.20351699,0.005655334,0.0,0.0,-0.3578072
44360790,-0.22671671,-0.13791823,0.000803739,0.0,0.0,-0.3595583
44380311,-0.17974381,-0.07461903,-0.00057920336,0.0,0.0,-0.36048123
44408837,-0.17527305,-0.06764544,-0.0037765284,0.0,0.0,-0.35676417
44423858,-0.23851052,-0.058732763,-0.0060372995,0.0,0.0,-0.3569433
44447859,-0.1267848,-0.122082785,0.010215751,0.0,0.0,-0.35543665
44468893,-0.1685313,-0.09924349,0.0013783909,0.0,0.0,-0.35767034
44488399,-0.051613178,-0.05346611,0.0015838332,0.0,0.0,-0.35958737
44503417,-0.14313695,-0.034502465,-0.015821334,0.0,0.0,-0.3600311
44527431,0.017946934,0.039792575,0.012733294,0.0,0.0,-0.36276487
44548464,0.006580861,0.08763761,-0.00860504,0.0,0.0,-0.36377025
44566484,0.11716407,0.08764894,0.004765561,0.0,0.0,-0.36303177
44581540,0.14677817,0.11594725,0.004618407,0.0,0.0,-0.3648967
44607069,0.1561001,0.10311262,0.0022900717,0.0,0.0,-0.36453855
44626550,0.11976362,0.09617536,-0.0015721786,0.0,0.0,-0.36500108
44646054,0.10578496,0.09799783,0.0010189157,0.0,0.0,-0.36652374
44661090,0.15370643,0.09001136,0.0023161245,0.0,0.0,-0.36722574
44680605,0.13175124,0.13691917,-0.0059162024,0.0,0.0,-0.37007245
44704675,0.2808974,0.20143756,0.0117629105,0.0,0.0,-0.37261733
44724138,0.23695129,0.2097953,-0.007040317,0.0,0.0,-0.37184414
44748153,0.29797816,0.22694796,0.0037948776,0.0,0.0,-0.37253472
44769176,0.29175064,0.24413484,-0.00068594224,0.0,0.0,-0.37570968
44784209,0.3086825,0.2622812,-0.0005098391,0.0,0.0,-0.3757537
44803720,0.35748556,0.28906575,0.0017000868,0.0,0.0,-0.37725177
44829251,0.30305064,0.24748616,0.00088903215,0.0,0.0,-0.3741617
44838241,0.21507236,0.22545841,-0.002498102,0.0,0.0,-0.37437367
44866777,0.13556708,0.10018688,0.00077309296,0.0,0.0,-0.37276262
44881811,0.1082609,0.11758015,-0.0054754964,0.0,0.0,-0.37424514
44907359,0.07627368,0.09440081,0.00072530226,0.0,0.0,-0.37512815
44926842,0.041014794,0.053863328,-0.0011460287,0.0,0.0,-0.37377632
44946355,0.06485385,0.07447222,0.002163007,0.0,0.0,-0.3747751
44961370,0.052066118,0.014754481,0.013100159,0.0,0.0,-0.37226546
44980895,-0.13883963,-0.062292892,-0.009890944,0.0,0.0,-0.36885846
45004967,-0.15761757,-0.1249351,0.023386987,0.0,0.0,-0.36870104
45024435,-0.29235247,-0.1955962,-0.010403633,0.0,0.0,-0.366822
45048439,-0.23515405,-0.15424277,0.010183713,0.0,0.0,-0.36891815
45065038,-0.16989055,-0.14060844,0.007846654,0.0,0.0,-0.36884847
45084509,-0.33889347,-0.24906515,0.001305686,0.0,0.0,-0.36230186
45104017,-0.32967573,-0.30453274,0.01501163,0.0,0.0,-0.36040047
45119022,-0.5413018,-0.42195916,0.0028838438,0.0,0.0,-0.3568218
45147584,-0.50174606,-0.41804582,0.006112342,0.0,0.0,-0.3571301
45167068,-0.43231854,-0.35767144,0.0018255208,0.0,0.0,-0.35962868
45182087,-0.4021108,-0.28340936,-0.0071867877,0.0,0.0,-0.3600753
45206101,-0.15348108,-0.17630604,0.008595459,0.0,0.0,-0.36299816
45227130,-0.024403103,-0.013965054,-0.00031774142,0.0,0.0,-0.36530918
45246650,0.18056643,0.078875124,0.0001563284,0.0,0.0,-0.36715707
45261666,0.18135826,0.15167156,-0.0012238986,0.0,0.0,-0.36802524
45281184,0.25533098,0.13321492,0.007896902,0.0,0.0,-0.36527956
45306706,0.060117416,0.020382259,-0.0013982289,0.0,0.0,-0.36090803
45326222,0.044911806,-0.042797454,8.774526e-05,0.0,0.0,-0.362299
45345744,0.049871434,-0.0063069994,0.0007926674,0.0,0.0,-0.36595273
45363785,0.10844736,0.044673987,0.0054462096,0.0,0.0,-0.3662229
45389291,-0.0066787014,0.03413686,-0.0017973228,0.0,0.0,-0.36382142
45404318,-0.015216474,-0.04101143,0.0044511636,0.0,0.0,-0.36014387
45423904,-0.1496161,-0.11725457,0.00034271702,0.0,0.0,-0.35836452
45447873,-0.27166814,-0.17752646,0.0024376377,0.0,0.0,-0.35790944
45468867,-0.24009788,-0.17097075,0.0037081093,0.0,0.0,-0.3595363
45483889,-0.2375325,-0.16757642,-0.00032122736,0.0,0.0,-0.3593205
45506387,-0.13233414,-0.09339064,0.0030695884,0.0,0.0,-0.36159465
45527422,-0.06841548,-0.005126656,-0.0005880344,0.0,0.0,-0.3620317
45546943,0.00020474815,0.020545073,-0.0009704953,0.0,0.0,-0.36123443
45561959,-0.0076294313,0.0396254,-0.00429568,0.0,0.0,-0.36299133
45581475,0.098555334,0.07867542,0.0033694156,0.0,0.0,-0.36438197
45606998,0.1716832,0.101818234,0.0035551372,0.0,0.0,-0.36605942
45626515,0.24342524,0.12038024,0.0021898432,0.0,0.0,-0.3658912
45646035,0.10340788,0.116771385,-0.0008927321,0.0,0.0,-0.36507753
45664053,0.12955454,0.038595106,0.006199672,0.0,0.0,-0.36287442
45685087,0.004555773,0.03950329,-0.0023865032,0.0,0.0,-0.3649701
45704630,-0.04650931,-0.055330418,-0.000928799,0.0,0.0,-0.3629662
45724139,0.014734019,-0.0085763205,0.00015242121,0.0,0.0,-0.36734164
45749641,0.15839532,0.08482983,-0.0019827683,0.0,0.0,-0.36949378
45764663,0.19559386,0.13498169,-0.002914263,0.0,0.0,-0.3695556
45784180,0.30136457,0.17399456,0.0014804088,0.0,0.0,-0.37109888
45806688,0.30531588,0.20831129,0.0012681957,0.0,0.0,-0.371233
45826200,0.26825196,0.15807526,-0.0025623203,0.0,0.0,-0.3691045
45847230,0.26469576,0.1402969,0.0025461167,0.0,0.0,-0.37113628
45862252,0.26035625,0.103493616,0.003003094,0.0,0.0,-0.37079495
45881774,0.14406633,0.055935927,-0.0031545607,0.0,0.0,-0.3687657
45907299,0.09982858,-0.0097604655,0.001320263,0.0,0.0,-0.36905828
45926810,0.086191185,0.0070545822,-0.0034327512,0.0,0.0,-0.37118265
45949336,0.21638548,0.0310671,0.01028394,0.0,0.0,-0.37189114
45964357,0.09326974,0.026568905,-0.0073333983,0.0,0.0,-0.3708832
45983865,0.14437668,0.020945098,0.004682252,0.0,0.0,-0.37244257
46006375,0.061032936,0.042459946,-0.001134741,0.0,0.0,-0.3731092
46025949,0.08359275,0.036922958,0.0019081228,0.0,0.0,-0.37468842
46045513,0.13060264,0.007283725,0.004299922,0.0,0.0,-0.37278804
46060445,-0.056100763,-0.076094955,-0.017071312,0.0,0.0,-0.37002385
46086017,-0.08148297,-0.18024136,0.01446759,0.0,0.0,-0.36892164
46105482,-0.3187121,-0.277078,-0.004195621,0.0,0.0,-0.36645013
46120496,-0.35940966,-0.26924095,0.005814085,0.0,0.0,-0.3668118
46147512,-0.3460643,-0.2880516,0.0011557336,0.0,0.0,-0.3677926
46168582,-0.24156913,-0.19215608,0.0017464549,0.0,0.0,-0.37081596
46183609,-0.086398184,-0.08192098,0.006819555,0.0,0.0,-0.3723914
46203084,-0.046342265,0.0033556193,-0.0034486793,0.0,0.0,-0.37255552
46228656,0.0753101,0.05356332,-0.0016867629,0.0,0.0,-0.3719583
46243679,0.025676124,0.05347442,-0.0031386134,0.0,0.0,-0.3716478
46267636,0.055022642,-0.0021358826,0.00023177167,0.0,0.0,-0.36848766
46285642,-0.023825133,-0.019588089,-0.005554691,0.0,0.0,-0.36811998
46306683,-0.1163941,-0.15273374,0.0015813482,0.0,0.0,-0.36532992
46326268,-0.18131442,-0.16422033,-0.0006250867,0.0,0.0,-0.36616397
46345759,-0.16332035,-0.14323777,0.0031296602,0.0,0.0,-0.36694226
46360737,-0.078096986,-0.08801491,0.00075545197,0.0,0.0,-0.36785075
46386305,-0.035822395,-0.00967209,0.0032744384,0.0,0.0,-0.36920974
46405780,0.029886268,0.020844292,-0.00088877697,0.0,0.0,-0.36899048
46428284,0.008080011,0.0511099,-0.0027175746,0.0,0.0,-0.36846477
46449314,0.0498649,0.08315973,-0.0015634631,0.0,0.0,-0.37006786
46464338,0.105615556,0.066579506,-0.011717332,0.0,0.0,-0.3697088
46483903,0.22499812,0.11819999,0.007530171,0.0,0.0,-0.3717835
46503377,0.24973564,0.15125301,-0.0061548334,0.0,0.0,-0.3719336
46518384,0.21216914,0.18914641,0.00039045472,0.0,0.0,-0.37233284
46543958,0.19978072,0.13865332,-0.0022747165,0.0,0.0,-0.37056336
46567927,0.063084394,0.04652093,0.004466403,0.0,0.0,-0.36805844
46585939,0.012395847,-0.05822294,0.0034460006,0.0,0.0,-0.36573148
46607002,-0.11663888,-0.042699464,8.79144e-05,0.0,0.0,-0.3684413
46626538,-0.09783266,-0.03703345,-0.00045563787,0.0,0.0,-0.36895716
46646023,-0.027805535,0.0074852067,-0.00047894978,0.0,0.0,-0.37066054
46661031,0.052317932,0.06340936,0.0057279943,0.0,0.0,-0.37165162
46686594,0.05605904,0.054691654,0.0009180852,0.0,0.0,-0.3678751
46706071,-0.019713663,-0.011543354,-0.0026653344,0.0,0.0,-0.3647682
46728573,-0.0871483,-0.032295287,-0.0019197457,0.0,0.0,-0.36696413
46739153,0.023998605,0.0038360693,0.0023658026,0.0,0.0,-0.3688678
46764627,0.06201923,0.10789787,-0.002828746,0.0,0.0,-0.37145725
46784198,0.17700098,0.09798261,0.0059530833,0.0,0.0,-0.37023
46803664,0.07057751,0.055031795,-0.00822711,0.0,0.0,-0.3674055
46827676,0.08415589,-0.0074210595,0.0060691703,0.0,0.0,-0.36685926
46848696,-0.037166305,-0.061704263,-0.0031669363,0.0,0.0,-0.36550868
46863721,-0.05417924,-0.03333079,-0.0033842388,0.0,0.0,-0.36736166
46881794,0.011462036,-0.0512299,0.0008698044,0.0,0.0,-0.3691221
46907266,0.11097566,-0.005668845,-0.00072590203,0.0,0.0,-0.3697833
46926825,0.08457588,0.0091959,0.0034287896,0.0,0.0,-0.3691203
46946298,0.047642857,-0.039426003,-0.0028973005,0.0,0.0,-0.36674905
46961314,0.05248043,-0.06569865,0.0012670613,0.0,0.0,-0.36671335
46986888,0.057118073,-0.098753065,0.0005132026,0.0,0.0,-0.3667233
47006360,-0.0051196385,-0.05387265,-0.0062105185,0.0,0.0,-0.36768436
47021383,0.132166,-0.032064296,0.0047368505,0.0,0.0,-0.3693221
47048420,0.09061868,-0.015296218,-0.010667711,0.0,0.0,-0.36844856
47064919,0.17173307,0.0067895604,0.013461912,0.0,0.0,-0.36818403
47084480,0.0432948,-0.050452545,-0.012355271,0.0,0.0,-0.36503443
47103953,0.017380072,-0.084243216,0.005705937,0.0,0.0,-0.3646964
47127967,0.08749117,-0.059184276,0.0025908125,0.0,0.0,-0.36627898
47148993,-0.020826448,-0.032081805,0.0004195718,0.0,0.0,-0.36603287
47162514,0.108550265,-0.014656778,0.013377339,0.0,0.0,-0.36752427
47186534,0.036766753,0.081037976,-0.005987084,0.0,0.0,-0.37066847
47206044,0.24225119,0.11344723,0.0033779617,0.0,0.0,-0.37112063
47221077,0.13575763,0.14253992,-0.00740727,0.0,0.0,-0.3711982
47239093,0.17160884,0.10193662,0.0034401016,0.0,0.0,-0.36895847
47264657,-0.038567476,0.0018932268,-0.011939346,0.0,0.0,-0.36661616
47284127,-0.10565071,-0.06568884,0.006954902,0.0,0.0,-0.36641052
47303644,-0.06903535,-0.03344162,-0.0014951373,0.0,0.0,-0.3698559
47327657,-0.081451714,-0.024063334,0.0019544892,0.0,0.0,-0.37002885
47348681,-0.14377129,-0.0649446,-0.0026925143,0.0,0.0,-0.3659551
47363701,-0.2058014,-0.09189134,-0.0046278043,0.0,0.0,-0.3650347
47381767,-0.20523022,-0.15832554,0.0053401277,0.0,0.0,-0.36325476
47407293,-0.35925102,-0.20213248,-0.0020155974,0.0,0.0,-0.3625196
47426765,-0.22366422,-0.17995566,0.010012433,0.0,0.0,-0.36389548
47446279,-0.2679464,-0.13843349,-0.001768295,0.0,0.0,-0.3642382
47461308,-0.18295033,-0.1669761,0.0022732518,0.0,0.0,-0.36176273
47486827,-0.13403475,-0.07366233,-0.0062198676,0.0,0.0,-0.36439583
47506339,0.02931347,0.043477744,0.009730101,0.0,0.0,-0.36823946
47521367,0.06894705,0.081900425,-0.003909397,0.0,0.0,-0.36776224
47548362,0.19324657,0.09165892,0.009254029,0.0,0.0,-0.36643207
47569399,0.102909826,0.03519413,-0.0038720085,0.0,0.0,-0.3631446
47584416,0.10639921,0.03443671,0.0010269033,0.0,0.0,-0.36543563
47603932,0.13898392,0.05996815,0.0010661883,0.0,0.0,-0.36779413
47627945,0.1259484,0.047515906,-0.0021051397,0.0,0.0,-0.3674583
47644481,0.23004237,0.12775683,0.0008710671,0.0,0.0,-0.36977866
47663998,0.23297536,0.1919924,-0.007078847,0.0,0.0,-0.37092862
47683509,0.34428164,0.2246997,0.0024395108,0.0,0.0,-0.37282673
47709037,0.3875585,0.3265856,-0.0032061718,0.0,0.0,-0.37590393
47727041,0.48750627,0.33832246,0.001684936,0.0,0.0,-0.37613684
47746568,0.4429344,0.34501058,-0.0017767891,0.0,0.0,-0.37609336
47761599,0.41998172,0.29352847,-0.00035883312,0.0,0.0,-0.37536776
47785597,0.32981506,0.20068885,-0.0004991369,0.0,0.0,-0.37309226
47806633,0.21481957,0.102428496,0.0026062955,0.0,0.0,-0.37321028
47826148,0.10206604,0.051372096,-0.00012608706,0.0,0.0,-0.37162513
47841165,-0.003815249,-0.031994652,-0.009221461,0.0,0.0,-0.3696938
47860692,-0.013670727,-0.04586332,0.0055142073,0.0,0.0,-0.37079674
47884708,-0.017532978,-0.04492461,-0.0052676373,0.0,0.0,-0.37131998
47904227,0.0032909447,-0.03337211,0.0070734657,0.0,0.0,-0.37068796
47919237,0.0146608725,-0.02126057,-0.0012318183,0.0,0.0,-0.369656
47944772,-0.06481148,-0.08516844,0.0053759837,0.0,0.0,-0.3676482
47968785,-0.13671865,-0.12665069,-0.00086610246,0.0,0.0,-0.36643693
47983802,-0.17634702,-0.13388154,-0.0060197413,0.0,0.0,-0.36588
48003328,-0.045014475,-0.13214727,0.018869752,0.0,0.0,-0.36668366
48027341,-0.17435484,-0.184012,-0.01642085,0.0,0.0,-0.3628874
48046859,-0.20738915,-0.20428434,0.01570776,0.0,0.0,-0.36268428
48061876,-0.20524411,-0.19466598,0.002552486,0.0,0.0,-0.36418843
48087406,-0.1430262,-0.14427996,0.004091667,0.0,0.0,-0.36405343
48106925,-0.054574415,-0.089896925,0.006144656,0.0,0.0,-0.3656172
48126435,-0.12081878,-0.05335722,-0.005775748,0.0,0.0,-0.36566743
48141450,0.014762097,-0.062452856,0.0049695345,0.0,0.0,-0.3653438
48160973,-0.059782464,-0.018998247,-0.0020657165,0.0,0.0,-0.3656839
48185009,-0.034555227,-0.047036964,0.005032448,0.0,0.0,-0.36325535
48204513,-0.13450319,-0.06872215,-0.0039732927,0.0,0.0,-0.3623194
48219527,-0.09223937,-0.08639552,0.003710243,0.0,0.0,-0.3622264
48248088,-0.091527544,-0.0765111,-0.0013254666,0.0,0.0,-0.3621565
48269070,-0.11277791,-0.07829742,0.00014365655,0.0,0.0,-0.36213878
48284110,-0.051324643,-0.029931627,0.0041200374,0.0,0.0,-0.36332196
48303612,-0.010237133,0.004919225,-0.003588939,0.0,0.0,-0.36410013
48329127,0.014393144,0.07300353,0.00030523702,0.0,0.0,-0.36442158
48342650,0.0497637,0.07572293,-7.427123e-05,0.0,0.0,-0.3654931
48360706,0.026112761,0.058037862,-0.0013448361,0.0,0.0,-0.36484328
48386193,0.09346374,0.07240718,-0.000768165,0.0,0.0,-0.36647636
48405757,0.13415895,0.122090615,-0.0012032784,0.0,0.0,-0.36790666
48425224,0.13159765,0.14862373,1.3478086e-05,0.0,0.0,-0.3683939
48443272,0.1237072,0.14601272,-0.0026599888,0.0,0.0,-0.36871994
48468769,0.17704953,0.13035077,0.006907343,0.0,0.0,-0.36965984
48483786,0.08194388,0.13918446,-0.0049081566,0.0,0.0,-0.3697456
48503344,0.10240563,0.14538272,0.0017863166,0.0,0.0,-0.37030655
48528824,0.020425143,0.09448066,-0.0027279637,0.0,0.0,-0.36803284
48548386,-0.10600329,-0.03746763,-0.0034084425,0.0,0.0,-0.36418924
48563406,-0.044913158,-0.03154274,0.0021282209,0.0,0.0,-0.36670178
48585917,-0.13566779,-0.0027408819,-0.0046206824,0.0,0.0,-0.36782122
48606901,0.009784545,0.00327115,0.0061646583,0.0,0.0,-0.36807352
48626426,-0.054007176,0.018945146,-0.0026599076,0.0,0.0,-0.36717194
48645976,-0.062498413,0.018665414,0.004966647,0.0,0.0,-0.36577654
48660993,-0.20156921,-0.10228624,-0.0066848947,0.0,0.0,-0.36236653
48686482,-0.19920695,-0.15573181,0.006436934,0.0,0.0,-0.36450568
48706034,-0.18069637,-0.08893889,-0.0033318482,0.0,0.0,-0.36725777
48721057,-0.1772858,-0.061801836,-0.0054098936,0.0,0.0,-0.36708257
48748021,0.028971344,0.009299939,0.00067488325,0.0,0.0,-0.3692294
48764556,0.08348575,0.071530364,-0.0015280191,0.0,0.0,-0.3701594
48784071,0.1649335,0.112758376,-0.0017970033,0.0,0.0,-0.37067372
48803631,0.14239341,0.13265476,-0.0014265134,0.0,0.0,-0.37176418
48829112,0.17109814,0.13412216,-0.0017861272,0.0,0.0,-0.3722549
48844123,0.16807263,0.10208293,-0.00023856759,0.0,0.0,-0.3710254
48863693,0.19402693,0.079053886,0.0021147875,0.0,0.0,-0.371386
48881666,0.09472992,0.07803905,-0.0010727562,0.0,0.0,-0.37065995
48905677,0.045659233,0.018840859,0.00022972439,0.0,0.0,-0.36852315
48926705,-0.046001837,-0.030737892,-0.0016743675,0.0,0.0,-0.3693032
48946271,0.1050588,0.021446977,0.010195858,0.0,0.0,-0.37174124
48961278,-0.016626973,0.018392593,-0.007294005,0.0,0.0,-0.36883563
48986775,0.10367026,-0.005085533,0.017328832,0.0,0.0,-0.3691176
49006329,0.08981294,0.0005057272,-0.0032709097,0.0,0.0,-0.36838382
49024313,-0.09240265,-0.08772004,0.0027325887,0.0,0.0,-0.3641576
49039314,-0.10389684,-0.16408306,0.024005074,0.0,0.0,-0.36310634
49064843,-0.4509321,-0.30419835,-0.004529591,0.0,0.0,-0.3584335
49088902,-0.37334394,-0.31683818,0.020812768,0.0,0.0,-0.36044952
49103920,-0.4963869,-0.26418304,-0.006242026,0.0,0.0,-0.36306906
49118936,-0.37847838,-0.22742555,0.0036849878,0.0,0.0,-0.36325154
49147401,-0.21958306,-0.12067831,-0.0048488597,0.0,0.0,-0.3647597
49166978,-0.074439704,-0.082496926,0.007675798,0.0,0.0,-0.36468306
49181954,0.022297595,-0.03380578,0.01203182,0.0,0.0,-0.36559913
49207473,-0.05471468,-0.043954775,0.00030209194,0.0,0.0,-0.3647031
49226994,0.010191269,-0.03858158,0.001971658,0.0,0.0,-0.36540037
49246557,-0.08619714,-0.070187725,-0.003108201,0.0,0.0,-0.36374205
49261574,-0.011204257,-0.08057868,0.0026224358,0.0,0.0,-0.36460084
49287056,0.035189427,-0.040366344,-0.0061918967,0.0,0.0,-0.36694375
49306619,0.14171162,-0.0017387016,0.005939623,0.0,0.0,-0.36689082
49324591,0.059085313,-0.027561206,-0.0029943243,0.0,0.0,-0.36470652
49339598,-0.027122546,-0.11698317,0.0006185672,0.0,0.0,-0.36211064
49365133,-0.1693367,-0.19909395,-0.00054933847,0.0,0.0,-0.35991618
49389202,-0.2100225,-0.17895526,0.0020161634,0.0,0.0,-0.36177436
49404208,-0.12039771,-0.17450954,0.0053764735,0.0,0.0,-0.36264282
49428182,-0.20036174,-0.15369737,-0.004659699,0.0,0.0,-0.3618011
49449254,0.034731932,-0.0377162,-0.49856824,0.0,0.0,-0.3668326
49462720,0.15382761,0.036618073,-0.5130488,0.0,0.0,-0.36519185
49482241,0.17528991,0.11974701,-0.52996165,0.0,0.0,-0.363666
49501831,0.3066658,0.12257275,-0.53241456,0.0,0.0,-0.3591294
49527281,0.17736337,0.1422712,-0.60822135,0.0,0.0,-0.35045344
49546842,0.276139,0.13495682,-0.5974649,0.0,0.0,-0.34800354
49561867,0.17063926,0.11764741,-0.58461785,0.0,0.0,-0.34824556
49581334,0.22290054,0.09949882,-0.59584725,0.0,0.0,-0.34503034
49605360,0.2297795,0.10727709,0.18133098,0.0,0.0,-0.34321976
49624921,0.030978836,0.095994845,0.18409497,0.0,0.0,-0.33794713
49648888,0.13565154,0.058617856,0.19560577,0.0,0.0,-0.33461335
49669920,0.024771776,0.082280874,0.15937185,0.0,0.0,-0.328273
49684937,0.13800502,0.0737262,0.1707682,0.0,0.0,-0.32968304
49704495,0.08785307,0.116456375,0.1514011,0.0,0.0,-0.3294949
49723991,0.17790478,0.10940834,0.14506021,0.0,0.0,-0.32686627
49742020,0.16963571,0.12784311,0.15084827,0.0,0.0,-0.32460457
49767503,0.06590269,0.039215934,0.13034853,0.0,0.0,-0.31435636
49782532,0.05279665,0.0050938814,0.13707401,0.0,0.0,-0.31922668
49808056,-0.093039334,-0.057776656,0.11371775,0.0,0.0,-0.31037065
49826055,-0.040580124,-0.08222629,0.11964577,0.0,0.0,-0.30953392
49847133,-0.06700607,-0.046412274,0.09615313,0.0,0.0,-0.30176377
49862144,0.09444659,-0.017694995,0.09586906,0.0,0.0,-0.3103848
49881614,0.07062292,0.06509787,0.09911756,0.0,0.0,-0.3096437
49905675,0.07791818,0.059385564,0.07909585,0.0,0.0,-0.31030896
49925165,0.18194878,0.032082733,0.08844623,0.0,0.0,-0.3172449
49949170,0.0981567,0.042410232,0.07045521,0.0,0.0,-0.3201441
49959740,0.19220205,0.034359425,0.06976944,0.0,0.0,-0.32536978
49985229,0.093488194,-0.01911252,0.08152985,0.0,0.0,-0.32690597
50004784,-0.08391791,-0.093379796,0.065963134,0.0,0.0,-0.32877865
50024256,-0.035976425,-0.15165025,0.08815712,0.0,0.0,-0.33341566
50039270,-0.23229983,-0.16590536,0.06644216,0.0,0.0,-0.33571824
50064846,-0.11283987,-0.16548328,0.076981254,0.0,0.0,-0.34056863
50084317,-0.19418614,-0.16641387,0.07175812,0.0,0.0,-0.34329486
50102373,-0.1930319,-0.15469912,0.06901158,0.0,0.0,-0.34574172
50127850,-0.3717687,-0.22182494,0.07381805,0.0,0.0,-0.34648237
50147414,-0.46382558,-0.26902726,0.06505517,0.0,0.0,-0.3473748
50166894,-0.37582347,-0.24835147,0.0699368,0.0,0.0,-0.3534691
50181903,-0.3358027,-0.14600013,0.06307301,0.0,0.0,-0.35679314
50207479,-0.25602588,-0.12059252,0.06625118,0.0,0.0,-0.3584395
50226948,-0.27106193,-0.1410324,0.056087248,0.0,0.0,-0.3597572
50245010,-0.17706847,-0.08356338,0.049110644,0.0,0.0,-0.36637768
50260024,-0.066473074,-0.036753748,0.05457551,0.0,0.0,-0.36894214
50285508,0.0050765835,0.057787936,0.0428065,0.0,0.0,-0.3742416
50305069,0.04483578,0.073011644,0.04727862,0.0,0.0,-0.3764481
50324546,0.05263974,0.06986289,0.04161606,0.0,0.0,-0.37854087
50348543,0.0719827,0.036320962,0.045713212,0.0,0.0,-0.3788305
50369584,0.0355282,0.034081217,0.03259257,0.0,0.0,-0.3825115
50383096,0.06278207,0.06643129,0.03539106,0.0,0.0,-0.37816623
50402662,0.080794804,0.13955142,0.026565345,0.0,0.0,-0.37490633
50428140,0.19570826,0.21926129,0.028376065,0.0,0.0,-0.36584264
50443155,0.19886877,0.23055385,0.026153836,0.0,0.0,-0.36399737
50467168,0.27455917,0.25264874,0.014183068,0.0,0.0,-0.35664338
50482228,0.29678124,0.2087175,0.027765185,0.0,0.0,-0.35444266
50506198,0.13283913,0.18164474,0.013610132,0.0,0.0,-0.34681207
50527231,0.15399605,0.10854196,0.016089737,0.0,0.0,-0.33709335
50545294,0.16255972,0.15482682,0.0027483003,0.0,0.0,-0.33443275
50569262,0.22125176,0.16173515,0.009644355,0.0,0.0,-0.326875
50585794,0.1738172,0.18596688,-0.0049999664,0.0,0.0,-0.31986967
50605359,-0.044419,0.27439788,0.0031528808,0.0,0.0,-0.26046073
50624820,-0.013962306,0.31074065,-0.026531488,0.0,0.0,-0.23271047
50648834,0.15172799,0.32042086,-0.0111673735,0.0,0.0,-0.22681198
50659357,0.065969296,0.28697005,-0.024219524,0.0,0.0,-0.22922379
50687938,0.2081848,0.23963478,-0.021028146,0.0,0.0,-0.23204525
50702948,0.16346137,0.2194593,-0.031442627,0.0,0.0,-0.23475675
50726914,0.21262854,0.20193225,-0.030266497,0.0,0.0,-0.23989412
50746428,0.18225545,0.20187527,-0.03985949,0.0,0.0,-0.24405237
50767461,0.37092897,0.23183936,-0.03796085,0.0,0.0,-0.2530578
50782474,0.3303519,0.27382976,-0.042752955,0.0,0.0,-0.25699973
50802039,0.3439336,0.2669321,-0.048979603,0.0,0.0,-0.2596181
50826021,0.3158762,0.20251732,-0.03973182,0.0,0.0,-0.260621
50845579,0.11429045,0.14576592,-0.041533172,0.0,0.0,-0.25954267
50860592,0.10159954,0.12063065,-0.018796096,0.0,0.0,-0.2556835
50886082,-0.11992735,0.5870626,-0.077524304,0.0,0.0,-0.20508233
50905648,0.023233896,0.54423285,-0.08776957,0.0,0.0,-0.20245636
50925116,0.1856082,0.38394392,-0.064448215,0.0,0.0,-0.19899212
50944644,0.03308559,0.17542192,-0.08620845,0.0,0.0,-0.20084672
50962633,0.1372323,0.03155553,-0.06496726,0.0,0.0,-0.20515618
50988217,-0.15796758,-0.09846628,-0.058430657,0.0,0.0,-0.20840158
51003233,-0.16579354,0.1497035,-0.0367572,0.0,0.0,-0.19748735
51027196,-0.22551522,0.35397476,-0.007928548,0.0,0.0,-0.19411966
51048272,-0.3549906,0.21583715,-0.01548101,0.0,0.0,-0.1853669
51067744,-0.19822127,0.021837078,0.0029367278,0.0,0.0,-0.16951826
51087314,-0.29677507,-0.027407004,-0.009082551,0.0,0.0,-0.17248386
51105271,-0.15298115,0.12631243,-0.008588461,0.0,0.0,-0.16927306
51126311,-0.14587957,0.2179401,-0.012866405,0.0,0.0,-0.17377707
51145869,0.002660721,0.36231917,-0.01285087,0.0,0.0,-0.16929607
51160887,-0.052622568,0.36683267,-0.012735294,0.0,0.0,-0.16667488
51180356,-0.13734637,0.24625278,-0.010841202,0.0,0.0,-0.16397674
51205932,-0.24759144,0.12124528,-0.0060904585,0.0,0.0,-0.15812452
51225401,-0.13176976,0.18034913,-0.009151404,0.0,0.0,-0.15731813
51244918,-0.07418648,0.3142073,-0.011019287,0.0,0.0,-0.1591398
51268933,-0.0019238227,0.33660033,-0.0050586076,0.0,0.0,-0.15443143
51283961,-0.1315766,0.22787996,-0.0027316574,0.0,0.0,-0.15217566
51303511,-0.16695242,0.17873591,0.0037705074,0.0,0.0,-0.14843138
51323011,-0.2706676,0.1746408,0.001139448,0.0,0.0,-0.14591989
51348565,-0.089816935,0.24772649,-0.0031139976,0.0,0.0,-0.14671338
51363577,-0.32475263,0.21577732,-0.0026574996,0.0,0.0,-0.12
51387549,-0.31536576,0.22020593,-0.0031504058,0.0,0.0,-0.12
51405556,-0.32454047,0.2042916,-0.0011622289,0.0,0.0,-0.12
51426590,-0.31250635,0.19077478,0.0008294415,0.0,0.0,-0.12
51446154,-0.2898627,0.202363,-0.005494565,0.0,0.0,-0.12
51461167,-0.2840412,0.20130794,-0.0027522135,0.0,0.0,-0.12
51489640,-0.29380143,0.19087945,-0.006317042,0.0,0.0,-0.12
51506211,-0.30436,0.19167522,0.0039122547,0.0,0.0,-0.12
51525695,-0.29900238,0.19138376,-0.0038985289,0.0,0.0,-0.12
51548192,-0.30331585,0.18863755,3.7754027e-05,0.0,0.0,-0.12
51558757,-0.29523483,0.19052011,-0.006783752,0.0,0.0,-0.12
51584247,-0.28584337,0.19528283,0.0055849017,0.0,0.0,-0.12
51603804,-0.28674647,0.19054669,-0.0054073697,0.0,0.0,-0.12
51623271,-0.29310304,0.18492435,-4.0492563e-05,0.0,0.0,-0.12
51647285,-0.28536838,0.19279163,0.0015413105,0.0,0.0,-0.12
51668322,-0.2752415,0.20494434,-0.005442324,0.0,0.0,-0.12
51687834,-0.2741936,0.20315394,0.003288448,0.0,0.0,-0.12
51702862,-0.27418146,0.1914018,-0.007758494,0.0,0.0,-0.12
51726863,-0.28669852,0.18091813,0.0036872602,0.0,0.0,-0.12
51747890,-0.27464452,0.19535758,-0.0033576277,0.0,0.0,-0.12
51765938,-0.26440644,0.2079799,-0.0014389036,0.0,0.0,-0.12
51780928,-0.26134238,0.20861614,-0.006464863,0.0,0.0,-0.12
51806501,-0.27450177,0.18798156,-0.004747028,0.0,0.0,-0.12
51825987,-0.28083897,0.18297039,0.0028070398,0.0,0.0,-0.12
51845482,-0.27578416,0.18557277,-0.0076745143,0.0,0.0,-0.12
51860501,-0.2751404,0.18562792,0.0015091565,0.0,0.0,-0.12
51886027,-0.27002358,0.18964721,-0.0041384306,0.0,0.0,-0.12
51905546,-0.27273884,0.18644662,-1.1211584e-05,0.0,0.0,-0.12
51923563,-0.26507187,0.191478,-0.00041862918,0.0,0.0,-0.12
51947570,-0.2772558,0.17569277,-0.0007239567,0.0,0.0,-0.12
51968605,-0.30875444,0.14977282,0.0060535073,0.0,0.0,-0.12
51983623,-0.3098066,0.15254377,-0.0046118144,0.0,0.0,-0.12
52003136,-0.29467103,0.15857479,0.0027520135,0.0,0.0,-0.12
52028667,-0.27828744,0.15969726,-0.005494742,0.0,0.0,-0.12
52048174,-0.28709042,0.15756662,0.0036603115,0.0,0.0,-0.12
52066200,-0.29370606,0.14730968,0.00043314433,0.0,0.0,-0.001
52081219,-0.3134704,0.14434758,0.008327276,0.0,0.0,-0.001
52106792,-0.32536143,0.1785379,-0.0035091015,0.0,0.0,-0.001
52126258,-0.3473643,0.22644857,6.2021936e-05,0.0,0.0,-0.001
52145776,-0.38316733,0.24612369,-0.003865968,0.0,0.0,-0.001
52160790,-0.40354332,0.23641434,-0.0021673087,0.0,0.0,-0.001
52189346,-0.39744368,0.21411006,-0.0038175515,0.0,0.0,-0.001
52204383,-0.35909817,0.22208834,0.0009266405,0.0,0.0,-0.001
52223843,-0.3301555,0.23310408,-0.0036059227,0.0,0.0,-0.001
52249427,-0.3407078,0.22870395,-0.0015103194,0.0,0.0,-0.001
52264458,-0.36263922,0.22059534,-0.0054198354,0.0,0.0,-0.001
52283914,-0.382981,0.22285372,-0.003225623,0.0,0.0,-0.001
52303428,-0.37975365,0.23607975,-0.0013078502,0.0,0.0,-0.001
52322980,-0.35828984,0.24220107,-0.0025737141,0.0,0.0,-0.001
52347016,-0.33286986,0.2360872,-0.0013604941,0.0,0.0,-0.001
52360477,-0.33023396,0.22740744,-0.002131404,0.0,0.0,-0.001
52386013,-0.34932664,0.22430657,-0.0016011802,0.0,0.0,-0.001
52405531,-0.3648208,0.23275623,-0.0023854245,0.0,0.0,-0.001
52423541,-0.3714639,0.24289268,-0.0019188405,0.0,0.0,-0.001
52447548,-0.37688446,0.23059557,-0.0028428098,0.0,0.0,-0.001
52468586,-0.37113085,0.22123748,-0.0039884555,0.0,0.0,-0.001
52483604,-0.3620899,0.22693634,-0.0023450465,0.0,0.0,-0.001
52503116,-0.34462103,0.24272022,-0.0017636775,0.0,0.0,-0.001
52528643,-0.34969673,0.23512311,-0.005007766,0.0,0.0,-0.001
52546642,-0.35931194,0.22840782,-0.000533791,0.0,0.0,-0.001
52566175,-0.36877275,0.22716811,-0.004727511,0.0,0.0,-0.001
52581195,-0.36453617,0.23725861,0.00037751746,0.0,0.0,-0.001
52606723,-0.35365155,0.26289463,-0.0040797424,0.0,0.0,-0.001
52626234,-0.34263203,0.25792035,-0.0014985462,0.0,0.0,-0.001
52645751,-0.3350141,0.25656325,-0.002446322,0.0,0.0,-0.001
52660768,-0.3348993,0.25695884,0.0007810077,0.0,0.0,-0.001
52680293,-0.33992416,0.25715575,-0.0025420994,0.0,0.0,-0.001
52705816,-0.347471,0.25661835,-0.0029365513,0.0,0.0,-0.001
52728325,-0.34862143,0.25569648,0.0007234891,0.0,0.0,-0.001
52746354,-0.35051095,0.25171986,-0.007312475,0.0,0.0,-0.001
52759905,-0.3555044,0.24746412,-0.002322008,0.0,0.0,-0.001
52785393,-0.36000988,0.24740921,-0.0021462163,0.0,0.0,-0.001
52804956,-0.35352916,0.25614908,-0.003595297,0.0,0.0,-0.001
52818423,-0.34999284,0.25670305,-0.002415911,0.0,0.0,-0.001
52846946,-0.35795182,0.24428216,0.0006510992,0.0,0.0,-0.001
52866469,-0.37224022,0.23544069,-0.0060612145,0.0,0.0,-0.001
52884472,-0.37772986,0.23887677,-0.0012473386,0.0,0.0,-0.001
52905507,-0.35878795,0.26142928,-0.0021163276,0.0,0.0,-0.001
52925072,-0.3416188,0.26246977,-0.0035950819,0.0,0.0,-0.001
52944550,-0.35194758,0.23930924,-0.0022188833,0.0,0.0,-0.001
52959554,-0.36552507,0.23003562,4.4545624e-05,0.0,0.0,-0.001
52985140,-0.36582282,0.25293565,-0.0009381849,0.0,0.0,-0.001
53004601,-0.3528499,0.26853266,-0.0017474305,0.0,0.0,-0.001
53027114,-0.3467478,0.26137263,-0.0049837623,0.0,0.0,-0.001
53046622,-0.34917003,0.2456488,0.0016057441,0.0,0.0,-0.001
53067704,-0.35113642,0.24713102,-0.0011859805,0.0,0.0,-0.001
53082718,-0.3522739,0.25576782,-0.0030969195,0.0,0.0,-0.001
53102197,-0.36406872,0.25376254,-0.0028016893,0.0,0.0,-0.001
53127763,-0.38625097,0.23551065,-0.0013756753,0.0,0.0,-0.001
53147229,-0.38510102,0.23998177,-0.002672986,0.0,0.0,-0.001
53169795,-0.36892065,0.25536758,-0.0018326428,0.0,0.0,-0.001
53180313,-0.3543493,0.2595037,-0.0017857671,0.0,0.0,-0.001
53205802,-0.35569808,0.24386406,-0.0018263927,0.0,0.0,-0.001
53225357,-0.36384013,0.23991668,-0.0019418029,0.0,0.0,-0.001
53244831,-0.365219,0.25089455,-0.0029218674,0.0,0.0,-0.001
53259841,-0.3605737,0.2595051,-0.0022154222,0.0,0.0,-0.001
53285418,-0.36132568,0.25160575,-0.0031149215,0.0,0.0,-0.001
53309391,-0.36760578,0.24045321,-0.0032076663,0.0,0.0,-0.001
53327397,-0.3628872,0.24967793,5.344172e-05,0.0,0.0,-0.001
53348435,-0.34426704,0.26851022,-0.0020174272,0.0,0.0,-0.001
53363442,-0.34008867,0.2695477,-0.001236268,0.0,0.0,-0.001
53384450,-0.34476763,0.25766256,-0.004270793,0.0,0.0,-0.001
53402476,-0.35237712,0.25113952,-0.00029853013,0.0,0.0,-0.001
53428036,-0.3491369,0.26155284,-0.0014156145,0.0,0.0,-0.001
53447510,-0.34016168,0.2722335,-0.0036393546,0.0,0.0,-0.001
53467025,-0.33563244,0.27078518,-0.0020985007,0.0,0.0,-0.001
53488101,-0.3381811,0.26068345,0.00045505425,0.0,0.0,-0.001
53507565,-0.33853516,0.26362342,-0.003997176,0.0,0.0,-0.001
53522620,-0.33881253,0.26843908,-0.0021565617,0.0,0.0,-0.001
53546604,-0.34284803,0.26761276,-0.00095846446,0.0,0.0,-0.001
53567631,-0.35091496,0.2582708,-0.0034328364,0.0,0.0,-0.001
53587192,-0.35142457,0.25829843,-0.0038363673,0.0,0.0,-0.001
53606665,-0.33961102,0.27187392,-0.0008697611,0.0,0.0,-0.001
53626179,-0.33098465,0.27576777,-0.0040023583,0.0,0.0,-0.001
53645750,-0.33264253,0.27091658,-0.0005738684,0.0,0.0,-0.001
53666722,-0.34162036,0.26074308,-0.0029273056,0.0,0.0,-0.001
53686241,-0.35210067,0.2583229,-0.0009639284,0.0,0.0,-0.001
53705804,-0.3452452,0.26906562,-0.0030975859,0.0,0.0,-0.001
53725274,-0.33983636,0.27241278,-0.002247174,0.0,0.0,-0.001
53746296,-0.3459006,0.2589494,-0.0028686174,0.0,0.0,-0.001
53765896,-0.35395506,0.25015882,-0.0015821293,0.0,0.0,-0.001
53785333,-0.3562203,0.25706822,-0.0021842453,0.0,0.0,-0.001
53804853,-0.36269426,0.25614136,-0.00079514727,0.0,0.0,-0.001
53824373,-0.36816812,0.2505714,-0.0054989248,0.0,0.0,-0.001
53845391,-0.36079785,0.2547368,-4.7665326e-05,0.0,0.0,-0.001
53860417,-0.34412742,0.26186314,-0.0027490642,0.0,0.0,-0.001
53882949,-0.34068134,0.26286858,-0.0041100318,0.0,0.0,-0.001
53905471,-0.35743654,0.25224388,-0.0046099517,0.0,0.0,-0.001
53923550,-0.37415624,0.24655893,-0.0021536301,0.0,0.0,-0.001
53946049,-0.3675152,0.2619412,-0.0025454226,0.0,0.0,-0.001
53959537,-0.3571358,0.26752448,-0.0026893578,0.0,0.0,-0.001
53982036,-0.3618343,0.25007686,-0.004803621,0.0,0.0,-0.001
54004564,-0.36970156,0.2436957,0.0015004613,0.0,0.0,-0.001
54027087,-0.36098883,0.2623096,-0.0008184556,0.0,0.0,-0.001
54040589,-0.3558555,0.26957136,0.0012630174,0.0,0.0,-0.001
54067633,-0.3608055,0.25445467,0.0019086367,0.0,0.0,-0.001
54081182,-0.37340486,0.23973314,-0.004144066,0.0,0.0,-0.001
54103707,-0.39311886,0.234361,-0.0016125747,0.0,0.0,-0.001
54126232,-0.3792975,0.26484305,-0.0024143998,0.0,0.0,-0.001
54148753,-0.35141397,0.27569982,-0.004423079,0.0,0.0,-0.001
54166760,-0.3431399,0.25865245,0.00040961796,0.0,0.0,-0.001
54184748,-0.35076153,0.24277276,-0.0077889725,0.0,0.0,-0.001
54202759,-0.35680318,0.254051,-0.0011235134,0.0,0.0,-0.001
54225284,-0.35495988,0.2760492,-0.0068843453,0.0,0.0,-0.001
54247812,-0.3509091,0.27369782,-0.0013136525,0.0,0.0,-0.001
54261359,-0.3498136,0.26209012,-0.002803938,0.0,0.0,-0.001
54288370,-0.35181695,0.25302163,-0.0020846704,0.0,0.0,-0.001
54306406,-0.35045934,0.26515058,-0.00327702,0.0,0.0,-0.001
54324373,-0.34818497,0.2746685,-0.0026372052,0.0,0.0,-0.001
54346897,-0.34726736,0.26910216,-0.0026491205,0.0,0.0,-0.001
54360408,-0.34687278,0.26285446,-0.002535474,0.0,0.0,-0.001
54382935,-0.3449624,0.2625841,-0.002069978,0.0,0.0,-0.001
54405472,-0.34659183,0.2680533,-0.0034396795,0.0,0.0,-0.001
54428051,-0.35310903,0.26624432,0.00031139748,0.0,0.0,-0.001
54445996,-0.3594411,0.25867152,-0.005266913,0.0,0.0,-0.001
54464061,-0.35691273,0.26121497,0.0025857943,0.0,0.0,-0.001
54482027,-0.35159877,0.2645193,-0.0038851046,0.0,0.0,-0.001
54504551,-0.3518625,0.26336664,-0.0045600915,0.0,0.0,-0.001
54527075,-0.35222664,0.2644772,0.0010953539,0.0,0.0,-0.001
54540580,-0.34998664,0.26674247,-0.0039488478,0.0,0.0,-0.001
54567620,-0.3557202,0.26080024,-0.0037715188,0.0,0.0,-0.001
54585631,-0.36382058,0.25486985,-0.0009388878,0.0,0.0,-0.001
54603645,-0.3629634,0.25885093,-0.006059822,0.0,0.0,-0.001
54626174,-0.351255,0.2695732,0.0015472316,0.0,0.0,-0.001
54639674,-0.3450345,0.26932886,-0.0032052724,0.0,0.0,-0.001
54662213,-0.34516415,0.26222184,-0.0033479293,0.0,0.0,-0.001
54684728,-0.34826544,0.26372978,-0.00018434113,0.0,0.0,-0.001
54707248,-0.35121173,0.26752955,-0.0049404935,0.0,0.0,-0.001
54725259,-0.35102648,0.26830858,-0.0033627688,0.0,0.0,-0.001
54747789,-0.3490041,0.26354468,-0.00092162425,0.0,0.0,-0.001
54761291,-0.34791183,0.2617385,-0.0026889408,0.0,0.0,-0.001
54783818,-0.3476133,0.264751,-0.0028483951,0.0,0.0,-0.001
54806344,-0.35092214,0.26633477,-0.0017480404,0.0,0.0,-0.001
54824401,-0.3561891,0.26165545,-0.0019842342,0.0,0.0,-0.001
54846923,-0.35410675,0.2629292,-0.0039292937,0.0,0.0,-0.001
54860422,-0.34908587,0.26586878,-0.0016769835,0.0,0.0,-0.001
54882906,-0.34163216,0.2664956,-0.002152149,0.0,0.0,-0.001
54905438,-0.34667572,0.25989628,-0.0042962087,0.0,0.0,-0.001
54918951,-0.35235035,0.25852478,-0.0016144228,0.0,0.0,-0.001
54946004,-0.3499892,0.26790467,-0.0028004213,0.0,0.0,-0.001
54968493,-0.34438264,0.2693934,-0.0036083823,0.0,0.0,-0.001
54982052,-0.34586927,0.2632348,-0.0028713588,0.0,0.0,-0.001
55004569,-0.35422185,0.25532573,-0.0041145184,0.0,0.0,-0.001
55027104,-0.3522697,0.26632148,-0.0009962554,0.0,0.0,-0.001
55040555,-0.34611368,0.27350077,-0.0030472958,0.0,0.0,-0.001
