timestamp,x,y,z,yaw,yawspeed,vx,vy,vz,acceleration[0],acceleration[1],acceleration[2],jerk[0],jerk[1],jerk[2],thrust[0],thrust[1],thrust[2]
63432892,nan,nan,nan,0.052413847,0.0,nan,nan,nan,0.0,0.0,100.0,0.0,0.0,0.0,-0.0,-0.0,-0.001
63446405,nan,nan,nan,0.05236602,0.0,nan,nan,nan,0.0,0.0,100.0,0.0,0.0,0.0,-0.0,-0.0,-0.001
63539454,nan,nan,nan,0.052393343,0.0,nan,nan,nan,0.0,0.0,100.0,0.0,0.0,0.0,-0.0,-0.0,-0.001
63632605,nan,nan,nan,0.052290633,0.0,nan,nan,nan,0.0,0.0,100.0,0.0,0.0,0.0,-0.0,-0.0,-0.001
63734466,nan,nan,nan,0.05235653,0.0,nan,nan,nan,0.0,0.0,100.0,0.0,0.0,0.0,-0.0,-0.0,-0.001
63834982,nan,nan,nan,0.05244198,0.0,nan,nan,nan,0.0,0.0,100.0,0.0,0.0,0.0,-0.0,-0.0,-0.001
63931059,nan,nan,nan,0.052340623,0.0,nan,nan,nan,0.0,0.0,100.0,0.0,0.0,0.0,-0.0,-0.0,-0.001
64037527,nan,nan,nan,0.052390523,0.0,nan,nan,nan,0.0,0.0,100.0,0.0,0.0,0.0,-0.0,-0.0,-0.001
64139552,nan,nan,nan,0.05238008,0.0,nan,nan,nan,0.0,0.0,100.0,0.0,0.0,0.0,-0.0,-0.0,-0.001
64235571,nan,nan,nan,0.052366212,0.0,nan,nan,nan,0.0,0.0,100.0,0.0,0.0,0.0,-0.0,-0.0,-0.001
64339159,nan,nan,nan,0.052339476,0.0,nan,nan,nan,0.0,0.0,100.0,0.0,0.0,0.0,-0.0,-0.0,-0.001
64432133,nan,nan,nan,0.052339215,0.0,nan,nan,nan,0.0,0.0,100.0,0.0,0.0,0.0,-0.0,-0.0,-0.001
64535676,nan,nan,nan,0.05228226,0.0,nan,nan,nan,0.0,0.0,100.0,0.0,0.0,0.0,-0.0,-0.0,-0.001
64637833,nan,nan,nan,0.052291844,0.0,nan,nan,nan,0.0,0.0,100.0,0.0,0.0,0.0,-0.0,-0.0,-0.001
64739720,nan,nan,nan,0.05238889,0.0,nan,nan,nan,0.0,0.0,100.0,0.0,0.0,0.0,-0.0,-0.0,-0.001
64838765,nan,nan,nan,0.052397944,0.0,nan,nan,nan,0.0,0.0,100.0,0.0,0.0,0.0,-0.0,-0.0,-0.001
64940798,nan,nan,nan,0.052412547,0.0,nan,nan,nan,0.0,0.0,100.0,0.0,0.0,0.0,-0.0,-0.0,-0.001
65033884,nan,nan,nan,0.05239439,0.0,nan,nan,nan,0.0,0.0,100.0,0.0,0.0,0.0,-0.0,-0.0,-0.001
65140369,nan,nan,nan,0.052359745,0.0,nan,nan,nan,0.0,0.0,100.0,0.0,0.0,0.0,-0.0,-0.0,-0.001
65236353,nan,nan,nan,0.052453116,0.0,nan,nan,nan,0.0,0.0,100.0,0.0,0.0,0.0,-0.0,-0.0,-0.001
65339917,nan,nan,nan,0.052456103,0.0,nan,nan,nan,0.0,0.0,100.0,0.0,0.0,0.0,-0.0,-0.0,-0.001
65440415,nan,nan,nan,0.05247264,0.0,nan,nan,nan,0.0,0.0,100.0,0.0,0.0,0.0,-0.0,-0.0,-0.001
65528947,nan,nan,nan,0.052518103,0.0,nan,nan,nan,0.0,0.0,100.0,0.0,0.0,0.0,-0.0,-0.0,-0.001
65635466,nan,nan,nan,0.05247477,0.0,nan,nan,nan,0.0,0.0,100.0,0.0,0.0,0.0,-0.0,-0.0,-0.001
65737500,nan,nan,nan,0.05247342,0.0,nan,nan,nan,0.0,0.0,100.0,0.0,0.0,0.0,-0.0,-0.0,-0.001
65835039,nan,nan,nan,0.052456602,0.0,nan,nan,nan,0.0,0.0,100.0,0.0,0.0,0.0,-0.0,-0.0,-0.001
65934036,nan,nan,nan,0.052501503,0.0,nan,nan,nan,0.0,0.0,100.0,0.0,0.0,0.0,-0.0,-0.0,-0.001
66036105,nan,nan,nan,0.052483376,0.0,nan,nan,nan,0.0,0.0,100.0,0.0,0.0,0.0,-0.0,-0.0,-0.001
66133608,nan,nan,nan,0.05245886,0.0,nan,nan,nan,0.0,0.0,100.0,0.0,0.0,0.0,-0.0,-0.0,-0.001
66240121,nan,nan,nan,0.052447956,0.0,nan,nan,nan,0.0,0.0,100.0,0.0,0.0,0.0,-0.0,-0.0,-0.001
66336156,nan,nan,nan,0.052554123,0.0,nan,nan,nan,0.0,0.0,100.0,0.0,0.0,0.0,-0.0,-0.0,-0.001
66439730,nan,nan,nan,0.052550524,0.0,nan,nan,nan,0.0,0.0,100.0,0.0,0.0,0.0,-0.0,-0.0,-0.001
66532866,nan,nan,nan,0.052576844,0.0,nan,nan,nan,0.0,0.0,100.0,0.0,0.0,0.0,-0.0,-0.0,-0.001
66634795,nan,nan,nan,0.052503936,0.0,nan,nan,nan,0.0,0.0,100.0,0.0,0.0,0.0,-0.0,-0.0,-0.001
66736756,nan,nan,nan,0.052518748,0.0,nan,nan,nan,0.0,0.0,100.0,0.0,0.0,0.0,-0.0,-0.0,-0.001
66838804,nan,nan,nan,0.0525274,0.0,nan,nan,nan,0.0,0.0,100.0,0.0,0.0,0.0,-0.0,-0.0,-0.001
66940812,nan,nan,nan,0.05257101,0.0,nan,nan,nan,0.0,0.0,100.0,0.0,0.0,0.0,-0.0,-0.0,-0.001
67033847,nan,nan,nan,0.052554544,0.0,nan,nan,nan,0.0,0.0,100.0,0.0,0.0,0.0,-0.0,-0.0,-0.001
67137420,nan,nan,nan,0.052602187,0.0,nan,nan,nan,0.0,0.0,100.0,0.0,0.0,0.0,-0.0,-0.0,-0.001
67240911,nan,nan,nan,0.052505717,0.0,nan,nan,nan,0.0,0.0,100.0,0.0,0.0,0.0,-0.0,-0.0,-0.001
67332485,nan,nan,nan,0.052468646,0.0,nan,nan,nan,0.0,0.0,100.0,0.0,0.0,0.0,-0.0,-0.0,-0.001
67439129,0.0,0.0,-1.0,0.0,0.0,-0.10600829,0.027070206,2.4014258,-0.4609708,0.2083334,9.722964,0.0,0.0,0.0,-0.00020056679,9.0645146e-05,-0.0042667957
67531987,0.0,0.0,-1.0,0.0,0.0,-0.10592896,0.026170824,2.2945647,-0.4630116,0.20222846,9.763957,0.0,0.0,0.0,-0.00010277397,4.488834e-05,-0.0021767481
67634006,0.0,0.0,-1.0,0.0,0.0,-0.10585653,0.025337964,2.1771874,-0.46851927,0.17030957,9.75031,0.0,0.0,0.0,-0.0001372407,4.9887814e-05,-0.0028725555
67736035,0.0,0.0,-1.0,0.0,0.0,-0.10579193,0.02466347,2.0597975,-0.45856306,0.17102271,9.713019,0.0,0.0,0.0,-0.00022322529,8.3252664e-05,-0.0047738454
67833737,0.0,0.0,-1.0,0.0,0.0,-0.10567799,0.024147617,1.9473907,-0.44546568,0.16300148,9.629381,0.0,0.0,0.0,-0.00041054463,0.00015022344,-0.009038206
67940146,0.0,0.0,-1.0,0.0,0.0,-0.105737716,0.023344794,1.824958,-0.4624817,0.17522314,9.563425,0.0,0.0,0.0,-0.00058482814,0.00022157725,-0.012401032
68037705,0.0,0.0,-1.0,0.0,0.0,-0.10589271,0.022704478,1.712726,-0.44374126,0.14793518,9.439362,0.0,0.0,0.0,-0.00084733625,0.00028248632,-0.018726509
68138151,0.0,0.0,-1.0,0.0,0.0,-0.10613481,0.022247586,1.5971483,-0.4622118,0.14017895,9.298861,0.0,0.0,0.0,-0.0012202597,0.00037007866,-0.02589007
68240222,0.0,0.0,-1.0,0.0,0.0,-0.10633659,0.021966092,1.4797007,-0.4618558,0.14410342,9.146119,0.0,0.0,0.0,-0.0015861117,0.00049488206,-0.033677712
68333247,0.0,0.0,-1.0,0.0,0.0,-0.106623314,0.021573026,1.3726704,-0.48587382,0.15572442,9.003938,0.0,0.0,0.0,-0.0020277346,0.0006498967,-0.04092695
68430741,0.0,0.0,-1.0,0.0,0.0,-0.10702488,0.021224411,1.2605062,-0.49104232,0.119394526,8.798495,0.0,0.0,0.0,-0.002573833,0.0006258149,-0.051401597
68537392,0.0,0.0,-1.0,0.0,0.0,-0.10756787,0.020798877,1.1377914,-0.49701267,0.08588537,8.5750885,0.0,0.0,0.0,-0.0031824315,0.00054993434,-0.062792175
68639297,0.0,0.0,-1.0,0.0,0.0,-0.108105786,0.020514838,1.0205454,-0.48563635,0.14084595,8.324054,0.0,0.0,0.0,-0.0037433936,0.0010856721,-0.07559138
68735353,0.0,0.0,-1.0,0.0,0.0,-0.108635664,0.020470755,0.9100335,-0.49121496,0.10372608,8.055066,0.0,0.0,0.0,-0.004473493,0.0009446331,-0.08930594
68837331,0.0,0.0,-1.0,0.0,0.0,-0.109186165,0.020783195,0.7927036,-0.49634922,0.11063889,7.754479,0.0,0.0,0.0,-0.005295694,0.0011804383,-0.10463162
68940866,0.0,0.0,-1.0,0.0,0.0,-0.109746926,0.021177905,0.67357516,-0.49229905,0.116090685,7.43643,0.0,0.0,0.0,-0.006066722,0.0014306138,-0.1208476
69038398,0.0,0.0,-1.0,0.0,0.0,-0.1101936,0.021727482,0.5613578,-0.5126112,0.17089875,7.120978,0.0,0.0,0.0,-0.0071576023,0.002386263,-0.13693118
69128402,0.0,0.0,-1.0,0.0,0.0,-0.1105798,0.022389157,0.45780882,-0.50541854,0.1537382,6.794198,0.0,0.0,0.0,-0.007915957,0.0024078758,-0.15359232
69237989,0.0,0.0,-1.0,0.0,0.0,-0.11120861,0.0225375,0.33171725,-0.52868915,0.12944064,6.3738923,0.0,0.0,0.0,-0.009435697,0.0023101717,-0.17502195
69335559,0.0,0.0,-1.0,0.0,0.0,-0.11177775,0.021979861,0.21946467,-0.51450115,0.10821177,5.9814596,0.0,0.0,0.0,-0.010232304,0.0021520955,-0.19503044
69434495,0.0,0.0,-1.0,0.0,0.0,-0.11218952,0.021211624,0.10562629,-0.49825957,0.13905215,5.5739145,0.0,0.0,0.0,-0.010964907,0.0030600394,-0.21580945
69532083,0.0,0.0,-1.0,0.0,0.0,-0.11206222,0.020576641,-0.0066458303,-0.45641848,0.16637704,5.1772637,0.0,0.0,0.0,-0.0109855,0.0040045157,-0.23603302
69637042,0.0,0.0,-1.0,0.0,0.0,-0.111296855,0.019874254,-0.12740679,-0.46181515,0.020355202,4.718823,0.0,0.0,0.0,-0.012215932,0.00053843576,-0.25940698
69740626,0.0,0.0,-1.0,0.0,0.0,-0.10959178,0.0187702,-0.24658914,-0.3214817,0.029318165,4.273942,0.0,0.0,0.0,-0.009247212,0.0008433179,-0.28208962
69838174,0.0,0.0,-1.0,0.0,0.0,-0.10546797,0.016690494,-0.3588267,-0.09595972,-0.08779846,3.8453536,0.0,0.0,0.0,-0.002973714,-0.0027208028,-0.30394155
69931150,0.0,0.0,-1.0,0.0,0.0,-0.09877712,0.013386081,-0.4657915,0.031498834,-0.18195829,3.5917273,0.0,0.0,0.0,0.0010178394,-0.00587972,-0.31687286
70040710,0.0,0.0,-1.0,0.0,0.0,-0.08871117,0.007823926,-0.5918542,0.049815275,-0.24708053,3.3428824,0.0,0.0,0.0,0.0016739639,-0.008302751,-0.32956043
70127685,0.0,0.0,-1.0,0.0,0.0,-0.07967716,0.0032574455,-0.69191784,0.10555601,-0.22725256,3.0886898,0.0,0.0,0.0,0.0036864902,-0.007936681,-0.34252065
70229730,0.0,0.0,-1.0,0.0,0.0,-0.069364,-0.0019226368,-0.8093296,0.06593427,-0.2747941,2.775261,0.0,0.0,0.0,0.0024100952,-0.010044548,-0.35850108
70331743,0.0,0.0,-1.0,0.0,0.0,-0.060300708,-0.007956446,-0.80261093,0.09705177,-0.42747596,2.8880262,0.0,0.0,0.0,0.0034910254,-0.01537663,-0.35275164
70438304,0.0,0.0,-1.0,0.0,0.0,-0.05250732,-0.013949063,-0.7595629,0.09714778,-0.24124423,2.9362707,0.0,0.0,0.0,0.00346993,-0.008616775,-0.35029185
70528330,0.0,0.0,-1.0,0.0,0.0,-0.048116066,-0.017667068,-0.7238842,0.05339304,-0.21466568,2.9124284,0.0,0.0,0.0,0.0019139085,-0.007694833,-0.35150748
70630332,0.0,0.0,-1.0,0.0,0.0,-0.044934127,-0.020645095,-0.6859875,0.044960853,-0.31234074,2.8676057,0.0,0.0,0.0,0.0016220337,-0.0112681845,-0.35379282
70732488,0.0,0.0,-1.0,0.0,0.0,-0.043186035,-0.023086293,-0.65197086,0.005490588,-0.27984875,2.8249006,0.0,0.0,0.0,0.00019930743,-0.010158464,-0.35597014
70838875,0.0,0.0,-1.0,0.0,0.0,-0.04297306,-0.024619149,-0.62047946,-0.07469119,-0.24673063,2.7821598,0.0,0.0,0.0,-0.0027276569,-0.009010387,-0.35814932
70940926,0.0,0.0,-1.0,0.0,0.0,-0.043663327,-0.025444208,-0.59444547,-0.05422743,-0.2494415,2.7455442,0.0,0.0,0.0,-0.0019907774,-0.009157404,-0.3600162
71036925,0.0,0.0,-1.0,0.0,0.0,-0.04457629,-0.02569401,-0.5737715,-0.12118356,-0.2125796,2.7197855,0.0,0.0,0.0,-0.004465352,-0.007833097,-0.36132953
71136023,0.0,0.0,-1.0,0.0,0.0,-0.045736082,-0.02535307,-0.55300105,-0.14795348,-0.27486855,2.7139769,0.0,0.0,0.0,-0.005455818,-0.010135839,-0.3616257
71236496,0.0,0.0,-1.0,0.0,0.0,-0.046958156,-0.025135264,-0.53445655,-0.17506926,-0.2608482,2.7110589,0.0,0.0,0.0,-0.0064584864,-0.00962296,-0.36177447
71335489,0.0,0.0,-1.0,0.0,0.0,-0.047979828,-0.024809977,-0.5176389,-0.13297972,-0.24260697,2.6769793,0.0,0.0,0.0,-0.0049291006,-0.008992606,-0.36351204
71437648,0.0,0.0,-1.0,0.0,0.0,-0.04843223,-0.024784505,-0.5015861,-0.14716233,-0.23516586,2.6655226,0.0,0.0,0.0,-0.0054638046,-0.008731177,-0.36409616
71539565,0.0,0.0,-1.0,0.0,0.0,-0.048318684,-0.024942782,-0.4858622,-0.13754852,-0.21267475,2.6663165,0.0,0.0,0.0,-0.005105898,-0.007894636,-0.3640557
71635562,0.0,0.0,-1.0,0.0,0.0,-0.047940053,-0.024777757,-0.4715547,-0.13626084,-0.19699764,2.6714923,0.0,0.0,0.0,-0.0050550993,-0.007308356,-0.3637918
71728650,0.0,0.0,-1.0,0.0,0.0,-0.04728038,-0.024730587,-0.45649624,-0.18410128,-0.20489603,2.6649778,0.0,0.0,0.0,-0.0068360185,-0.0076081655,-0.36412394
71838276,0.0,0.0,-1.0,0.0,0.0,-0.045966316,-0.024709808,-0.43912345,-0.13752393,-0.220938,2.668685,0.0,0.0,0.0,-0.0051034726,-0.008198944,-0.36393493
71940146,0.0,0.0,-1.0,0.0,0.0,-0.044291027,-0.024938317,-0.42269933,-0.15238757,-0.17693132,2.6717484,0.0,0.0,0.0,-0.005653339,-0.0065638735,-0.36377874
72036220,0.0,0.0,-1.0,0.0,0.0,-0.04280391,-0.025129324,-0.40769553,-0.13072635,-0.18978539,2.6843,0.0,0.0,0.0,-0.0048405174,-0.0070273476,-0.3631388
72138242,0.0,0.0,-1.0,0.0,0.0,-0.0411044,-0.02530787,-0.39106226,-0.15657541,-0.27134302,2.683978,0.0,0.0,0.0,-0.005798525,-0.010048766,-0.36315522
72231274,0.0,0.0,-1.0,0.0,0.0,-0.039394587,-0.025576482,-0.3756122,-0.14500928,-0.2804556,2.680659,0.0,0.0,0.0,-0.005372649,-0.010390987,-0.36332443
72329002,0.0,0.0,-1.0,0.0,0.0,-0.037794717,-0.025908679,-0.3605497,-0.1496904,-0.29141518,2.6885996,0.0,0.0,0.0,-0.0055396096,-0.010784434,-0.36291957
72430782,0.0,0.0,-1.0,0.0,0.0,-0.036262747,-0.026128247,-0.34495568,-0.13381568,-0.1264601,2.6756597,0.0,0.0,0.0,-0.004961109,-0.004688407,-0.36357933
72532802,0.0,0.0,-1.0,0.0,0.0,-0.034827046,-0.025940726,-0.32987964,-0.11097202,-0.19454046,2.6767664,0.0,0.0,0.0,-0.0041133226,-0.0072108964,-0.3635229
72634857,0.0,0.0,-1.0,0.0,0.0,-0.03355777,-0.025716329,-0.31524116,-0.18200414,-0.19511119,2.6783023,0.0,0.0,0.0,-0.0067460504,-0.0072318683,-0.3634446
72735505,0.0,0.0,-1.0,0.0,0.0,-0.032744877,-0.02552934,-0.30188358,-0.17598441,-0.2061773,2.6689868,0.0,0.0,0.0,-0.0065308423,-0.0076513095,-0.36391956
72838952,0.0,0.0,-1.0,0.0,0.0,-0.03213316,-0.025302218,-0.28980374,-0.13277611,-0.21886139,2.6617308,0.0,0.0,0.0,-0.0049326834,-0.008130785,-0.3642895
72937891,0.0,0.0,-1.0,0.0,0.0,-0.032032713,-0.025683831,-0.2784592,-0.18086357,-0.2945219,2.6516263,0.0,0.0,0.0,-0.0067280987,-0.010956171,-0.3648047
73035436,0.0,0.0,-1.0,0.0,0.0,-0.031943485,-0.026133088,-0.26853722,-0.1778119,-0.25938004,2.6433272,0.0,0.0,0.0,-0.0066223694,-0.009660268,-0.36522782
73137465,0.0,0.0,-1.0,0.0,0.0,-0.03143517,-0.025770452,-0.2570709,-0.16322444,-0.1301193,2.6486664,0.0,0.0,0.0,-0.0060740556,-0.0048421165,-0.3649556
73237969,0.0,0.0,-1.0,0.0,0.0,-0.030837983,-0.02522879,-0.24521917,-0.13949758,-0.17556103,2.6606293,0.0,0.0,0.0,-0.0051832506,-0.0065232445,-0.36434567
73340010,0.0,0.0,-1.0,0.0,0.0,-0.03031692,-0.024752568,-0.23255527,-0.20196082,-0.23782435,2.6701152,0.0,0.0,0.0,-0.007493058,-0.008823651,-0.363862
73428540,0.0,0.0,-1.0,0.0,0.0,-0.029919012,-0.024393631,-0.22100645,-0.16741835,-0.19121198,2.683761,0.0,0.0,0.0,-0.006200384,-0.007081587,-0.36316627
73530561,0.0,0.0,-1.0,0.0,0.0,-0.029804995,-0.023863386,-0.20897901,-0.18738367,-0.18230364,2.6732478,0.0,0.0,0.0,-0.0069492552,-0.006760858,-0.3637023
73632771,0.0,0.0,-1.0,0.0,0.0,-0.02952079,-0.023308692,-0.19739264,-0.17100988,-0.20398495,2.6789489,0.0,0.0,0.0,-0.006336738,-0.007558623,-0.36341164
73739163,0.0,0.0,-1.0,0.0,0.0,-0.02909973,-0.022259867,-0.18590373,-0.16419075,-0.115601316,2.672952,0.0,0.0,0.0,-0.006089589,-0.00428748,-0.36371738
73835262,0.0,0.0,-1.0,0.0,0.0,-0.028715616,-0.021596225,-0.17680609,-0.1569293,-0.15281567,2.657803,0.0,0.0,0.0,-0.0058330265,-0.0056801233,-0.36448976
73931348,0.0,0.0,-1.0,0.0,0.0,-0.028275201,-0.020940425,-0.1679039,-0.17884536,-0.23151118,2.6551886,0.0,0.0,0.0,-0.006650071,-0.008608363,-0.36462307
74037698,0.0,0.0,-1.0,0.0,0.0,-0.027989337,-0.020648811,-0.15906847,-0.14393657,-0.1826504,2.6591177,0.0,0.0,0.0,-0.0053492906,-0.00678806,-0.36442274
74139711,0.0,0.0,-1.0,0.0,0.0,-0.027871937,-0.020497246,-0.15154284,-0.19996244,-0.18112253,2.647713,0.0,0.0,0.0,-0.0074428236,-0.0067415815,-0.3650042
74231260,0.0,0.0,-1.0,0.0,0.0,-0.02788866,-0.020385098,-0.14537567,-0.13484707,-0.1955035,2.6436102,0.0,0.0,0.0,-0.005021956,-0.0072809136,-0.3652134
74337759,0.0,0.0,-1.0,0.0,0.0,-0.02792396,-0.02044426,-0.13878316,-0.18218094,-0.1440439,2.6548567,0.0,0.0,0.0,-0.006773378,-0.005355465,-0.36464
74436829,0.0,0.0,-1.0,0.0,0.0,-0.028125077,-0.020341339,-0.13231033,-0.19480513,-0.1490577,2.6577091,0.0,0.0,0.0,-0.0072400416,-0.0055398126,-0.36449456
74540327,0.0,0.0,-1.0,0.0,0.0,-0.028522072,-0.020127231,-0.12653136,-0.20596491,-0.2426602,2.655868,0.0,0.0,0.0,-0.007657055,-0.009021258,-0.3645884
74628832,0.0,0.0,-1.0,0.0,0.0,-0.028945703,-0.020178147,-0.121512115,-0.16808057,-0.20567016,2.6507885,0.0,0.0,0.0,-0.006252998,-0.007651421,-0.3648474
74731032,0.0,0.0,-1.0,0.0,0.0,-0.02937209,-0.02023531,-0.116285026,-0.20598558,-0.17287672,2.6465225,0.0,0.0,0.0,-0.0076684663,-0.0064358828,-0.36506492
74832891,0.0,0.0,-1.0,0.0,0.0,-0.029674724,-0.019912295,-0.111507,-0.17514192,-0.17273931,2.6393893,0.0,0.0,0.0,-0.0065264376,-0.006436908,-0.3654286
74939582,0.0,0.0,-1.0,0.0,0.0,-0.029843956,-0.019384498,-0.10659444,-0.1982716,-0.12206213,2.6388566,0.0,0.0,0.0,-0.0073891087,-0.004548964,-0.36545575
75029649,0.0,0.0,-1.0,0.0,0.0,-0.030045426,-0.018874895,-0.10264373,-0.17191428,-0.08876519,2.640372,0.0,0.0,0.0,-0.0064059435,-0.0033076068,-0.3653785
75135951,0.0,0.0,-1.0,0.0,0.0,-0.03023214,-0.01790712,-0.098149,-0.1858765,-0.10251269,2.6375732,0.0,0.0,0.0,-0.0069281766,-0.0038209562,-0.3655212
75237975,0.0,0.0,-1.0,0.0,0.0,-0.030467406,-0.016597603,-0.09402686,-0.20103985,-0.083989136,2.6238642,0.0,0.0,0.0,-0.0075083566,-0.0031367927,-0.36622015
75335507,0.0,0.0,-1.0,0.0,0.0,-0.030741155,-0.015178496,-0.09036082,-0.20260458,-0.16212831,2.61493,0.0,0.0,0.0,-0.007574685,-0.006061417,-0.36667567
75436018,0.0,0.0,-1.0,0.0,0.0,-0.031096987,-0.014318719,-0.087264895,-0.18576051,-0.16915461,2.6015184,0.0,0.0,0.0,-0.006958601,-0.0063365432,-0.3673595
75539617,0.0,0.0,-1.0,0.0,0.0,-0.03162544,-0.013752835,-0.08382249,-0.21852909,-0.05201137,2.6080287,0.0,0.0,0.0,-0.008179006,-0.0019466574,-0.36702755
75635607,0.0,0.0,-1.0,0.0,0.0,-0.032328144,-0.012091914,-0.08079761,-0.19731994,-0.07160993,2.6141222,0.0,0.0,0.0,-0.007378574,-0.0026777787,-0.36671686
75728578,0.0,0.0,-1.0,0.0,0.0,-0.033077966,-0.011108657,-0.07817167,-0.22033247,-0.18299076,2.5764608,0.0,0.0,0.0,-0.008283111,-0.0068792985,-0.36863706
75835121,0.0,0.0,-1.0,0.0,0.0,-0.034009106,-0.011110244,-0.07549882,-0.18025017,-0.1406269,2.5816095,0.0,0.0,0.0,-0.0067715202,-0.0052829795,-0.36837456
75932678,0.0,0.0,-1.0,0.0,0.0,-0.0348856,-0.010820814,-0.0730378,-0.19840384,-0.17667276,2.5921707,0.0,0.0,0.0,-0.007442606,-0.0066274204,-0.3678361
76039166,0.0,0.0,-1.0,0.0,0.0,-0.035967033,-0.010180396,-0.070086,-0.18854745,-0.042523835,2.5984201,0.0,0.0,0.0,-0.0070653153,-0.001593468,-0.36751744
76136713,0.0,0.0,-1.0,0.0,0.0,-0.036959816,-0.009399838,-0.06685108,-0.22373213,-0.053975537,2.6167042,0.0,0.0,0.0,-0.008363911,-0.0020177995,-0.36658522
76235721,0.0,0.0,-1.0,0.0,0.0,-0.038061615,-0.008542353,-0.06320953,-0.2125629,-0.11169185,2.6368842,0.0,0.0,0.0,-0.007923533,-0.0041634454,-0.36555633
76336231,0.0,0.0,-1.0,0.0,0.0,-0.039185677,-0.0077967322,-0.059558094,-0.22950937,-0.15632471,2.6304426,0.0,0.0,0.0,-0.008563494,-0.005832816,-0.36588475
76438251,0.0,0.0,-1.0,0.0,0.0,-0.04040386,-0.0073441663,-0.056049585,-0.22378989,-0.058666896,2.6366804,0.0,0.0,0.0,-0.0083425455,-0.0021870122,-0.36556673
76540272,0.0,0.0,-1.0,0.0,0.0,-0.041735414,-0.006175924,-0.052472234,-0.23674919,0.03294467,2.6320772,0.0,0.0,0.0,-0.008830612,0.0012288176,-0.36580142
76636328,0.0,0.0,-1.0,0.0,0.0,-0.04279235,-0.004246262,-0.04962343,-0.2475617,-0.05575169,2.624434,0.0,0.0,0.0,-0.009244114,-0.0020818042,-0.36619112
76738325,0.0,0.0,-1.0,0.0,0.0,-0.043801926,-0.0027398749,-0.047198355,-0.21359317,-0.12450585,2.6088164,0.0,0.0,0.0,-0.007993094,-0.004659264,-0.36698738
76838834,0.0,0.0,-1.0,0.0,0.0,-0.044568494,-0.0015914016,-0.045387566,-0.21154988,-0.0734774,2.594543,0.0,0.0,0.0,-0.007932474,-0.0027551777,-0.36771512
76940854,0.0,0.0,-1.0,0.0,0.0,-0.045242008,-0.0003828187,-0.043950737,-0.23577827,-0.07059868,2.5748482,0.0,0.0,0.0,-0.008864751,-0.002654357,-0.36871928
77034037,0.0,0.0,-1.0,0.0,0.0,-0.04587101,0.0010045082,-0.042889655,-0.25425982,-0.11818652,2.5851185,0.0,0.0,0.0,-0.00954617,-0.0044373055,-0.36819565
77136058,0.0,0.0,-1.0,0.0,0.0,-0.046393905,0.002324345,-0.04158902,-0.1793753,-0.050322548,2.589492,0.0,0.0,0.0,-0.0067288484,-0.0018877337,-0.36797264
77233468,0.0,0.0,-1.0,0.0,0.0,-0.046818256,0.003483391,-0.040545464,-0.21666403,-0.048562013,2.6000423,0.0,0.0,0.0,-0.00811724,-0.0018193582,-0.36743474
77340004,0.0,0.0,-1.0,0.0,0.0,-0.047367632,0.0047297725,-0.039020658,-0.21453515,-0.032145694,2.6086316,0.0,0.0,0.0,-0.00802933,-0.0012031052,-0.3669968
77438999,0.050056856,-0.0052967435,-0.961404,0.0,0.0,-0.00046036355,0.0005680468,0.0009455681,-0.0059296847,0.010721222,2.7482183,0.0,0.0,0.0,-0.00022501414,0.0004068389,-0.35987985
77532035,0.050056856,-0.0052967435,-0.961404,0.0,0.0,-0.001499747,0.0014260301,0.0010200143,-0.123414546,-0.109868616,2.6965127,0.0,0.0,0.0,-0.004563168,-0.004062317,-0.3625161
77637155,0.050056856,-0.0052967435,-0.961404,0.0,0.0,-0.0039968626,0.002287647,0.00037807226,-0.22152135,-0.12716044,2.6641092,0.0,0.0,0.0,-0.008225508,-0.004721709,-0.36416823
77737725,0.050056856,-0.0052967435,-0.961404,0.0,0.0,-0.007818249,0.0029613816,-0.0018042922,-0.23055023,-0.036916133,2.6038928,0.0,0.0,0.0,-0.008633406,-0.001382397,-0.36723843
77827611,0.050056856,-0.0052967435,-0.961404,0.0,0.0,-0.011444321,0.003835551,-0.0041377544,-0.25107828,-0.036197733,2.5876372,0.0,0.0,0.0,-0.009424194,-0.0013586777,-0.36806723
77928098,0.050056856,-0.0052967435,-0.961404,0.0,0.0,-0.015816808,0.0046694204,-0.006826341,-0.2621648,0.00031804107,2.578832,0.0,0.0,0.0,-0.009851754,1.1951499e-05,-0.36851618
78037655,0.050056856,-0.0052967435,-0.961404,0.0,0.0,-0.02054375,0.00542282,-0.009679496,-0.26892984,-0.039527126,2.5701325,0.0,0.0,0.0,-0.010118001,-0.0014871369,-0.36895972
78139755,0.050056856,-0.0052967435,-0.961404,0.0,0.0,-0.024558669,0.0061420826,-0.011933506,-0.28640765,-0.121350124,2.5739803,0.0,0.0,0.0,-0.010770382,-0.004563381,-0.36876354
78234149,0.050056856,-0.0052967435,-0.961404,0.0,0.0,-0.028307036,0.006752184,-0.01367867,-0.2663223,-0.026748717,2.5786438,0.0,0.0,0.0,-0.010007622,-0.0010051394,-0.36852577
78334658,0.050056856,-0.0052967435,-0.961404,0.0,0.0,-0.03178047,0.00755044,-0.015204847,-0.29852897,-0.03399068,2.5649908,0.0,0.0,0.0,-0.011239785,-0.0012797685,-0.36922187
78430716,0.050056856,-0.0052967435,-0.961404,0.0,0.0,-0.03461093,0.008072179,-0.016650975,-0.28932065,-0.05079778,2.5522676,0.0,0.0,0.0,-0.010912511,-0.0019159756,-0.36987057
78532762,0.050056856,-0.0052967435,-0.961404,0.0,0.0,-0.03710894,0.008634175,-0.018096805,-0.2883932,-0.030436467,2.5424078,0.0,0.0,0.0,-0.010892144,-0.0011495361,-0.37037328
78634913,0.050056856,-0.0052967435,-0.961404,0.0,0.0,-0.038999613,0.008957567,-0.019433737,-0.28136063,-0.041901406,2.5315413,0.0,0.0,0.0,-0.010642292,-0.0015848951,-0.3709273
78736763,0.050056856,-0.0052967435,-0.961404,0.0,0.0,-0.04023169,0.009183735,-0.02054137,-0.2845341,-0.04303324,2.5337396,0.0,0.0,0.0,-0.010758462,-0.0016271211,-0.37081525
78833000,0.050056856,-0.0052967435,-0.961404,0.0,0.0,-0.040897828,0.009423335,-0.021147609,-0.25395688,-0.023682792,2.5327637,0.0,0.0,0.0,-0.009603522,-0.00089557806,-0.370865
78934814,0.050056856,-0.0052967435,-0.961404,0.0,0.0,-0.04103548,0.009432669,-0.02176863,-0.2653445,-0.11049107,2.5317068,0.0,0.0,0.0,-0.010036412,-0.004179223,-0.37091887
79039934,0.050056856,-0.0052967435,-0.961404,0.0,0.0,-0.04077404,0.009133057,-0.021934211,-0.22897875,-0.0810921,2.5553265,0.0,0.0,0.0,-0.008632066,-0.0030570184,-0.36971462
79132888,0.050056856,-0.0052967435,-0.961404,0.0,0.0,-0.040278673,0.0088830115,-0.021651864,-0.2601817,-0.03756289,2.5551424,0.0,0.0,0.0,-0.0098095415,-0.0014162209,-0.369724
79229022,0.050056856,-0.0052967435,-0.961404,0.0,0.0,-0.039678153,0.008508203,-0.021258295,-0.2255733,-0.11056064,2.543567,0.0,0.0,0.0,-0.0085180765,-0.0041749803,-0.37031418
79335420,0.050056856,-0.0052967435,-0.961404,0.0,0.0,-0.03911909,0.0077540064,-0.021027207,-0.26814514,-0.042953752,2.5384855,0.0,0.0,0.0,-0.010133458,-0.0016232627,-0.37057325
79437395,0.050056856,-0.0052967435,-0.961404,0.0,0.0,-0.038866326,0.007132649,-0.02077496,-0.20545106,-0.04058999,2.540759,0.0,0.0,0.0,-0.0077619147,-0.0015334844,-0.37045735
79540907,0.050056856,-0.0052967435,-0.961404,0.0,0.0,-0.0386358,0.006453171,-0.020376861,-0.25011924,-0.04352501,2.5405955,0.0,0.0,0.0,-0.009448516,-0.0016442027,-0.37046567
79633935,0.050056856,-0.0052967435,-0.961404,0.0,0.0,-0.038597573,0.0057513495,-0.019968152,-0.26328725,-0.07064633,2.5386686,0.0,0.0,0.0,-0.0099479575,-0.0026692778,-0.37056392
79735951,0.050056856,-0.0052967435,-0.961404,0.0,0.0,-0.038711883,0.0049925647,-0.019617975,-0.2516314,-0.05811327,2.538234,0.0,0.0,0.0,-0.00950848,-0.0021959452,-0.3705861
79838016,0.050056856,-0.0052967435,-0.961404,0.0,0.0,-0.038912334,0.0039546853,-0.019181907,-0.219993,-0.08474592,2.5434108,0.0,0.0,0.0,-0.0083075855,-0.0032002565,-0.37032214
79938498,0.050056856,-0.0052967435,-0.961404,0.0,0.0,-0.039154746,0.0027186733,-0.019007027,-0.24028076,-0.104053706,2.5270298,0.0,0.0,0.0,-0.009093854,-0.0039380984,-0.37115735
80037535,0.050056856,-0.0052967435,-0.961404,0.0,0.0,-0.03942517,0.0014153621,-0.01881361,-0.25594276,-0.113549314,2.5340142,0.0,0.0,0.0,-0.0096779335,-0.004293627,-0.37080124
80127537,0.050056856,-0.0052967435,-0.961404,0.0,0.0,-0.039781746,0.00019264023,-0.018818855,-0.24267238,-0.0936968,2.5242105,0.0,0.0,0.0,-0.009187779,-0.0035474394,-0.37130108
80235603,0.050056856,-0.0052967435,-0.961404,0.0,0.0,-0.0400949,-0.0008865158,-0.018752456,-0.21743691,-0.116876915,2.5285158,0.0,0.0,0.0,-0.008227012,-0.004422192,-0.37108156
80339077,0.050056856,-0.0052967435,-0.961404,0.0,0.0,-0.040445935,-0.0019914154,-0.018630624,-0.20470706,-0.14668934,2.5337303,0.0,0.0,0.0,-0.0077402354,-0.005546511,-0.37081572
80433776,0.050056856,-0.0052967435,-0.961404,0.0,0.0,-0.040780827,-0.0033200295,-0.0185135,-0.25775644,-0.18634464,2.527832,0.0,0.0,0.0,-0.009754855,-0.007052258,-0.37111643
80532620,0.050056856,-0.0052967435,-0.961404,0.0,0.0,-0.04122975,-0.004922452,-0.018441916,0.22419076,-0.27742353,2.5273361,0.0,0.0,0.0,0.008485311,-0.010500098,-0.37114173
80636135,0.050056856,-0.0052967435,-0.961404,0.0,0.0,-0.03866983,-0.006897196,-0.018945396,-0.27637511,-0.09981511,2.5029302,0.0,0.0,0.0,-0.010495008,-0.003790357,-0.37238607
80729162,0.050056856,-0.0052967435,-0.961404,0.0,0.0,-0.039001722,-0.008603896,-0.017439842,-0.19387802,-0.2226434,2.6145005,0.0,0.0,0.0,-0.007249922,-0.008325581,-0.36669758
80838814,0.050056856,-0.0052967435,-0.961404,0.0,0.0,-0.041178748,-0.010574536,-0.016337872,-0.66421354,-0.15689291,2.5549123,0.0,0.0,0.0,-0.025042642,-0.0059152865,-0.36973572
80940749,0.050056856,-0.0052967435,-0.961404,0.0,0.0,-0.04614562,-0.012539034,-0.014157355,-0.27619883,-0.23030783,2.5632815,0.0,0.0,0.0,-0.010401187,-0.0086730085,-0.369309
81038268,0.050056856,-0.0052967435,-0.961404,0.0,0.0,-0.04794388,-0.0145112565,-0.013743222,-0.28296575,-0.15374435,2.5343306,0.0,0.0,0.0,-0.010698404,-0.0058127856,-0.37078512
81128286,0.050056856,-0.0052967435,-0.961404,0.0,0.0,-0.04797929,-0.016070098,-0.012670517,0.12024155,-0.22693117,2.60512,0.0,0.0,0.0,0.0045023644,-0.008497287,-0.36717585
81236265,0.050056856,-0.0052967435,-0.961404,0.0,0.0,-0.043633375,-0.017144194,-0.012589514,0.031999767,-0.13888173,2.586837,0.0,0.0,0.0,0.0012010004,-0.0052124443,-0.368108
81335299,0.050056856,-0.0052967435,-0.961404,0.0,0.0,-0.037449095,-0.017602136,-0.01191026,-0.15082979,-0.23183835,2.515404,0.0,0.0,0.0,-0.0057177646,-0.008788696,-0.3717501
81438972,0.050056856,-0.0052967435,-0.961404,0.0,0.0,-0.033317283,-0.018447097,-0.011375964,-0.25780788,-0.20708896,2.5718517,0.0,0.0,0.0,-0.009697737,-0.007789886,-0.36887205
81533350,0.050056856,-0.0052967435,-0.961404,0.0,0.0,-0.03398003,-0.019020403,-0.010800898,-0.23185027,-0.15763845,2.595678,0.0,0.0,0.0,-0.008692722,-0.0059103104,-0.36765724
81632387,0.050056856,-0.0052967435,-0.961404,0.0,0.0,-0.035746492,-0.019424062,-0.011849463,-0.30195102,-0.13660872,2.4799044,0.0,0.0,0.0,-0.011501209,-0.0052033784,-0.37356007
81734358,0.050056856,-0.0052967435,-0.961404,0.0,0.0,-0.04025272,-0.019819485,-0.012528777,-0.53885907,-0.24020958,2.5547888,0.0,0.0,0.0,-0.020316793,-0.009056707,-0.36974204
81837884,0.050056856,-0.0052967435,-0.961404,0.0,0.0,-0.048240684,-0.020099826,-0.0119819045,-0.76066947,-0.1492469,2.545264,0.0,0.0,0.0,-0.028717216,-0.0056344527,-0.37022766
81938439,0.050056856,-0.0052967435,-0.961404,0.0,0.0,-0.053688765,-0.020383483,-0.01352638,-0.047114313,-0.2026088,2.444496,0.0,0.0,0.0,-0.0018033703,-0.0077551524,-0.3753654
82036017,0.050056856,-0.0052967435,-0.961404,0.0,0.0,-0.055963013,-0.021020245,-0.013929069,0.11883053,-0.20769428,2.551219,0.0,0.0,0.0,0.004482877,-0.007835258,-0.36992404
82133468,0.050056856,-0.0052967435,-0.961404,0.0,0.0,-0.0563914,-0.021803902,-0.013781011,-0.42213997,-0.188819,2.5755875,0.0,0.0,0.0,-0.015870482,-0.0070987083,-0.36868158
82237083,0.050056856,-0.0052967435,-0.961404,0.0,0.0,-0.05688549,-0.02244033,-0.012674928,-0.39216122,-0.17779687,2.5252268,0.0,0.0,0.0,-0.014845708,-0.0067307022,-0.37124926
82331485,0.050056856,-0.0052967435,-0.961404,0.0,0.0,-0.054568816,-0.022933776,-0.013232827,0.13326956,-0.13539612,2.4398568,0.0,0.0,0.0,0.0051048324,-0.0051862895,-0.37560192
82430486,0.050056856,-0.0052967435,-0.961404,0.0,0.0,-0.050534673,-0.023150321,-0.01458019,-0.3105092,-0.12593356,2.54942,0.0,0.0,0.0,-0.011715967,-0.0047516576,-0.37001574
82532501,0.050056856,-0.0052967435,-0.961404,0.0,0.0,-0.049525287,-0.022806454,-0.013776898,-0.12980667,-0.11350329,2.4845893,0.0,0.0,0.0,-0.0049406593,-0.0043201256,-0.3733212
82630076,0.050056856,-0.0052967435,-0.961404,0.0,0.0,-0.05098071,-0.022730423,-0.014126182,-0.51783514,-0.21391548,2.5679266,0.0,0.0,0.0,-0.019488778,-0.00805073,-0.36907217
82736540,0.050056856,-0.0052967435,-0.961404,0.0,0.0,-0.053229295,-0.022761859,-0.013842642,-0.22174057,-0.18884066,2.4827952,0.0,0.0,0.0,-0.008443036,-0.007190333,-0.37341267
82838609,0.050056856,-0.0052967435,-0.961404,0.0,0.0,-0.053018592,-0.02311766,-0.01425457,-0.48575282,-0.22234248,2.5293865,0.0,0.0,0.0,-0.018378409,-0.008412304,-0.3710372
82931607,0.050056856,-0.0052967435,-0.961404,0.0,0.0,-0.04948712,-0.023215365,-0.013682365,-0.13666245,-0.115846634,2.4718344,0.0,0.0,0.0,-0.0052115386,-0.0044177393,-0.37397152
83030763,0.050056856,-0.0052967435,-0.961404,0.0,0.0,-0.04463668,-0.02246881,-0.013405383,0.19905998,-0.124468155,2.5333142,0.0,0.0,0.0,0.0075269393,-0.0047064414,-0.3708369
83134135,0.050056856,-0.0052967435,-0.961404,0.0,0.0,-0.03848205,-0.022372007,-0.013504207,-0.020640861,-0.19705552,2.5094206,0.0,0.0,0.0,-0.0007830726,-0.007475888,-0.37205514
83233155,0.050056856,-0.0052967435,-0.961404,0.0,0.0,-0.036375307,-0.022611242,-0.01234287,-0.74177086,-0.18183759,2.521473,0.0,0.0,0.0,-0.028095618,-0.0068873554,-0.37144065
83336676,0.050056856,-0.0052967435,-0.961404,0.0,0.0,-0.038772635,-0.022714062,-0.011352122,-0.28267795,-0.14937788,2.4734795,0.0,0.0,0.0,-0.010776608,-0.0056947735,-0.37388766
83432699,0.050056856,-0.0052967435,-0.961404,0.0,0.0,-0.04156967,-0.022987833,-0.011642933,-0.17454419,-0.13993406,2.5230665,0.0,0.0,0.0,-0.0066090985,-0.0052985894,-0.3713594
83539197,0.050056856,-0.0052967435,-0.961404,0.0,0.0,-0.047445513,-0.023380779,-0.010249436,-0.663552,-0.16566291,2.5797899,0.0,0.0,0.0,-0.0249316,-0.0062244427,-0.36846733
83635224,0.050056856,-0.0052967435,-0.961404,0.0,0.0,-0.05381174,-0.023888215,-0.009405196,-0.060054213,-0.2606043,2.498735,0.0,0.0,0.0,-0.0022817263,-0.009901514,-0.3726
83728357,0.050056856,-0.0052967435,-0.961404,0.0,0.0,-0.05748466,-0.02458696,-0.010735333,0.0140066445,-0.2855642,2.4817472,0.0,0.0,0.0,0.00053339085,-0.010874649,-0.3734661
83836303,0.050056856,-0.0052967435,-0.961404,0.0,0.0,-0.05743907,-0.025247006,-0.01101476,-0.23679316,-0.24234173,2.4791672,0.0,0.0,0.0,-0.009021096,-0.009232479,-0.37359765
83935306,0.050056856,-0.0052967435,-0.961404,0.0,0.0,-0.057003565,-0.02587256,-0.01050514,-0.16235337,-0.22561702,2.563379,0.0,0.0,0.0,-0.006114349,-0.008496906,-0.36930403
84040280,0.050056856,-0.0052967435,-0.961404,0.0,0.0,-0.056329418,-0.026446927,-0.010135829,0.2266249,-0.19890095,2.5161371,0.0,0.0,0.0,0.008589994,-0.0075391447,-0.3717127
84139308,0.050056856,-0.0052967435,-0.961404,0.0,0.0,-0.051513497,-0.026721785,-0.01102525,-0.20036924,-0.1554948,2.4909434,0.0,0.0,0.0,-0.007620281,-0.005913653,-0.37299722
84236830,0.050056856,-0.0052967435,-0.961404,0.0,0.0,-0.0493288,-0.026685404,-0.009345651,-0.22640581,-0.20748875,2.5889177,0.0,0.0,0.0,-0.008496365,-0.00778646,-0.36800194
84329993,0.050056856,-0.0052967435,-0.961404,0.0,0.0,-0.048393093,-0.026327506,-0.008657336,-0.73786587,-0.12727994,2.495329,0.0,0.0,0.0,-0.02804788,-0.004838186,-0.37277365
84439371,0.050056856,-0.0052967435,-0.961404,0.0,0.0,-0.050604094,-0.02569349,-0.0077519417,-0.15461846,-0.22559814,2.497262,0.0,0.0,0.0,-0.0058754664,-0.008572678,-0.37267506
84530881,0.050056856,-0.0052967435,-0.961404,0.0,0.0,-0.049850382,-0.025213337,-0.008431792,0.13107862,-0.08461355,2.4482296,0.0,0.0,0.0,0.0050137765,-0.0032364808,-0.37517503
84638976,0.050056856,-0.0052967435,-0.961404,0.0,0.0,-0.047359414,-0.024249036,-0.008871257,0.2390739,-0.18079792,2.496577,0.0,0.0,0.0,0.009086024,-0.0068712407,-0.37271
84728969,0.050056856,-0.0052967435,-0.961404,0.0,0.0,-0.042635947,-0.023726463,-0.009363413,0.07865445,-0.22338283,2.5086823,0.0,0.0,0.0,0.0029843533,-0.008475723,-0.3720928
84835425,0.050056856,-0.0052967435,-0.961404,0.0,0.0,-0.03568221,-0.022939239,-0.008532405,0.038979452,-0.20195124,2.4824524,0.0,0.0,0.0,0.0014843523,-0.0076903794,-0.37343016
84931490,0.050056856,-0.0052967435,-0.961404,0.0,0.0,-0.030673016,-0.022761505,-0.007649243,-0.10245906,-0.14082143,2.5683372,0.0,0.0,0.0,-0.003855213,-0.0052986694,-0.36905125
85037950,0.050056856,-0.0052967435,-0.961404,0.0,0.0,-0.030128904,-0.022344662,-0.0065590143,-0.2252842,-0.16284925,2.5494761,0.0,0.0,0.0,-0.008500041,-0.006144352,-0.3700129
85134031,0.050056856,-0.0052967435,-0.961404,0.0,0.0,-0.031162754,-0.021731816,-0.0072191954,-0.3184362,-0.22207533,2.4384296,0.0,0.0,0.0,-0.01219858,-0.008507211,-0.3756747
85240662,0.050056856,-0.0052967435,-0.961404,0.0,0.0,-0.034361806,-0.02062683,-0.008141637,-0.57857984,-0.1408096,2.4917555,0.0,0.0,0.0,-0.022003673,-0.0053550573,-0.37295583
85336558,0.050056856,-0.0052967435,-0.961404,0.0,0.0,-0.041324154,-0.018698698,-0.00783062,-0.6660847,-0.19168726,2.5023308,0.0,0.0,0.0,-0.025295068,-0.0072794673,-0.37241665
85429557,0.050056856,-0.0052967435,-0.961404,0.0,0.0,-0.04549894,-0.01724642,-0.008798778,-0.2268275,-0.12751128,2.4046044,0.0,0.0,0.0,-0.008729252,-0.0049071563,-0.3773993
85537540,0.050056856,-0.0052967435,-0.961404,0.0,0.0,-0.046715215,-0.015645785,-0.0094257,0.26192877,-0.18890738,2.5009158,0.0,0.0,0.0,0.009949084,-0.0071754446,-0.3724888
85639553,0.050056856,-0.0052967435,-0.961404,0.0,0.0,-0.045208573,-0.014663949,-0.009608388,-0.34188354,-0.12016223,2.5391521,0.0,0.0,0.0,-0.01291837,-0.004540436,-0.37053928
85738562,0.050056856,-0.0052967435,-0.961404,0.0,0.0,-0.044251464,-0.013831108,-0.008222401,-0.31490597,-0.16769946,2.5070307,0.0,0.0,0.0,-0.011951715,-0.0063647456,-0.372177
85840761,0.050056856,-0.0052967435,-0.961404,0.0,0.0,-0.041016676,-0.012765405,-0.007938325,0.30513167,-0.16549008,2.4490006,0.0,0.0,0.0,0.011672675,-0.006330748,-0.37513572
85927612,0.050056856,-0.0052967435,-0.961404,0.0,0.0,-0.0362769,-0.01182705,-0.008054316,-0.30481434,-0.20093575,2.552365,0.0,0.0,0.0,-0.011496272,-0.007578424,-0.3698656
86037134,0.050056856,-0.0052967435,-0.961404,0.0,0.0,-0.033779338,-0.011148371,-0.0064061284,-0.088991016,-0.15976992,2.4863634,0.0,0.0,0.0,-0.0033865543,-0.0060800463,-0.37323076
86137639,0.050056856,-0.0052967435,-0.961404,0.0,0.0,-0.03369779,-0.010176007,-0.006314039,-0.45214617,-0.16994464,2.5523372,0.0,0.0,0.0,-0.017053327,-0.006409701,-0.36986703
86232170,0.050056856,-0.0052967435,-0.961404,0.0,0.0,-0.034286708,-0.008976385,-0.0060714483,-0.19147883,-0.16287035,2.4522872,0.0,0.0,0.0,-0.0073212683,-0.006227411,-0.37496814
86331186,0.050056856,-0.0052967435,-0.961404,0.0,0.0,-0.032532074,-0.007906032,-0.0070999265,-0.45401692,-0.12296121,2.4694495,0.0,0.0,0.0,-0.017319914,-0.004690745,-0.37409312
86434848,0.050056856,-0.0052967435,-0.961404,0.0,0.0,-0.02818976,-0.0068182014,-0.0068275332,-0.123463735,-0.07369041,2.4420288,0.0,0.0,0.0,-0.004726056,-0.0028207877,-0.3754912
86533704,0.050056856,-0.0052967435,-0.961404,0.0,0.0,-0.02217997,-0.0054848744,-0.00656569,0.260976,-0.061344605,2.5241227,0.0,0.0,0.0,0.009882342,-0.0023229276,-0.37130556
86631257,0.050056856,-0.0052967435,-0.961404,0.0,0.0,-0.01567267,-0.0044803745,-0.006606519,-0.055444434,-0.1131869,2.4999614,0.0,0.0,0.0,-0.0021058922,-0.0042990684,-0.37253743
86737750,0.050056856,-0.0052967435,-0.961404,0.0,0.0,-0.012803158,-0.0036682999,-0.005157709,-0.7048136,-0.034557708,2.5297585,0.0,0.0,0.0,-0.026665432,-0.0013074324,-0.37101823
86838275,0.050056856,-0.0052967435,-0.961404,0.0,0.0,-0.014421208,-0.0024586322,-0.004000306,-0.20534879,-0.022119813,2.4961903,0.0,0.0,0.0,-0.0078042154,-0.00084065646,-0.37272972
86937279,0.050056856,-0.0052967435,-0.961404,0.0,0.0,-0.017536003,-0.0010962455,-0.0045912266,-0.07664911,-0.075254075,2.5024903,0.0,0.0,0.0,-0.0029116948,-0.0028587012,-0.3724085
87040928,0.050056856,-0.0052967435,-0.961404,0.0,0.0,-0.023417093,-0.00021745898,-0.0041999817,-0.6554853,-0.056637313,2.5432353,0.0,0.0,0.0,-0.024753379,-0.0021388195,-0.37033108
87139828,0.050056856,-0.0052967435,-0.961404,0.0,0.0,-0.032106336,0.0010651455,-0.003980398,0.08735463,-0.1162201,2.4838347,0.0,0.0,0.0,0.003326238,-0.00442536,-0.37335968
87229835,0.050056856,-0.0052967435,-0.961404,0.0,0.0,-0.036231574,0.0020884317,-0.004950762,-0.14261407,-0.1038177,2.482631,0.0,0.0,0.0,-0.005430949,-0.0039535277,-0.37342104
87336373,0.050056856,-0.0052967435,-0.961404,0.0,0.0,-0.037288636,0.0029220027,-0.004983604,-0.22669157,-0.07991181,2.4771588,0.0,0.0,0.0,-0.008638284,-0.0030451107,-0.37370005
87438372,0.050056856,-0.0052967435,-0.961404,0.0,0.0,-0.03810936,0.003578776,-0.0044398904,-0.10398308,-0.019313764,2.5452707,0.0,0.0,0.0,-0.00392647,-0.00072930055,-0.3702273
87534437,0.050056856,-0.0052967435,-0.961404,0.0,0.0,-0.038333252,0.0047682496,-0.0046418905,-0.038175195,-0.06468823,2.4935436,0.0,0.0,0.0,-0.0014513311,-0.002459294,-0.37286466
87640914,0.050056856,-0.0052967435,-0.961404,0.0,0.0,-0.03430378,0.0056811194,-0.006050229,-0.27582058,-0.06543048,2.455205,0.0,0.0,0.0,-0.010542144,-0.0025008195,-0.3748194
87729474,0.050056856,-0.0052967435,-0.961404,0.0,0.0,-0.032696843,0.006452065,-0.0051918626,-0.5066409,-0.06529087,2.5697525,0.0,0.0,0.0,-0.019062415,-0.0024565756,-0.3689791
87828429,0.050056856,-0.0052967435,-0.961404,0.0,0.0,-0.031986035,0.0063638133,-0.0049896836,-0.6800864,-0.16103122,2.4639943,0.0,0.0,0.0,-0.025962757,-0.0061474754,-0.37437126
87937950,0.050056856,-0.0052967435,-0.961404,0.0,0.0,-0.034652904,0.005656771,-0.004145205,-0.28165132,-0.09643131,2.5163581,0.0,0.0,0.0,-0.010675264,-0.003654979,-0.37170145
88037155,0.050056856,-0.0052967435,-0.961404,0.0,0.0,-0.03450527,0.0050000204,-0.0045288205,0.17829564,-0.1743108,2.465721,0.0,0.0,0.0,0.0068045286,-0.00665245,-0.37428322
88132988,0.050056856,-0.0052967435,-0.961404,0.0,0.0,-0.032958053,0.0046774824,-0.0047857165,0.0758609,-0.051489875,2.5150697,0.0,0.0,0.0,0.002873538,-0.001950387,-0.37176713
88239681,0.050056856,-0.0052967435,-0.961404,0.0,0.0,-0.027753646,0.005254716,-0.0054086447,-0.19626078,-0.077284925,2.5254786,0.0,0.0,0.0,-0.0074310307,-0.0029262425,-0.37123644
88328009,0.050056856,-0.0052967435,-0.961404,0.0,0.0,-0.022205543,0.0061919917,-0.0045255423,0.2946149,-0.009767616,2.4946294,0.0,0.0,0.0,0.011199131,-0.00037129418,-0.3728093
88437607,0.050056856,-0.0052967435,-0.961404,0.0,0.0,-0.017074727,0.0072316257,-0.0039429665,-0.113601804,-0.07840204,2.5382888,0.0,0.0,0.0,-0.004292102,-0.0029621853,-0.3705833
88533562,0.050056856,-0.0052967435,-0.961404,0.0,0.0,-0.017682774,0.0075742654,-0.0030475259,-0.35339034,-0.07089584,2.5600739,0.0,0.0,0.0,-0.013314696,-0.0026711444,-0.36947256
88637110,0.050056856,-0.0052967435,-0.961404,0.0,0.0,-0.02109351,0.0083299745,-0.0034449697,-0.2457765,-0.10723377,2.4494224,0.0,0.0,0.0,-0.009401557,-0.004101956,-0.37511423
88736261,0.050056856,-0.0052967435,-0.961404,0.0,0.0,-0.026135929,0.009368184,-0.003718257,-0.7896553,-0.039792527,2.5167873,0.0,0.0,0.0,-0.029928466,-0.0015081633,-0.37167957
88839637,0.050056856,-0.0052967435,-0.961404,0.0,0.0,-0.0350382,0.010777672,-0.0027692318,-0.69091976,-0.042833418,2.5156107,0.0,0.0,0.0,-0.02619068,-0.0016236855,-0.37173957
88932590,0.050056856,-0.0052967435,-0.961404,0.0,0.0,-0.040599424,0.011944671,-0.0038518906,-0.28685018,-0.03068533,2.3975768,0.0,0.0,0.0,-0.011048344,-0.0011818786,-0.3777576
89037652,0.050056856,-0.0052967435,-0.961404,0.0,0.0,-0.043129545,0.013208379,-0.0051530004,0.06897154,-0.009629816,2.4845376,0.0,0.0,0.0,0.0026255897,-0.0003665852,-0.37332383
89135139,0.050056856,-0.0052967435,-0.961404,0.0,0.0,-0.04179969,0.014258182,-0.0054825544,-0.17615317,0.035334498,2.5363946,0.0,0.0,0.0,-0.006659767,0.0013358801,-0.37067986
89235642,0.050056856,-0.0052967435,-0.961404,0.0,0.0,-0.04030785,0.015235474,-0.0047338605,-0.4039669,-0.08659212,2.499894,0.0,0.0,0.0,-0.015345784,-0.0032894379,-0.3725409
89331672,0.050056856,-0.0052967435,-0.961404,0.0,0.0,-0.037144102,0.015890349,-0.0047616363,0.060017206,-0.029281039,2.4328046,0.0,0.0,0.0,0.002303953,-0.0011240467,-0.37596148
89439729,0.050056856,-0.0052967435,-0.961404,0.0,0.0,-0.031398688,0.01646627,-0.0057484508,-0.20840627,0.0010880968,2.5211635,0.0,0.0,0.0,-0.007894698,4.121851e-05,-0.37145644
89538688,0.050056856,-0.0052967435,-0.961404,0.0,0.0,-0.029280182,0.016465232,-0.005040467,-0.11963776,0.00492863,2.4510303,0.0,0.0,0.0,-0.004572576,0.00018837309,-0.37503225
89640693,0.050056856,-0.0052967435,-0.961404,0.0,0.0,-0.029762898,0.01657794,-0.005731523,-0.48515302,0.038793128,2.517678,0.0,0.0,0.0,-0.018385433,0.0014701104,-0.37163416
89733726,0.050056856,-0.0052967435,-0.961404,0.0,0.0,-0.030933198,0.016789796,-0.0059787035,-0.09859513,0.03603214,2.4164739,0.0,0.0,0.0,-0.0037880675,0.0013843703,-0.37679413
89840226,0.050056856,-0.0052967435,-0.961404,0.0,0.0,-0.02976025,0.016724488,-0.007253766,-0.54947317,-0.050716404,2.4733946,0.0,0.0,0.0,-0.020949041,-0.0019335977,-0.37389198
89930262,0.050056856,-0.0052967435,-0.961404,0.0,0.0,-0.026062706,0.016335258,-0.006997466,-0.0006612614,-0.08999194,2.433359,0.0,0.0,0.0,-2.5341928e-05,-0.0034488167,-0.37593323
90038410,0.050056856,-0.0052967435,-0.961404,0.0,0.0,-0.020607283,0.015540464,-0.0069850087,0.29138327,0.008580778,2.4877617,0.0,0.0,0.0,0.011087312,0.00032650385,-0.37315947
90137311,0.050056856,-0.0052967435,-0.961404,0.0,0.0,-0.014417881,0.014822805,-0.0073821545,0.040543254,-0.04735818,2.4671378,0.0,0.0,0.0,0.0015493658,-0.0018097992,-0.37421098
90239278,0.050056856,-0.0052967435,-0.961404,0.0,0.0,-0.011909554,0.014248258,-0.006887555,-0.4455191,-0.0036107153,2.4699717,0.0,0.0,0.0,-0.016994085,-0.00013772881,-0.3740665
90335356,0.050056856,-0.0052967435,-0.961404,0.0,0.0,-0.014293244,0.013670346,-0.006292701,-0.03152381,-0.0021286532,2.443399,0.0,0.0,0.0,-0.0011993254,-8.098475e-05,-0.37542132
90440302,0.050056856,-0.0052967435,-0.961404,0.0,0.0,-0.017342178,0.012835576,-0.007344067,-0.08917056,-0.01848947,2.4538734,0.0,0.0,0.0,-0.0034056304,-0.0007061558,-0.3748873
90534875,0.050056856,-0.0052967435,-0.961404,0.0,0.0,-0.023872714,0.012005601,-0.0070487857,-0.55023354,-0.044682134,2.520669,0.0,0.0,0.0,-0.020843338,-0.0016925994,-0.37148166
90636851,0.050056856,-0.0052967435,-0.961404,0.0,0.0,-0.032127436,0.011467308,-0.0068027973,-0.039649606,0.009983586,2.4424658,0.0,0.0,0.0,-0.0015137957,0.00038116676,-0.3754689
90736043,0.050056856,-0.0052967435,-0.961404,0.0,0.0,-0.035859097,0.010866022,-0.008195996,0.06632036,-0.08229968,2.4419656,0.0,0.0,0.0,0.002537596,-0.003149008,-0.37549442
90837863,0.050056856,-0.0052967435,-0.961404,0.0,0.0,-0.03516915,0.010105176,-0.007909119,-0.21028914,-0.06329051,2.447715,0.0,0.0,0.0,-0.008045532,-0.0024214557,-0.37520126
90932469,0.050056856,-0.0052967435,-0.961404,0.0,0.0,-0.033995885,0.009344861,-0.0071157217,-0.012547843,-0.061737143,2.5244758,0.0,0.0,0.0,-0.00047494462,-0.0023367938,-0.37128755
91040418,0.050056856,-0.0052967435,-0.961404,0.0,0.0,-0.031854603,0.008494105,-0.0070568323,0.2587684,-0.0655569,2.4423447,0.0,0.0,0.0,0.009908308,-0.0025101902,-0.37547508
91139413,0.050056856,-0.0052967435,-0.961404,0.0,0.0,-0.025285317,0.0075990385,-0.008492351,-0.14143153,-0.13453093,2.388106,0.0,0.0,0.0,-0.005455421,-0.0051892446,-0.37824047
91232520,0.050056856,-0.0052967435,-0.961404,0.0,0.0,-0.02172529,0.0065472075,-0.007854283,-0.48115814,-0.019136064,2.5183322,0.0,0.0,0.0,-0.018231709,-0.0007250904,-0.3716008
91336080,0.050056856,-0.0052967435,-0.961404,0.0,0.0,-0.019247016,0.0057871114,-0.007682979,-0.5650197,-0.021502845,2.41345,0.0,0.0,0.0,-0.021718316,-0.00082652963,-0.3769483
91430635,0.050056856,-0.0052967435,-0.961404,0.0,0.0,-0.02013275,0.004709191,-0.0075707436,-0.33958915,-0.048545506,2.4194808,0.0,0.0,0.0,-0.013041737,-0.0018643638,-0.37664083
91529483,0.050056856,-0.0052967435,-0.961404,0.0,0.0,-0.019659588,0.0038131834,-0.009038925,0.16748165,-0.049114257,2.3790288,0.0,0.0,0.0,0.006469474,-0.0018971836,-0.3787033
91637573,0.050056856,-0.0052967435,-0.961404,0.0,0.0,-0.017470878,0.0032971404,-0.009733558,0.12785316,-0.13772658,2.4664822,0.0,0.0,0.0,0.0048787287,-0.005255487,-0.37424442
91739477,0.050056856,-0.0052967435,-0.961404,0.0,0.0,-0.011996834,0.0022142206,-0.010704696,-0.0030854642,-0.16133568,2.4299896,0.0,0.0,0.0,-0.000118312826,-0.0061864536,-0.376105
91838509,0.050056856,-0.0052967435,-0.961404,0.0,0.0,-0.0054998617,0.0011796033,-0.010107756,0.06930421,-0.044367664,2.3978102,0.0,0.0,0.0,0.002670392,-0.0017095504,-0.37774572
91934528,0.050056856,-0.0052967435,-0.961404,0.0,0.0,-0.0011290766,0.0004319894,-0.010182142,0.09797198,-0.096192114,2.4497342,0.0,0.0,0.0,0.0037472504,-0.0036791735,-0.37509832
92027582,0.050056856,-0.0052967435,-0.961404,0.0,0.0,-0.0018048678,-0.00023771237,-0.010172546,-0.41337234,-0.12576509,2.4428577,0.0,0.0,0.0,-0.015826035,-0.004814939,-0.3754489
92137216,0.050056856,-0.0052967435,-0.961404,0.0,0.0,-0.005077752,-0.0013573675,-0.010701716,-0.2220258,-0.12582576,2.3645058,0.0,0.0,0.0,-0.00859,-0.0048680976,-0.37944376
92228569,0.050056856,-0.0052967435,-0.961404,0.0,0.0,-0.009461928,-0.0019061004,-0.011093795,-0.58434176,-0.014490854,2.4018123,0.0,0.0,0.0,-0.022496264,-0.00055787567,-0.37754166
92336567,0.050056856,-0.0052967435,-0.961404,0.0,0.0,-0.019069605,-0.0022471608,-0.010165751,-0.42685705,-0.13285057,2.4275346,0.0,0.0,0.0,-0.016376458,-0.0050968393,-0.37623018
92438592,0.050056856,-0.0052967435,-0.961404,0.0,0.0,-0.025837079,-0.002723156,-0.011191547,-0.039602473,-0.12704375,2.3223937,0.0,0.0,0.0,-0.0015412711,-0.0049443594,-0.38159087
92540638,0.050056856,-0.0052967435,-0.961404,0.0,0.0,-0.028794061,-0.002999209,-0.011692226,0.1493037,-0.079867154,2.4399207,0.0,0.0,0.0,0.005719243,-0.0030593993,-0.37559867
92632115,0.050056856,-0.0052967435,-0.961404,0.0,0.0,-0.029032048,-0.0032145032,-0.011270165,-0.35137135,-0.12176645,2.4642324,0.0,0.0,0.0,-0.013413549,-0.004648416,-0.3743591
92738625,0.050056856,-0.0052967435,-0.961404,0.0,0.0,-0.028839545,-0.0036955273,-0.009818733,-0.38880026,-0.0941675,2.4258127,0.0,0.0,0.0,-0.014919866,-0.0036135945,-0.37631798
92833142,0.050056856,-0.0052967435,-0.961404,0.0,0.0,-0.02623183,-0.003960548,-0.009449899,0.08300918,-0.03154594,2.363003,0.0,0.0,0.0,0.0032152885,-0.0012219046,-0.3795204
92936684,0.050056856,-0.0052967435,-0.961404,0.0,0.0,-0.02084708,-0.0041161184,-0.010129869,-0.23059872,-0.089881785,2.449286,0.0,0.0,0.0,-0.008820411,-0.0034379824,-0.37512118
93028287,0.050056856,-0.0052967435,-0.961404,0.0,0.0,-0.018680489,-0.004305641,-0.0089716315,-0.22538225,-0.10701125,2.4251227,0.0,0.0,0.0,-0.008649498,-0.004106773,-0.37635314
93140687,0.050056856,-0.0052967435,-0.961404,0.0,0.0,-0.018476577,-0.0045075244,-0.00897938,-0.4151888,-0.06507653,2.4617505,0.0,0.0,0.0,-0.015854536,-0.0024850336,-0.37448567
93238217,0.050056856,-0.0052967435,-0.961404,0.0,0.0,-0.01916784,-0.0048445663,-0.0089761615,-0.15652211,-0.10972782,2.3568027,0.0,0.0,0.0,-0.00606222,-0.004249842,-0.3798365
93340281,0.050056856,-0.0052967435,-0.961404,0.0,0.0,-0.017429443,-0.00539507,-0.010145128,-0.5613592,-0.07278277,2.3786373,0.0,0.0,0.0,-0.02167891,-0.002810769,-0.37872326
93433209,0.050056856,-0.0052967435,-0.961404,0.0,0.0,-0.01359723,-0.005521058,-0.009432137,-0.09238053,-0.117885716,2.3944175,0.0,0.0,0.0,-0.0035607459,-0.0045438255,-0.3779187
93532355,0.050056856,-0.0052967435,-0.961404,0.0,0.0,-0.0089334035,-0.0058164415,-0.008693695,0.21406785,-0.16511892,2.482982,0.0,0.0,0.0,0.008151156,-0.0062873056,-0.37340316
93640287,0.050056856,-0.0052967435,-0.961404,0.0,0.0,-0.0027107238,-0.006151277,-0.0075470805,0.08996203,-0.004138075,2.4690151,0.0,0.0,0.0,0.0034358837,-0.00015804383,-0.37411526
93733245,0.050056856,-0.0052967435,-0.961404,0.0,0.0,-0.00059543754,-0.0061311186,-0.0059310794,-0.43859413,-0.13924786,2.461288,0.0,0.0,0.0,-0.016749524,-0.005317753,-0.37450925
93832255,0.050056856,-0.0052967435,-0.961404,0.0,0.0,-0.0027070078,-0.0061337342,-0.004966378,0.068946645,-0.12586081,2.3934884,0.0,0.0,0.0,0.0026572507,-0.004850761,-0.37796605
93940355,0.050056856,-0.0052967435,-0.961404,0.0,0.0,-0.004354778,-0.0061380886,-0.0063353777,-0.076870985,-0.082669035,2.392048,0.0,0.0,0.0,-0.0029627297,-0.0031861956,-0.3780395
94033472,0.050056856,-0.0052967435,-0.961404,0.0,0.0,-0.008048421,-0.005969043,-0.0062153935,-0.49747688,-0.08360727,2.4419026,0.0,0.0,0.0,-0.019048491,-0.0032013399,-0.3754976
94136818,0.050056856,-0.0052967435,-0.961404,0.0,0.0,-0.015864324,-0.0053728228,-0.005993247,-0.1429425,-0.11439945,2.4076688,0.0,0.0,0.0,-0.005499618,-0.0044014426,-0.37724304
94231323,0.050056856,-0.0052967435,-0.961404,0.0,0.0,-0.020641703,-0.004822583,-0.007016182,-0.17125335,-0.06462746,2.3897023,0.0,0.0,0.0,-0.0066029835,-0.0024918288,-0.3781591
94340846,0.050056856,-0.0052967435,-0.961404,0.0,0.0,-0.021373298,-0.004210793,-0.006676078,-0.13835968,-0.04674236,2.4191139,0.0,0.0,0.0,-0.005314085,-0.0017952693,-0.3766595
94438480,0.050056856,-0.0052967435,-0.961404,0.0,0.0,-0.02140323,-0.0039520473,-0.005174279,-0.019124754,-0.055222027,2.4788547,0.0,0.0,0.0,-0.00072874845,-0.0021042342,-0.3736136
94537397,0.050056856,-0.0052967435,-0.961404,0.0,0.0,-0.020871924,-0.004131161,-0.0045019984,0.00799793,-0.0608128,2.4131577,0.0,0.0,0.0,0.00030689727,-0.0023335142,-0.3769632
94633523,0.050056856,-0.0052967435,-0.961404,0.0,0.0,-0.016238073,-0.0043234485,-0.005385697,-0.007734487,-0.11279529,2.3320541,0.0,0.0,0.0,-0.00030045415,-0.00438165,-0.38109833
94732385,0.050056856,-0.0052967435,-0.961404,0.0,0.0,-0.013895584,-0.0046503283,-0.004864037,-0.50955445,-0.036335602,2.4657073,0.0,0.0,0.0,-0.019447427,-0.0013867683,-0.3742839
94840441,0.050056856,-0.0052967435,-0.961404,0.0,0.0,-0.013293186,-0.005044775,-0.004891038,-0.63912815,-0.03396676,2.3747458,0.0,0.0,0.0,-0.024695575,-0.0013124578,-0.37892166
94930447,0.050056856,-0.0052967435,-0.961404,0.0,0.0,-0.01578037,-0.0052038888,-0.004422784,-0.38992316,-0.08617899,2.420757,0.0,0.0,0.0,-0.014972812,-0.0033092208,-0.37657574
95037056,0.050056856,-0.0052967435,-0.961404,0.0,0.0,-0.01652847,-0.005540537,-0.005479932,0.027786344,-0.06415805,2.348376,0.0,0.0,0.0,0.0010757127,-0.0024837968,-0.38026616
95133020,0.050056856,-0.0052967435,-0.961404,0.0,0.0,-0.01559063,-0.00575967,-0.006001115,0.19684929,-0.060984865,2.426685,0.0,0.0,0.0,0.0075527704,-0.0023398846,-0.37627348
95241099,0.050056856,-0.0052967435,-0.961404,0.0,0.0,-0.010566508,-0.0057723774,-0.0068438053,-0.02855001,-0.059949726,2.4026134,0.0,0.0,0.0,-0.001099622,-0.0023090022,-0.3775008
95339949,0.050056856,-0.0052967435,-0.961404,0.0,0.0,-0.004220989,-0.005980069,-0.0066950917,0.14765319,-0.12781328,2.3730884,0.0,0.0,0.0,0.0057068,-0.0049399864,-0.37900618
95433018,0.050056856,-0.0052967435,-0.961404,0.0,0.0,-0.0002054723,-0.0063088993,-0.006234348,0.042662688,-0.05750752,2.4740753,0.0,0.0,0.0,0.0016278555,-0.002194281,-0.37385726
95531980,0.050056856,-0.0052967435,-0.961404,0.0,0.0,-0.0006401142,-0.0062793223,-0.0050910115,-0.3652684,0.01884064,2.4644942,0.0,0.0,0.0,-0.013942272,0.00071914605,-0.37434578
95635541,0.050056856,-0.0052967435,-0.961404,0.0,0.0,-0.0035324432,-0.0060548116,-0.004886508,-0.1275827,-0.05246958,2.361481,0.0,0.0,0.0,-0.0049374434,-0.0020305698,-0.379598
95734506,0.050056856,-0.0052967435,-0.961404,0.0,0.0,-0.007911693,-0.0060368367,-0.0050053596,-0.6345758,-0.045742266,2.400141,0.0,0.0,0.0,-0.02443562,-0.0017613984,-0.37762687
95836510,0.050056856,-0.0052967435,-0.961404,0.0,0.0,-0.016264014,-0.006233751,-0.0037745833,-0.3596332,-0.10524471,2.4466558,0.0,0.0,0.0,-0.013761337,-0.004027181,-0.3752553
95935562,0.050056856,-0.0052967435,-0.961404,0.0,0.0,-0.02243313,-0.0064114695,-0.004186034,-0.18829766,-0.15837711,2.3511276,0.0,0.0,0.0,-0.0072993967,-0.0061395206,-0.38012585
96033126,0.050056856,-0.0052967435,-0.961404,0.0,0.0,-0.024770806,-0.0067356783,-0.0041743517,0.16706493,-0.10718619,2.4692411,0.0,0.0,0.0,0.0063726017,-0.004088559,-0.37410375
96139526,0.050056856,-0.0052967435,-0.961404,0.0,0.0,-0.024086945,-0.0072305356,-0.003960371,-0.12554039,-0.11917421,2.447688,0.0,0.0,0.0,-0.004804145,-0.004560526,-0.37520263
96238560,0.050056856,-0.0052967435,-0.961404,0.0,0.0,-0.02428218,-0.0077348347,-0.0026065707,-0.30489188,-0.10444803,2.418048,0.0,0.0,0.0,-0.011711669,-0.004012113,-0.37671387
96337557,0.050056856,-0.0052967435,-0.961404,0.0,0.0,-0.022685498,-0.0080416575,-0.0026980042,0.14088324,-0.05239009,2.3550882,0.0,0.0,0.0,0.0054589296,-0.002030006,-0.3799239
96439566,0.050056856,-0.0052967435,-0.961404,0.0,0.0,-0.018855615,-0.008133721,-0.0037867427,-0.3045918,-0.037573844,2.4405863,0.0,0.0,0.0,-0.011665177,-0.0014389933,-0.37556472
96535633,0.050056856,-0.0052967435,-0.961404,0.0,0.0,-0.01742674,-0.007926604,-0.0028981566,-0.099191606,-0.047141667,2.3909285,0.0,0.0,0.0,-0.0038244042,-0.0018175814,-0.37809658
96628623,0.050056856,-0.0052967435,-0.961404,0.0,0.0,-0.01806683,-0.007867668,-0.003456533,-0.46374518,-0.062180787,2.4500968,0.0,0.0,0.0,-0.017737273,-0.0023782838,-0.37507984
96735135,0.050056856,-0.0052967435,-0.961404,0.0,0.0,-0.019009512,-0.00732996,-0.0027889013,-0.09748858,-0.009625316,2.4051137,0.0,0.0,0.0,-0.003751446,-0.00037039063,-0.37737334
96835667,0.050056856,-0.0052967435,-0.961404,0.0,0.0,-0.017295372,-0.0069468096,-0.0031279922,-0.3220387,-0.1026515,2.4086323,0.0,0.0,0.0,-0.0123863295,-0.003948207,-0.37719393
96937641,0.050056856,-0.0052967435,-0.961404,0.0,0.0,-0.012425919,-0.0066930046,-0.002403617,-0.008508831,-0.14043534,2.3870327,0.0,0.0,0.0,-0.0003281993,-0.0054168166,-0.3782952
97030843,0.050056856,-0.0052967435,-0.961404,0.0,0.0,-0.0047048624,-0.006379578,-0.0023356676,0.24679382,-0.03382726,2.4642143,0.0,0.0,0.0,0.009421204,-0.0012913352,-0.37436002
97137152,0.050056856,-0.0052967435,-0.961404,0.0,0.0,0.0053928313,-0.005191242,-0.0016802549,0.021963745,-0.02406666,2.4494636,0.0,0.0,0.0,0.0008419442,-0.000922556,-0.37511212
97233385,0.050056856,-0.0052967435,-0.961404,0.0,0.0,0.011099114,-0.004368417,-1.6868114e-05,-0.29472238,-0.067327864,2.4601736,0.0,0.0,0.0,-0.011257426,-0.002571703,-0.37456605
97339665,0.050056856,-0.0052967435,-0.961404,0.0,0.0,0.010674898,-0.003770274,0.0011283159,0.07372276,-0.04375633,2.4128408,0.0,0.0,0.0,0.0028338833,-0.0016819816,-0.37697935
97435783,0.050056856,-0.0052967435,-0.961404,0.0,0.0,0.008968348,-0.0031193905,0.0003374815,0.0927401,-0.14017093,2.4238763,0.0,0.0,0.0,0.0035593684,-0.0053797653,-0.3764167
97533243,0.050056856,-0.0052967435,-0.961404,0.0,0.0,0.003679617,-0.0025435186,0.0011823177,-0.441897,-0.155404,2.5144694,0.0,0.0,0.0,-0.01675319,-0.005891673,-0.37179774
97632257,0.050056856,-0.0052967435,-0.961404,0.0,0.0,-0.004879177,-0.0023112893,0.0018926859,-0.12322609,-0.118155845,2.4400334,0.0,0.0,0.0,-0.004718905,-0.004524742,-0.37559292
97735904,0.050056856,-0.0052967435,-0.961404,0.0,0.0,-0.009968844,-0.0022377744,0.00039714575,-0.02274859,-0.09658807,2.4087431,0.0,0.0,0.0,-0.0008750532,-0.0037153822,-0.3771883
97828747,0.050056856,-0.0052967435,-0.961404,0.0,0.0,-0.011536314,-0.002227007,0.00040489435,0.16338919,-0.09472657,2.405804,0.0,0.0,0.0,0.006287429,-0.0036452017,-0.37733814
97938300,0.050056856,-0.0052967435,-0.961404,0.0,0.0,-0.013437833,-0.0022368517,0.0010760427,-0.013656147,-0.07545408,2.483347,0.0,0.0,0.0,-0.0005200278,-0.0028733008,-0.37338454
98037446,0.050056856,-0.0052967435,-0.961404,0.0,0.0,-0.015238404,-0.002327611,0.0011732578,-0.053758696,-0.08748522,2.438483,0.0,0.0,0.0,-0.0020609363,-0.0033539033,-0.37567198
98140853,0.050056856,-0.0052967435,-0.961404,0.0,0.0,-0.0123198405,-0.0023530172,-0.00020980835,-0.14769901,-0.07326375,2.380033,0.0,0.0,0.0,-0.005703475,-0.0028291182,-0.3786521
98239770,0.050056856,-0.0052967435,-0.961404,0.0,0.0,-0.011721275,-0.0025078324,0.00055128336,-0.16223866,-0.11776692,2.502012,0.0,0.0,0.0,-0.0061626867,-0.004473414,-0.3724329
98338784,0.050056856,-0.0052967435,-0.961404,0.0,0.0,-0.012040951,-0.0028034989,0.0006566644,-0.57439744,-0.096715316,2.3971167,0.0,0.0,0.0,-0.0221276,-0.0037257795,-0.37778106
98434811,0.050056856,-0.0052967435,-0.961404,0.0,0.0,-0.015518652,-0.0029438203,0.0010566115,-0.40471414,-0.047804568,2.4357567,0.0,0.0,0.0,-0.015509079,-0.0018319222,-0.37581098
98536850,0.050056856,-0.0052967435,-0.961404,0.0,0.0,-0.016751323,-0.0032800154,-1.513958e-05,0.20496485,-0.15869088,2.3756444,0.0,0.0,0.0,0.007918748,-0.006130968,-0.37887585
98629839,0.050056856,-0.0052967435,-0.961404,0.0,0.0,-0.016277703,-0.00415708,-0.00046747923,0.2981156,-0.15977702,2.4680376,0.0,0.0,0.0,0.011374393,-0.0060961805,-0.37416512
98728973,0.050056856,-0.0052967435,-0.961404,0.0,0.0,-0.01196058,-0.0052132006,-0.00085014105,0.17264605,-0.17113727,2.4287317,0.0,0.0,0.0,0.006622299,-0.0065644267,-0.37616915
98833832,0.050056856,-0.0052967435,-0.961404,0.0,0.0,-0.005631142,-0.0056797513,-9.638071e-05,0.2196869,-0.122777864,2.419975,0.0,0.0,0.0,0.008436944,-0.0047152103,-0.3766156
98937342,0.050056856,-0.0052967435,-0.961404,0.0,0.0,-0.001313566,-0.006496464,0.000187397,0.04527664,-0.17450592,2.4599028,0.0,0.0,0.0,0.0017290001,-0.006663938,-0.37457988
99036495,0.050056856,-0.0052967435,-0.961404,0.0,0.0,-0.0023024653,-0.0074817766,0.00049847364,-0.32304174,-0.058076113,2.4735804,0.0,0.0,0.0,-0.012316149,-0.0022141847,-0.3738825
99135371,0.050056856,-0.0052967435,-0.961404,0.0,0.0,-0.005331107,-0.008173263,-9.7095966e-05,-0.14414752,-0.1611159,2.3505619,0.0,0.0,0.0,-0.005587735,-0.006245498,-0.3801547
99231392,0.050056856,-0.0052967435,-0.961404,0.0,0.0,-0.009288498,-0.008989574,-0.00078576803,-0.62685657,-0.22538352,2.4196575,0.0,0.0,0.0,-0.024074884,-0.008656018,-0.3766318
99330391,0.050056856,-0.0052967435,-0.961404,0.0,0.0,-0.017724797,-0.009828962,-0.00018799305,-0.4773409,-0.15473369,2.4384406,0.0,0.0,0.0,-0.018285887,-0.0059275096,-0.37567413
99433898,0.050056856,-0.0052967435,-0.961404,0.0,0.0,-0.024465756,-0.01015074,-0.0012683868,-0.26292074,-0.044555217,2.3290896,0.0,0.0,0.0,-0.010221095,-0.0017320928,-0.3812495
99532909,0.050056856,-0.0052967435,-0.961404,0.0,0.0,-0.027407981,-0.009707298,-0.0023251772,0.14241116,-0.18847948,2.4419603,0.0,0.0,0.0,0.00545256,-0.007216398,-0.3754947
99636473,0.050056856,-0.0052967435,-0.961404,0.0,0.0,-0.026787102,-0.009672129,-0.003055811,-0.12254659,-0.11474374,2.4437373,0.0,0.0,0.0,-0.0046913116,-0.004392604,-0.3754041
99735432,0.050056856,-0.0052967435,-0.961404,0.0,0.0,-0.026532207,-0.009983171,-0.0021167994,-0.34691495,-0.11032249,2.420848,0.0,0.0,0.0,-0.013322299,-0.004236627,-0.37657112
99828495,0.050056856,-0.0052967435,-0.961404,0.0,0.0,-0.02474013,-0.01051531,-0.0022025704,0.37708163,-0.23328795,2.3668025,0.0,0.0,0.0,0.014585859,-0.00902379,-0.37932667
99935112,0.050056856,-0.0052967435,-0.961404,0.0,0.0,-0.020327084,-0.011669847,-0.0037320852,-0.26408708,-0.15190008,2.4270852,0.0,0.0,0.0,-0.010132811,-0.005828285,-0.3762531
100031017,0.050056856,-0.0052967435,-0.961404,0.0,0.0,-0.018704342,-0.012619863,-0.0028479695,-0.17425036,-0.17792213,2.4217722,0.0,0.0,0.0,-0.006690222,-0.0068311966,-0.37652397
100137472,0.050056856,-0.0052967435,-0.961404,0.0,0.0,-0.01914679,-0.013614698,-0.003028214,-0.5251616,-0.22901879,2.476118,0.0,0.0,0.0,-0.020014886,-0.008728332,-0.3737531
100233570,0.050056856,-0.0052967435,-0.961404,0.0,0.0,-0.020586388,-0.014620092,-0.0022329092,-0.14840533,-0.22601277,2.388889,0.0,0.0,0.0,-0.0057232953,-0.008716249,-0.37820056
100339991,0.050056856,-0.0052967435,-0.961404,0.0,0.0,-0.019250916,-0.015672088,-0.0030642152,-0.33494538,-0.30145776,2.3826952,0.0,0.0,0.0,-0.012928319,-0.011635753,-0.37851635
100439023,0.050056856,-0.0052967435,-0.961404,0.0,0.0,-0.015025822,-0.016800532,-0.0027026534,-0.08708612,-0.20089674,2.363646,0.0,0.0,0.0,-0.003369815,-0.00777374,-0.3794876
100532006,0.062113766,0.013230017,-0.95728344,0.005973662,-0.37404823,-0.0398396,0.011367379,0.026540633,0.1920017,-0.019747611,2.84859,0.0,0.0,0.0,0.0069472403,-0.0007145323,-0.35476235
100635582,0.05789975,0.014248733,-0.95191675,0.005973662,0.0,-0.029765293,0.009139326,0.0848864,-0.052387677,-0.25117993,3.230145,0.0,0.0,0.0,-0.0017911298,-0.008587819,-0.33530843
100734565,0.054725695,0.015017338,-0.9396616,0.005973662,0.0,-0.022261554,0.0059849797,0.1782661,-0.38346368,-0.16379905,3.5632372,0.0,0.0,0.0,-0.012447733,-0.0053171315,-0.31832546
100827698,0.05232661,0.015599809,-0.91811585,0.005973662,0.0,-0.019387133,0.003271318,0.29890433,-0.053242728,-0.10571492,3.8034492,0.0,0.0,0.0,-0.0016618092,-0.0032995685,-0.30607808
100940053,0.050322935,0.0160888,-0.8778153,0.005973662,0.0,-0.01641036,3.597676e-05,0.45063287,-0.12413524,-0.17525865,3.4347267,0.0,0.0,0.0,-0.004112446,-0.0058061015,-0.32487768
101030086,0.049224705,0.016360264,-0.828078,0.005973662,0.0,-0.01584753,-0.0025475346,0.55650467,-0.53463745,-0.08522032,3.025902,0.0,0.0,0.0,-0.018848097,-0.0030043554,-0.34572193
101136739,0.04882255,0.01646636,-0.7625027,0.005973662,0.0,-0.016830388,-0.0047380175,0.6282481,-0.19276646,-0.10751746,2.5801501,0.0,0.0,0.0,-0.007242521,-0.0040395893,-0.36844894
101232660,0.04921767,0.016381063,-0.6973242,0.005973662,0.0,-0.013514152,-0.006618458,0.648461,-0.083177,-0.09101582,2.2386236,0.0,0.0,0.0,-0.0032729039,-0.0035813511,-0.38586196
101337607,0.05030724,0.016117929,-0.6239365,0.005973662,0.0,-0.012569211,-0.006955522,0.6452485,-0.033197545,-0.132094,2.1870284,0.0,0.0,0.0,-0.0013151701,-0.0052330997,-0.38849258
101435114,0.051187534,0.015903171,-0.5618849,0.005973662,0.0,-0.014350241,-0.0065167807,0.63198805,-0.006220281,-0.08722584,2.4054527,0.0,0.0,0.0,-0.00023935668,-0.0033564542,-0.37735605
101538659,0.052177623,0.01566162,-0.48742795,0.005973662,0.0,-0.016006554,-0.0064592166,0.6358631,0.003228277,-0.12103338,2.5096207,0.0,0.0,0.0,0.00012249596,-0.0045925737,-0.37204495
101631662,0.05303657,0.015452059,-0.41809854,0.005973662,0.0,-0.012817078,-0.006341852,0.6441995,-0.08845804,-0.13227597,2.521341,0.0,0.0,0.0,-0.0033510698,-0.005011032,-0.37144738
101730667,0.053839676,0.0152561255,-0.3487971,0.005973662,0.0,-0.011103582,-0.006486535,0.6527864,-0.5160973,-0.1725467,2.6949694,0.0,0.0,0.0,-0.01908283,-0.0063799582,-0.3625948
101834177,0.054623444,0.015064913,-0.2763402,0.005973662,0.0,-0.010725769,-0.006979635,0.66408765,-0.6446974,-0.17218184,2.6199598,0.0,0.0,0.0,-0.024088709,-0.0064334655,-0.36641923
101933148,0.055281334,0.014904407,-0.21124925,0.005973662,0.0,-0.013369011,-0.00787125,0.67146266,-0.36871222,-0.15146807,2.6650233,0.0,0.0,0.0,-0.013690121,-0.0056239422,-0.36412162
102035334,0.055995557,0.014730156,-0.13553655,0.005973662,0.0,-0.013740519,-0.00891522,0.6896556,0.122721575,-0.19360317,2.6659214,0.0,0.0,0.0,0.0045564636,-0.0071881874,-0.36407584
102134188,0.056603838,0.014581755,-0.06632965,0.005973662,0.0,-0.012470255,-0.01055178,0.69918066,0.28120303,-0.2901319,2.7869601,0.0,0.0,0.0,0.010262539,-0.010588397,-0.35790458
102233170,0.057139933,0.014450961,-0.00123525,0.005973662,0.0,-0.007835763,-0.013440305,0.71108216,0.12500146,-0.25999838,3.002503,0.0,0.0,0.0,0.004421475,-0.009196504,-0.34691495
102336682,0.057674024,0.014320657,0.06810605,0.005973662,0.0,-0.0020378348,-0.015322403,0.7377283,0.06899153,-0.08134181,3.64014,0.0,0.0,0.0,0.0022116369,-0.0026075451,-0.31440452
102435691,0.058195796,0.01419336,0.14053293,0.005973662,0.0,0.0012082013,-0.01601816,0.8089129,0.30004722,-0.2614863,6.4976525,0.0,0.0,0.0,0.0051617865,-0.0044984138,-0.16871193
102537713,0.05869781,0.0140708815,0.2155112,0.005973662,0.0,0.0011566256,-0.01697892,0.89185816,-0.3371303,-0.14450857,5.530319,0.0,0.0,0.0,-0.0074954126,-0.0032128564,-0.2180322
102636725,0.05913077,0.013965254,0.2848196,0.005973662,0.0,-0.0029934393,-0.01700057,0.96605766,-0.25978076,-0.10757111,6.878044,0.0,0.0,0.0,-0.0039555514,-0.0016379312,-0.14931735
102731313,0.05951776,0.013870839,0.3510305,0.005973662,0.0,-0.00763998,-0.016285455,1.0,-0.13017651,-0.10464918,7.0629053,0.0,0.0,0.0,-0.0018570233,-0.001492865,-0.13989206
102830252,nan,nan,nan,0.02002034,0.0,nan,nan,nan,0.0,0.0,100.0,0.0,0.0,0.0,-0.0,-0.0,-0.12
102938230,nan,nan,nan,0.020027917,0.0,nan,nan,nan,0.0,0.0,100.0,0.0,0.0,0.0,-0.0,-0.0,-0.12
103031471,nan,nan,nan,0.020111464,0.0,nan,nan,nan,0.0,0.0,100.0,0.0,0.0,0.0,-0.0,-0.0,-0.12
103140786,nan,nan,nan,0.020072604,0.0,nan,nan,nan,0.0,0.0,100.0,0.0,0.0,0.0,-0.0,-0.0,-0.12
103238249,nan,nan,nan,0.0200269,0.0,nan,nan,nan,0.0,0.0,100.0,0.0,0.0,0.0,-0.0,-0.0,-0.12
103340252,nan,nan,nan,0.020159718,0.0,nan,nan,nan,0.0,0.0,100.0,0.0,0.0,0.0,-0.0,-0.0,-0.12
103439257,nan,nan,nan,0.020121874,0.0,nan,nan,nan,0.0,0.0,100.0,0.0,0.0,0.0,-0.0,-0.0,-0.001
103532422,nan,nan,nan,0.018206146,0.0,nan,nan,nan,0.0,0.0,100.0,0.0,0.0,0.0,-0.0,-0.0,-0.001
103635864,nan,nan,nan,0.0178151,0.0,nan,nan,nan,0.0,0.0,100.0,0.0,0.0,0.0,-0.0,-0.0,-0.001
103734837,nan,nan,nan,0.017681675,0.0,nan,nan,nan,0.0,0.0,100.0,0.0,0.0,0.0,-0.0,-0.0,-0.001
103836845,nan,nan,nan,0.017643092,0.0,nan,nan,nan,0.0,0.0,100.0,0.0,0.0,0.0,-0.0,-0.0,-0.001
103938865,nan,nan,nan,0.01756551,0.0,nan,nan,nan,0.0,0.0,100.0,0.0,0.0,0.0,-0.0,-0.0,-0.001
104036371,nan,nan,nan,0.017471816,0.0,nan,nan,nan,0.0,0.0,100.0,0.0,0.0,0.0,-0.0,-0.0,-0.001
104129376,nan,nan,nan,0.01741874,0.0,nan,nan,nan,0.0,0.0,100.0,0.0,0.0,0.0,-0.0,-0.0,-0.001
104228519,nan,nan,nan,0.017400721,0.0,nan,nan,nan,0.0,0.0,100.0,0.0,0.0,0.0,-0.0,-0.0,-0.001
104336387,nan,nan,nan,0.017411325,0.0,nan,nan,nan,0.0,0.0,100.0,0.0,0.0,0.0,-0.0,-0.0,-0.001
104433910,nan,nan,nan,0.01745742,0.0,nan,nan,nan,0.0,0.0,100.0,0.0,0.0,0.0,-0.0,-0.0,-0.001
104537378,nan,nan,nan,0.01748925,0.0,nan,nan,nan,0.0,0.0,100.0,0.0,0.0,0.0,-0.0,-0.0,-0.001
104636412,nan,nan,nan,0.017415838,0.0,nan,nan,nan,0.0,0.0,100.0,0.0,0.0,0.0,-0.0,-0.0,-0.001
104738372,nan,nan,nan,0.017393392,0.0,nan,nan,nan,0.0,0.0,100.0,0.0,0.0,0.0,-0.0,-0.0,-0.001
104837422,nan,nan,nan,0.017380763,0.0,nan,nan,nan,0.0,0.0,100.0,0.0,0.0,0.0,-0.0,-0.0,-0.001
104936432,nan,nan,nan,0.017416727,0.0,nan,nan,nan,0.0,0.0,100.0,0.0,0.0,0.0,-0.0,-0.0,-0.001
105039913,nan,nan,nan,0.017428387,0.0,nan,nan,nan,0.0,0.0,100.0,0.0,0.0,0.0,-0.0,-0.0,-0.001
105134487,nan,nan,nan,0.017490774,0.0,nan,nan,nan,0.0,0.0,100.0,0.0,0.0,0.0,-0.0,-0.0,-0.001
105240938,nan,nan,nan,0.017419497,0.0,nan,nan,nan,0.0,0.0,100.0,0.0,0.0,0.0,-0.0,-0.0,-0.001
105339943,nan,nan,nan,0.017355897,0.0,nan,nan,nan,0.0,0.0,100.0,0.0,0.0,0.0,-0.0,-0.0,-0.001
105440502,nan,nan,nan,0.01729243,0.0,nan,nan,nan,0.0,0.0,100.0,0.0,0.0,0.0,-0.0,-0.0,-0.001
105539463,nan,nan,nan,0.01730112,0.0,nan,nan,nan,0.0,0.0,100.0,0.0,0.0,0.0,-0.0,-0.0,-0.001
105637027,nan,nan,nan,0.017272858,0.0,nan,nan,nan,0.0,0.0,100.0,0.0,0.0,0.0,-0.0,-0.0,-0.001
105740495,nan,nan,nan,0.017225768,0.0,nan,nan,nan,0.0,0.0,100.0,0.0,0.0,0.0,-0.0,-0.0,-0.001
105838054,nan,nan,nan,0.017174348,0.0,nan,nan,nan,0.0,0.0,100.0,0.0,0.0,0.0,-0.0,-0.0,-0.001
105931108,nan,nan,nan,0.017194811,0.0,nan,nan,nan,0.0,0.0,100.0,0.0,0.0,0.0,-0.0,-0.0,-0.001
106030039,nan,nan,nan,0.017182663,0.0,nan,nan,nan,0.0,0.0,100.0,0.0,0.0,0.0,-0.0,-0.0,-0.001
106138018,nan,nan,nan,0.01715963,0.0,nan,nan,nan,0.0,0.0,100.0,0.0,0.0,0.0,-0.0,-0.0,-0.001
106237028,nan,nan,nan,0.01715718,0.0,nan,nan,nan,0.0,0.0,100.0,0.0,0.0,0.0,-0.0,-0.0,-0.001
106337580,nan,nan,nan,0.017175073,0.0,nan,nan,nan,0.0,0.0,100.0,0.0,0.0,0.0,-0.0,-0.0,-0.001
