timestamp,timestamp_sample,ref_timestamp,ref_lat,ref_lon,x,y,z,delta_xy[0],delta_xy[1],delta_z,vx,vy,vz,z_deriv,delta_vxy[0],delta_vxy[1],delta_vz,ax,ay,az,heading,delta_heading,ref_alt,dist_bottom,eph,epv,evh,evv,vxy_max,vz_max,hagl_min,hagl_max,xy_valid,z_valid,v_xy_valid,v_z_valid,xy_reset_counter,z_reset_counter,vxy_reset_counter,vz_reset_counter,heading_reset_counter,xy_global,z_global,dist_bottom_valid,dist_bottom_sensor_bitfield
732000,732000,0,nan,nan,2.0615264e-06,-5.750866e-06,-4.8951966e-07,0.0,0.0,0.0,0.0003361876,-0.0014980265,-0.00012490833,-0.00013072995,0.00082782435,-0.0016416507,0.0,-0.11938527,0.020203797,-0.016926786,0.13429837,0.13431697,nan,0.1,0.70622146,3.5000029,7.071068,0.4500181,inf,inf,inf,inf,0,1,0,1,1,0,1,0,1,0,0,1,2
1000000,988000,0,nan,nan,-0.0012193664,0.0024224543,-0.034269847,0.0,0.0,0.0,-0.013142852,0.018112885,0.007708807,-0.024727847,0.00082782435,-0.0016416507,0.0,0.018629437,0.19731438,-0.027852131,0.13401492,0.13431697,nan,0.1,0.7547967,1.5662459,4.528741,0.45237347,inf,inf,inf,inf,0,1,0,1,1,0,1,0,1,0,0,1,2
1500000,1500000,0,nan,nan,-0.007991929,0.012675162,-0.04691714,0.0,0.0,0.0,-0.023053972,0.03558657,-0.0063959616,-0.033132963,0.00082782435,-0.0016416507,0.0,-0.17197968,0.070754,-0.16317981,0.13306189,0.13431697,nan,0.105820425,0.8255128,0.88771874,1.9897698,0.46747527,inf,inf,inf,inf,0,1,0,1,1,0,1,0,1,0,0,1,2
1996000,1992000,0,nan,nan,-0.013326113,0.019052617,-0.039208222,0.0,0.0,0.0,-0.03143048,0.046620212,0.00052308856,-0.0073719663,0.00082782435,-0.0016416507,0.0,-0.24090935,-0.056771345,0.056733374,0.13385893,0.13431697,nan,0.104345754,0.5187143,0.7532663,1.2055018,0.49495724,inf,inf,inf,inf,0,1,0,1,1,0,1,0,1,0,0,1,2
2492000,2484000,0,nan,nan,-0.014822261,0.019402523,-0.040323842,0.0,0.0,0.0,-0.03224877,0.037623495,-0.0058535896,-0.008539959,0.00082782435,-0.0016416507,0.0,0.108750045,0.039563507,0.2787467,0.1337002,0.13431697,nan,0.10662919,0.5866502,0.71013314,1.4483733,0.5222912,inf,inf,inf,inf,0,1,0,1,1,0,1,0,1,0,0,1,2
3000000,2996000,0,nan,nan,-0.008385254,0.007097177,-0.033654388,0.0,0.0,0.0,-0.006046169,-0.00052142586,0.0066378107,0.011871633,0.00082782435,-0.0016416507,0.0,-0.143233,-0.03245424,0.26314518,0.13393633,0.13431697,nan,0.10735373,0.7496996,0.74020827,1.6633527,0.54714864,inf,inf,inf,inf,0,1,0,1,1,0,1,0,1,0,0,1,2
3500000,3496000,0,nan,nan,0.0059877876,-0.004585847,-0.01555456,0.0,0.0,0.0,0.018504234,-0.012896147,0.012403808,0.025986187,0.00082782435,-0.0016416507,0.0,-0.07468172,0.070769615,0.26846582,0.13448285,0.13431697,nan,0.102265686,0.5604269,0.7655889,1.2164692,0.5506607,inf,inf,inf,inf,0,1,0,1,1,0,1,0,1,0,0,1,2
4000000,4000000,0,nan,nan,0.013265017,-0.010408671,0.00061886094,0.0,0.0,0.0,0.027033897,-0.02203652,0.008353448,0.020121936,0.00082782435,-0.0016416507,0.0,0.12645951,-0.109233364,-0.3945967,0.13305838,0.13431697,nan,0.1,0.6467203,0.78423446,1.259886,0.529737,inf,inf,inf,inf,0,1,0,1,1,0,1,0,1,0,0,1,2
4496000,4492000,0,nan,nan,0.0120726265,-0.016574282,-0.01115849,0.0,0.0,0.0,0.021292156,-0.03520672,-0.006895087,-0.006701236,0.00082782435,-0.0016416507,0.0,-0.097670995,-0.0804309,0.31476,0.13242029,0.13431697,nan,0.10111397,0.7200673,0.79778075,1.2940712,0.4598736,inf,inf,inf,inf,0,1,0,1,1,0,1,0,1,0,0,1,2
4992000,4992000,0,nan,nan,0.008544433,-0.021315139,-0.012170422,0.0,0.0,0.0,0.008356457,-0.03904783,-0.00086695614,0.00061104645,0.00082782435,-0.0016416507,0.0,-0.1667355,0.024227867,-0.010821036,0.13324332,0.13431697,nan,0.10045866,0.5384504,0.77296346,0.95932233,0.38742965,inf,inf,inf,inf,0,1,0,1,1,0,1,0,1,0,0,1,2
5492000,5492000,0,nan,nan,0.0048470944,-0.017842032,-0.0047667515,0.0,0.0,0.0,0.006999864,-0.027957372,0.021145292,0.02610159,0.00082782435,-0.0016416507,0.0,-0.13398623,0.099645205,0.20784977,0.1333426,0.13431697,nan,0.104144886,0.58792615,0.7586948,0.96092165,0.35423556,inf,inf,inf,inf,0,1,0,1,1,0,1,0,1,0,0,1,2
5992000,5972000,5588000,40.154030299999995,116.259368,0.0050367545,-0.016675832,0.0014630556,0.0,0.0,0.0,0.018628601,-0.030583773,0.0009229783,0.0021841775,0.00082782435,-0.0016416507,0.0,0.15355587,-0.010807247,-0.23862159,0.13352197,0.13431697,58.22346,0.1,0.6122176,0.73611516,0.9254106,0.35122272,inf,inf,inf,inf,0,1,0,1,1,0,1,0,1,1,1,1,0
6496000,6496000,5588000,40.154030299999995,116.259368,0.010121633,-0.015372103,-0.0026646603,0.0,0.0,0.0,0.02228909,-0.025640216,0.011318496,0.0031813509,0.00082782435,-0.0016416507,0.0,-0.124017656,0.046391822,0.00421144,0.13439253,0.13431697,58.22346,0.1,0.5206531,0.71906716,0.76129,0.37298203,inf,inf,inf,inf,0,1,0,1,1,0,1,0,1,1,1,1,0
6988000,6984000,5588000,40.154030299999995,116.259368,0.01203986,-0.010717082,-0.011174832,0.0,0.0,0.0,0.022203987,-0.019519288,0.0020770908,-0.008602157,0.00082782435,-0.0016416507,0.0,0.06613591,0.004124942,-0.141263,-0.008133435,-0.14453408,58.22346,0.101486385,0.5491275,0.70671463,0.66930145,0.39357185,inf,inf,inf,inf,0,1,0,1,1,0,1,0,2,1,1,1,0
7496000,7496000,5588000,40.154030299999995,116.259368,0.013533067,-0.010365377,-0.0006089478,0.0,0.0,0.0,0.021002948,-0.012729716,0.020245666,0.01609127,0.00082782435,-0.0016416507,0.0,-0.19777662,0.047284786,-0.050187107,-0.0063724946,-0.14453408,58.22346,0.1,0.43017727,0.71628106,0.495684,0.35896444,inf,inf,inf,inf,0,1,0,1,1,0,1,0,2,1,1,1,0
7996000,7988000,5588000,40.154030299999995,116.259368,0.0108467,-0.0067271725,0.0015528001,0.0,0.0,0.0,0.0120858485,-0.010963949,0.012746324,0.0073792646,0.00082782435,-0.0016416507,0.0,0.20328256,-0.079894215,0.0017592682,-0.006984525,-0.14453408,58.22346,0.1,0.44148052,0.71250904,0.5656858,0.34491158,inf,inf,inf,inf,0,1,0,1,1,0,1,0,2,1,1,1,0
8496000,8496000,5588000,40.154030299999995,116.259368,0.005252641,-0.0008954453,0.0022546356,0.0,0.0,0.0,0.00093728025,0.0038331212,0.007581252,0.0004497816,0.00082782435,-0.0016416507,0.0,-0.13071209,0.09023261,-0.30633992,-0.005603905,-0.14453408,58.22346,0.1027777,0.48916304,0.6983991,0.6357504,0.31312084,inf,inf,inf,inf,0,1,0,1,1,0,1,0,2,1,1,1,0
8996000,8996000,5588000,40.154030299999995,116.259368,-0.005062317,0.004524236,0.018636826,0.0,0.0,0.0,-0.022366391,0.0072435695,0.019643698,0.021654123,0.00082782435,-0.0016416507,0.0,-0.08833459,0.024198722,0.23670214,-0.0051069483,-0.14453408,58.22346,0.10129391,0.4358912,0.6807731,0.55422735,0.30781233,inf,inf,inf,inf,0,1,0,1,1,0,1,0,2,1,1,1,0
9500000,9500000,5588000,40.154030299999995,116.259368,-0.016909732,0.0060028057,0.03314928,0.0,0.0,0.0,-0.02919629,0.003763353,0.026295371,0.029654766,0.00082782435,-0.0016416507,0.0,0.10030421,-0.14118546,-0.039502043,-0.004078193,-0.14453408,58.22346,0.1,0.47312534,0.67938936,0.5204678,0.29160324,inf,inf,inf,inf,0,1,0,1,1,0,1,0,2,1,1,1,0
10000000,10000000,5588000,40.154030299999995,116.259368,-0.018656386,0.007599311,0.036101054,0.0,0.0,0.0,-0.02095206,0.01329699,0.020040954,0.01502619,0.00082782435,-0.0016416507,0.0,-0.11718391,0.011973459,-0.20735337,-0.0029956328,-0.14453408,58.22346,0.1,0.39772198,0.66986066,0.4058714,0.29997656,inf,inf,inf,inf,0,1,0,1,1,0,1,0,2,1,1,1,0
10496000,10492000,5588000,40.154030299999995,116.259368,0.045493737,0.05741278,0.06710598,0.042016983,0.06520686,0.0,0.043982767,0.0054970905,0.08185398,0.06284733,0.06393266,0.00024330989,0.07251276,0.076145716,0.062275063,-0.33864844,-0.0038347961,-0.14453408,58.22346,0.1,0.20879851,0.5905712,0.14153996,0.13685645,inf,inf,inf,inf,1,1,1,1,2,0,2,1,2,1,1,1,0
10996000,10988000,5588000,40.154030299999995,116.259368,-0.001450879,0.045677256,0.055524558,0.042016983,0.06520686,0.0,0.0011385134,0.026722206,0.020841543,-0.016549421,0.06393266,0.00024330989,0.07251276,0.09487012,0.20007432,-0.08065253,-0.004187968,-0.14453408,58.22346,0.1,0.15914357,0.52433264,0.13482413,0.117809795,inf,inf,inf,inf,1,1,1,1,2,0,2,1,2,1,1,1,0
11500000,11500000,5588000,40.154030299999995,116.259368,-0.022975406,0.042455267,0.014194441,0.042016983,0.06520686,0.0,-0.011060893,0.03869627,-0.033346053,-0.07866589,0.06393266,0.00024330989,0.07251276,-0.13326043,-0.1694322,0.010480839,-0.0024191097,-0.14453408,58.22346,0.1,0.14009675,0.4824487,0.13944097,0.110544816,inf,inf,inf,inf,1,1,1,1,2,0,2,1,2,1,1,1,0
11992000,11976000,5588000,40.154030299999995,116.259368,-0.00482348,0.06864664,0.005410608,0.042016983,0.06520686,0.0,0.018447435,0.05832703,-0.0322066,-0.050308097,0.06393266,0.00024330989,0.07251276,0.19853835,0.18850085,-0.24764425,-0.0027700663,-0.14453408,58.22346,0.11046471,0.13089976,0.44992682,0.13355868,0.112547435,inf,inf,inf,inf,1,1,1,1,2,0,2,1,2,1,1,1,0
12496000,12496000,5588000,40.154030299999995,116.259368,-0.011490709,0.047026582,0.013532001,0.042016983,0.06520686,0.0,-0.014031228,-0.014621089,-0.01891174,-0.008090781,0.06393266,0.00024330989,0.07251276,-0.012603347,0.1302615,0.20025855,-0.0023069947,-0.14453408,58.22346,0.13589375,0.12648109,0.4218971,0.12719674,0.09366523,inf,inf,inf,inf,1,1,1,1,2,0,2,1,2,1,1,1,0
12996000,12996000,5588000,40.154030299999995,116.259368,-0.021443062,0.008325393,0.039876185,0.042016983,0.06520686,0.0,-0.04101816,-0.035843324,0.0063390904,0.020576479,0.06393266,0.00024330989,0.07251276,-0.15587048,-0.10739122,-0.34799704,-0.0042801476,-0.14453408,58.22346,0.10009379,0.123564675,0.40190527,0.12266521,0.098578714,inf,inf,inf,inf,1,1,1,1,2,0,2,1,2,1,1,1,0
13500000,13500000,5588000,40.154030299999995,116.259368,-0.00942083,0.0015104779,0.058618397,0.042016983,0.06520686,0.0,-0.014130877,-0.028670304,0.009224073,0.025524924,0.06393266,0.00024330989,0.07251276,-0.15450975,-0.026747048,-0.38945115,-0.0066435514,-0.14453408,58.22346,0.1,0.12287223,0.3835655,0.1203379,0.09878719,inf,inf,inf,inf,1,1,1,1,2,0,2,1,2,1,1,1,0
13992000,13988000,5588000,40.154030299999995,116.259368,-0.014975091,-0.0012775437,0.05439878,0.042016983,0.06520686,0.0,-0.010094695,-0.028880944,0.0013544117,-0.000795607,0.06393266,0.00024330989,0.07251276,0.06231175,0.2016444,-0.43413877,-0.0055598845,-0.14453408,58.22346,0.1,0.12103005,0.36994547,0.11703389,0.1044986,inf,inf,inf,inf,1,1,1,1,2,0,2,1,2,1,1,1,0
14496000,14496000,5588000,40.154030299999995,116.259368,-0.013157285,0.0029891585,-0.014616894,0.042016983,0.06520686,0.0,-0.0028103308,-0.02385747,-0.064328805,-0.10023351,0.06393266,0.00024330989,0.07251276,-0.020052316,-0.022459298,-0.21927896,-0.006746823,-0.14453408,58.22346,0.107357055,0.12338042,0.3572883,0.118175365,0.095229186,inf,inf,inf,inf,1,1,1,1,2,0,2,1,2,1,1,1,0
14996000,14996000,5588000,40.154030299999995,116.259368,-0.013759364,0.024618573,-0.020320613,0.042016983,0.06520686,0.0,0.0031797073,0.0030658736,-0.048144843,-0.049966,0.06393266,0.00024330989,0.07251276,0.083364494,0.20781599,-0.32792053,-0.007443097,-0.14453408,58.22346,0.10581641,0.12073508,0.34788638,0.11242,0.08388714,inf,inf,inf,inf,1,1,1,1,2,0,2,1,2,1,1,1,0
15496000,15496000,5588000,40.154030299999995,116.259368,-0.0062026293,0.04495227,-0.046926893,0.042016983,0.06520686,0.0,0.015970701,0.016675964,-0.043693855,-0.045871757,0.06393266,0.00024330989,0.07251276,-0.11722639,0.039467078,-0.12136343,-0.006966477,-0.14453408,58.22346,0.10398027,0.120779164,0.33850032,0.11084816,0.09136008,inf,inf,inf,inf,1,1,1,1,2,0,2,1,2,1,1,1,0
15996000,15992000,5588000,40.154030299999995,116.259368,0.032864943,0.049146183,-0.07635946,0.042016983,0.06520686,0.0,0.04476494,0.018514205,-0.071970925,-0.07309249,0.06393266,0.00024330989,0.07251276,0.03745156,-0.23664965,0.38560665,-0.007908851,-0.14453408,58.22346,0.10529204,0.11976153,0.3300153,0.10800253,0.09922039,inf,inf,inf,inf,1,1,1,1,2,0,2,1,2,1,1,1,0
16496000,16496000,5588000,40.154030299999995,116.259368,0.04540873,0.032267425,-0.108855434,0.042016983,0.06520686,0.0,0.0357541,0.008431851,-0.070148006,-0.067136526,0.06393266,0.00024330989,0.07251276,0.045397338,-0.041033722,0.307017,-0.0066436953,-0.14453408,58.22346,0.11176652,0.119529866,0.3243315,0.10563766,0.092627354,inf,inf,inf,inf,1,1,1,1,2,0,2,1,2,1,1,1,0
16996000,16996000,5588000,40.154030299999995,116.259368,0.04415144,-0.00028369267,-0.11212811,0.042016983,0.06520686,0.0,0.022728834,-0.007880321,-0.065892436,-0.044246927,0.06393266,0.00024330989,0.07251276,-0.10421559,0.14990208,-0.44239497,-0.0056381025,-0.14453408,58.22346,0.112591974,0.119738735,0.31836215,0.1038492,0.08561649,inf,inf,inf,inf,1,1,1,1,2,0,2,1,2,1,1,1,0
17496000,17496000,5588000,40.154030299999995,116.259368,-0.0019107037,0.0005749557,-0.11336596,0.042016983,0.06520686,0.0,-0.026971191,-0.01819277,-0.038398422,-0.0048805135,0.06393266,0.00024330989,0.07251276,-0.058685042,0.119788855,-0.09140651,-0.004628953,-0.14453408,58.22346,0.12569326,0.11990504,0.31444237,0.10225657,0.09520867,inf,inf,inf,inf,1,1,1,1,2,0,2,1,2,1,1,1,0
17996000,17976000,5588000,40.154030299999995,116.259368,-0.022693107,-0.017694382,-0.07537594,0.042016983,0.06520686,0.0,-0.024284706,-0.031661324,0.0014713273,0.050437663,0.06393266,0.00024330989,0.07251276,0.12510654,0.015045116,-0.13820826,-0.005530747,-0.14453408,58.22346,0.1,0.121929474,0.31116682,0.10303075,0.105918206,inf,inf,inf,inf,1,1,1,1,2,0,2,1,2,1,1,1,0
18496000,18496000,5588000,40.154030299999995,116.259368,-0.014654535,0.0026852998,-0.042161208,0.042016983,0.06520686,0.0,0.0036883452,-0.000481389,0.03302665,0.085097946,0.06393266,0.00024330989,0.07251276,0.18724142,0.04189552,0.2968339,-0.00563436,-0.14453408,58.22346,0.120982304,0.12018632,0.30715126,0.09934777,0.10696263,inf,inf,inf,inf,1,1,1,1,2,0,2,1,2,1,1,1,0
18996000,18996000,5588000,40.154030299999995,116.259368,-0.018103931,0.024996277,0.048926137,0.042016983,0.06520686,0.0,0.0048380042,0.006344246,0.09954101,0.16982089,0.06393266,0.00024330989,0.07251276,0.12831208,0.11218027,0.14300643,-0.005143702,-0.14453408,58.22346,0.10300777,0.11912598,0.30311024,0.09791996,0.103754185,inf,inf,inf,inf,1,1,1,1,2,0,2,1,2,1,1,1,0
19496000,19496000,5588000,40.154030299999995,116.259368,-0.015810963,0.01570815,0.09150184,0.042016983,0.06520686,0.0,0.011718761,-0.018079069,0.09653638,0.1232291,0.06393266,0.00024330989,0.07251276,-0.18533993,-0.0043732594,-0.26035306,-0.005694157,-0.14453408,58.22346,0.1,0.12024832,0.3018175,0.096595824,0.08813654,inf,inf,inf,inf,1,1,1,1,2,0,2,1,2,1,1,1,0
19996000,19984000,5588000,40.154030299999995,116.259368,-0.037180457,0.03322227,0.09810275,0.042016983,0.06520686,0.0,-0.0110905785,-0.004317367,0.09662721,0.08017457,0.06393266,0.00024330989,0.07251276,0.031011304,0.08833283,0.11562462,-0.0061795097,-0.14453408,58.22346,0.1,0.11961813,0.2987727,0.09497695,0.085132815,inf,inf,inf,inf,1,1,1,1,2,0,2,1,2,1,1,1,0
20496000,20496000,5588000,40.154030299999995,116.259368,-0.06264785,0.030601185,0.06533937,0.042016983,0.06520686,0.0,-0.031882443,-0.021844998,0.05398451,-0.00451013,0.06393266,0.00024330989,0.07251276,-0.0750528,-0.22841638,-0.032104548,-0.0059526293,-0.14453408,58.22346,0.1,0.12009295,0.29658988,0.09449556,0.08763084,inf,inf,inf,inf,1,1,1,1,2,0,2,1,2,1,1,1,0
20996000,20996000,5588000,40.154030299999995,116.259368,-0.06771467,0.034405846,0.04645255,0.042016983,0.06520686,0.0,-0.02539595,-0.014617527,0.050145406,-0.0024397455,0.06393266,0.00024330989,0.07251276,-0.0010838696,-0.061276685,0.41957477,-0.0063352697,-0.14453408,58.22346,0.10612945,0.12001627,0.295422,0.093653895,0.0901814,inf,inf,inf,inf,1,1,1,1,2,0,2,1,2,1,1,1,0
21496000,21496000,5588000,40.154030299999995,116.259368,-0.055239104,0.03283566,0.08992829,0.042016983,0.06520686,0.0,-0.0042935666,-0.018327065,0.07831586,0.056061603,0.06393266,0.00024330989,0.07251276,0.07154325,0.14688538,-0.2225926,-0.006592926,-0.14453408,58.22346,0.1,0.11987863,0.29342988,0.09273419,0.091304384,inf,inf,inf,inf,1,1,1,1,2,0,2,1,2,1,1,1,0
21992000,21984000,5588000,40.154030299999995,116.259368,-0.02617813,0.017596712,0.06297432,0.042016983,0.06520686,0.0,0.0074413083,-0.028573178,0.03649073,-0.020683175,0.06393266,0.00024330989,0.07251276,-0.08771195,0.19854097,-0.3132885,-0.0058249123,-0.14453408,58.22346,0.1,0.11925912,0.2923776,0.091706224,0.09074448,inf,inf,inf,inf,1,1,1,1,2,0,2,1,2,1,1,1,0
22492000,22484000,5588000,40.154030299999995,116.259368,-0.0064827967,-0.01903425,0.044098575,0.042016983,0.06520686,0.0,0.020065011,-0.04696963,0.021953996,-0.024602022,0.06393266,0.00024330989,0.07251276,0.0015248698,-0.07772573,0.10862946,-0.007377974,-0.14453408,58.22346,0.11006276,0.11922948,0.29079166,0.09121386,0.08959117,inf,inf,inf,inf,1,1,1,1,2,0,2,1,2,1,1,1,0
22992000,22988000,5588000,40.154030299999995,116.259368,-0.028274316,-0.0021263408,0.043408655,0.042016983,0.06520686,0.0,0.0065428787,-0.023102568,0.015411259,-0.025976742,0.06393266,0.00024330989,0.07251276,0.12442438,0.13357443,0.3322931,-0.008472463,-0.14453408,58.22346,0.1,0.11914581,0.28937885,0.09128708,0.0878644,inf,inf,inf,inf,1,1,1,1,2,0,2,1,2,1,1,1,0
23492000,23492000,5588000,40.154030299999995,116.259368,-0.041164313,0.059156828,0.015943768,0.042016983,0.06520686,0.0,0.0049316566,0.023504486,-0.0023211301,-0.04583069,0.06393266,0.00024330989,0.07251276,-0.03718728,-0.050131265,-0.009376555,-0.0089571355,-0.14453408,58.22346,0.113988355,0.11911361,0.28911215,0.090147324,0.07821344,inf,inf,inf,inf,1,1,1,1,2,0,2,1,2,1,1,1,0
23996000,23992000,5588000,40.154030299999995,116.259368,-0.010556913,0.06683907,0.020425772,0.042016983,0.06520686,0.0,0.022218999,0.0015753743,0.006432874,-0.01642984,0.06393266,0.00024330989,0.07251276,0.104403056,-0.013646072,-0.3744559,-0.008106802,-0.14453408,58.22346,0.1009119,0.11876906,0.28763074,0.08961741,0.07338079,inf,inf,inf,inf,1,1,1,1,2,0,2,1,2,1,1,1,0
24488000,24488000,5588000,40.154030299999995,116.259368,0.02338989,0.047675207,-0.023661658,0.042016983,0.06520686,0.0,0.032794796,-0.03601577,-0.0246073,-0.07472078,0.06393266,0.00024330989,0.07251276,0.0934667,-0.19823541,-0.21032056,-0.009388022,-0.14453408,58.22346,0.1,0.118472785,0.2871769,0.089183,0.069094494,inf,inf,inf,inf,1,1,1,1,2,0,2,1,2,1,1,1,0
24992000,24988000,5588000,40.154030299999995,116.259368,0.023336412,0.002182526,-0.070560984,0.042016983,0.06520686,0.0,0.02786361,-0.067653656,-0.038620327,-0.090726525,0.06393266,0.00024330989,0.07251276,-0.048008133,0.021885395,-0.072432674,-0.0105165,-0.14453408,58.22346,0.10790358,0.118622944,0.2860904,0.08901674,0.068138406,inf,inf,inf,inf,1,1,1,1,2,0,2,1,2,1,1,1,0
25500000,25500000,5588000,40.154030299999995,116.259368,0.0051420173,-0.0030926715,-0.08232426,0.042016983,0.06520686,0.0,0.022465078,-0.05371307,-0.015532399,-0.045751505,0.06393266,0.00024330989,0.07251276,0.0033186714,-0.0669914,0.004875473,-0.0102144545,-0.14453408,58.22346,0.11010066,0.118773215,0.28601098,0.088850796,0.06989044,inf,inf,inf,inf,1,1,1,1,2,0,2,1,2,1,1,1,0
26000000,26000000,5588000,40.154030299999995,116.259368,-0.018109389,0.00587286,-0.060657308,0.042016983,0.06520686,0.0,0.015741654,-0.048955638,0.008951918,0.012257981,0.06393266,0.00024330989,0.07251276,-0.07776924,-0.03631567,-0.13868044,-0.010871781,-0.14453408,58.22346,0.1225733,0.119339265,0.28532928,0.08897693,0.07271909,inf,inf,inf,inf,1,1,1,1,2,0,2,1,2,1,1,1,0
26500000,26500000,5588000,40.154030299999995,116.259368,-0.020425197,0.020292467,-0.046543278,0.042016983,0.06520686,0.0,0.010341362,-0.03561742,0.014689438,0.018185101,0.06393266,0.00024330989,0.07251276,0.050158363,-0.0025256858,-0.31623057,-0.010868644,-0.14453408,58.22346,0.106649846,0.11932088,0.2844395,0.08868801,0.07510416,inf,inf,inf,inf,1,1,1,1,2,0,2,1,2,1,1,1,0
26992000,26988000,5588000,40.154030299999995,116.259368,-0.014891241,0.027744098,-0.019554235,0.042016983,0.06520686,0.0,0.014420953,-0.021260524,0.031129338,0.04483014,0.06393266,0.00024330989,0.07251276,-0.05297941,-0.0008414963,-0.13472605,-0.010869832,-0.14453408,58.22346,0.1,0.11875841,0.2842843,0.08807205,0.07657817,inf,inf,inf,inf,1,1,1,1,2,0,2,1,2,1,1,1,0
27489000,27480000,5588000,40.154030299999995,116.259368,0.014867517,0.07206056,-0.019434776,0.042016983,0.06520686,0.0,0.03762785,0.025376078,0.0022355926,0.0071131815,0.06393266,0.00024330989,0.07251276,0.01981121,0.14637549,0.2631582,-0.0108795175,-0.14453408,58.22346,0.10920744,0.12095549,0.28484192,0.089967504,0.07850125,inf,inf,inf,inf,1,1,1,1,2,0,2,1,2,1,1,1,0
28000000,27996000,5588000,40.154030299999995,116.259368,0.025346017,0.09966785,0.025894456,0.042016983,0.06520686,0.0,0.03039339,0.03600174,0.027264357,0.0577206,0.06393266,0.00024330989,0.07251276,0.20348485,-0.04649219,0.34071824,-0.009576698,-0.14453408,58.22346,0.10420022,0.12601894,0.28588694,0.09325957,0.08091065,inf,inf,inf,inf,1,1,1,1,2,0,2,1,2,1,1,1,0
28496000,28492000,5588000,40.154030299999995,116.259368,0.037360907,0.09042912,0.014634723,0.042016983,0.06520686,0.0,0.052072898,0.03131687,0.020099508,0.012083671,0.06393266,0.00024330989,0.07251276,0.1451971,-0.049951266,-0.09955931,-0.008752883,-0.14453408,58.22346,0.1,0.12349961,0.28517228,0.08996347,0.07965772,inf,inf,inf,inf,1,1,1,1,2,0,2,1,2,1,1,1,0
28996000,28992000,5588000,40.154030299999995,116.259368,0.012655238,0.08937912,0.016914848,0.042016983,0.06520686,0.0,0.031422414,0.023471948,0.04098793,0.033651102,0.06393266,0.00024330989,0.07251276,-0.07262785,0.14159961,0.22543593,-0.007354632,-0.14453408,58.22346,0.11420131,0.1218281,0.28543857,0.08854552,0.07846663,inf,inf,inf,inf,1,1,1,1,2,0,2,1,2,1,1,1,0
29496000,29492000,5588000,40.154030299999995,116.259368,-0.006971158,0.07518761,0.03946988,0.042016983,0.06520686,0.0,0.012750665,-0.0004186324,0.036365073,0.028271914,0.06393266,0.00024330989,0.07251276,-0.045956306,0.046954986,-0.33108515,-0.0066770692,-0.14453408,58.22346,0.1,0.12072576,0.28479105,0.08798105,0.07728423,inf,inf,inf,inf,1,1,1,1,2,0,2,1,2,1,1,1,0
29996000,29996000,5588000,40.154030299999995,116.259368,-0.0019650317,0.039887503,0.036036994,0.042016983,0.06520686,0.0,-0.003369091,-0.023445657,0.01572565,0.0034416579,0.06393266,0.00024330989,0.07251276,0.011676603,-0.09250871,-0.18952599,-0.0070838104,-0.14453408,58.22346,0.106448814,0.12002119,0.28417942,0.087817,0.07625777,inf,inf,inf,inf,1,1,1,1,2,0,2,1,2,1,1,1,0
30496000,30496000,5588000,40.154030299999995,116.259368,-0.011385357,0.004923661,0.04285546,0.042016983,0.06520686,0.0,-0.022481788,-0.040087957,0.0373783,0.019521538,0.06393266,0.00024330989,0.07251276,0.0981554,-0.23709193,-0.12724939,-0.007555977,-0.14453408,58.22346,0.1,0.119582064,0.2845371,0.087606,0.07547716,inf,inf,inf,inf,1,1,1,1,2,0,2,1,2,1,1,1,0
30996000,30992000,5588000,40.154030299999995,116.259368,-0.03215819,-0.0052352194,0.01247293,0.042016983,0.06520686,0.0,-0.03636034,-0.037028268,0.004686374,-0.036225718,0.06393266,0.00024330989,0.07251276,0.0031097396,-0.17641221,0.03521144,-0.007976166,-0.14453408,58.22346,0.1,0.118848994,0.2836651,0.08709451,0.07465713,inf,inf,inf,inf,1,1,1,1,2,0,2,1,2,1,1,1,0
31492000,31488000,5588000,40.154030299999995,116.259368,-0.049557764,-0.023681566,-0.03571941,0.042016983,0.06520686,0.0,-0.03985652,-0.04021268,-0.020249864,-0.07312611,0.06393266,0.00024330989,0.07251276,-0.1853634,0.13687162,-0.2013063,-0.007633728,-0.14453408,58.22346,0.10943292,0.11831283,0.28376555,0.08680043,0.07408334,inf,inf,inf,inf,1,1,1,1,2,0,2,1,2,1,1,1,0
31992000,31988000,5588000,40.154030299999995,116.259368,-0.04416188,-0.013168687,-0.014628789,0.042016983,0.06520686,0.0,-0.021751372,-0.02286717,-0.00409637,-0.012208819,0.06393266,0.00024330989,0.07251276,0.17368601,-0.12375275,-0.008430331,-0.0064364383,-0.14453408,58.22346,0.117812544,0.11833699,0.2832824,0.08681481,0.07379022,inf,inf,inf,inf,1,1,1,1,2,0,2,1,2,1,1,1,0
32500000,32500000,5588000,40.154030299999995,116.259368,-0.046565544,-0.02953184,-0.025187427,0.042016983,0.06520686,0.0,-0.010947454,-0.029499147,-0.026127584,-0.037533883,0.06393266,0.00024330989,0.07251276,-0.035637673,-0.08425245,0.3849752,-0.007104781,-0.14453408,58.22346,0.109779395,0.11896371,0.28313562,0.0873396,0.07381785,inf,inf,inf,inf,1,1,1,1,2,0,2,1,2,1,1,1,0
32996000,32992000,5588000,40.154030299999995,116.259368,-0.058300965,-0.047081444,0.008825422,0.042016983,0.06520686,0.0,-0.01723128,-0.043209348,0.0071953316,0.030580468,0.06393266,0.00024330989,0.07251276,0.05471354,-0.025120484,0.09887758,-0.007863925,-0.14453408,58.22346,0.108137034,0.11848897,0.28328523,0.086811066,0.07351746,inf,inf,inf,inf,1,1,1,1,2,0,2,1,2,1,1,1,0
33500000,33500000,5588000,40.154030299999995,116.259368,-0.043671448,-0.033489205,0.037373982,0.042016983,0.06520686,0.0,-0.018273845,-0.024407614,0.041867986,0.06936673,0.06393266,0.00024330989,0.07251276,-0.018446531,0.056358937,0.24733225,-0.0073378324,-0.14453408,58.22346,0.110301755,0.11863727,0.28285453,0.08690564,0.073467135,inf,inf,inf,inf,1,1,1,1,2,0,2,1,2,1,1,1,0
33992000,33968000,5588000,40.154030299999995,116.259368,-0.044202156,-0.0043598562,0.05772509,0.042016983,0.06520686,0.0,-0.020823628,-0.007452479,0.042184044,0.05620305,0.06393266,0.00024330989,0.07251276,0.06356491,-0.1569766,-0.019029712,-0.0069823987,-0.14453408,58.22346,0.1,0.11934251,0.2828054,0.08753672,0.07367658,inf,inf,inf,inf,1,1,1,1,2,0,2,1,2,1,1,1,0
34500000,34500000,5588000,40.154030299999995,116.259368,-0.040050823,0.030738436,0.04896598,0.042016983,0.06520686,0.0,-0.017232902,7.769198e-05,0.040834844,0.020619677,0.06393266,0.00024330989,0.07251276,-0.1279535,0.096547246,0.32113025,-0.0065052724,-0.14453408,58.22346,0.1,0.118535906,0.2826375,0.08675991,0.06942148,inf,inf,inf,inf,1,1,1,1,2,0,2,1,2,1,1,1,0
34996000,34988000,5588000,40.154030299999995,116.259368,-0.024239853,0.036037438,0.04444537,0.042016983,0.06520686,0.0,-0.001959124,-0.007098783,0.01671853,-0.004188003,0.06393266,0.00024330989,0.07251276,-0.123578206,0.03524418,-0.19935517,-0.0056708134,-0.14453408,58.22346,0.1,0.1177363,0.28250322,0.086301476,0.06710265,inf,inf,inf,inf,1,1,1,1,2,0,2,1,2,1,1,1,0
35492000,35484000,5588000,40.154030299999995,116.259368,-0.023939753,0.031944316,0.058934126,0.042016983,0.06520686,0.0,0.002828891,-0.0069809984,0.01508829,0.0095274635,0.06393266,0.00024330989,0.07251276,-0.15580311,0.020961061,-0.13868882,-0.0056336056,-0.14453408,58.22346,0.10412556,0.117500864,0.28173274,0.085945845,0.06662137,inf,inf,inf,inf,1,1,1,1,2,0,2,1,2,1,1,1,0
35992000,35988000,5588000,40.154030299999995,116.259368,-0.047497757,0.027588714,0.09560738,0.042016983,0.06520686,0.0,0.00096627855,-0.006079879,0.03056285,0.045116104,0.06393266,0.00024330989,0.07251276,-0.07148072,-0.15882024,0.26769376,-0.0060323756,-0.14453408,58.22346,0.1,0.11780579,0.2821665,0.086154975,0.06532237,inf,inf,inf,inf,1,1,1,1,2,0,2,1,2,1,1,1,0
36500000,36500000,5588000,40.154030299999995,116.259368,-0.011745995,0.032567043,0.06751692,0.042016983,0.06520686,0.0,0.02136333,0.02056022,0.01018777,-0.016270861,0.06393266,0.00024330989,0.07251276,0.03108803,0.13962127,0.037414018,-0.0061223176,-0.14453408,58.22346,0.1,0.11852976,0.28194374,0.08666737,0.06448283,inf,inf,inf,inf,1,1,1,1,2,0,2,1,2,1,1,1,0
37000000,37000000,5588000,40.154030299999995,116.259368,0.018197998,0.022367941,-0.00022570521,0.042016983,0.06520686,0.0,0.03335746,0.015916968,-0.026124466,-0.08705719,0.06393266,0.00024330989,0.07251276,0.096393704,0.04214244,0.0805566,-0.004935719,-0.14453408,58.22346,0.1,0.11866467,0.28141648,0.086714394,0.065026276,inf,inf,inf,inf,1,1,1,1,2,0,2,1,2,1,1,1,0
37500000,37500000,5588000,40.154030299999995,116.259368,0.026890982,0.0326924,-0.013285423,0.042016983,0.06520686,0.0,0.03856878,0.033936974,-0.03878413,-0.067429006,0.06393266,0.00024330989,0.07251276,0.11775938,-0.06346779,-0.005431473,-0.0054651666,-0.14453408,58.22346,0.11679014,0.11874715,0.28180203,0.08670398,0.06633572,inf,inf,inf,inf,1,1,1,1,2,0,2,1,2,1,1,1,0
37992000,37992000,5588000,40.154030299999995,116.259368,0.030838609,0.042491343,-0.010453944,0.042016983,0.06520686,0.0,0.039472464,0.036194894,-0.03142504,-0.034651376,0.06393266,0.00024330989,0.07251276,0.12785439,-0.044769097,-0.16672722,-0.0061697452,-0.14453408,58.22346,0.12105502,0.11827504,0.28101242,0.08626676,0.06763347,inf,inf,inf,inf,1,1,1,1,2,0,2,1,2,1,1,1,0
38492000,38492000,5588000,40.154030299999995,116.259368,0.010669193,0.046405204,-0.019742288,0.042016983,0.06520686,0.0,0.019679762,0.04653334,-0.030310256,-0.03152055,0.06393266,0.00024330989,0.07251276,0.074462354,0.14990617,0.0002318993,-0.006076238,-0.14453408,58.22346,0.105623804,0.11829955,0.28144646,0.086202815,0.06908169,inf,inf,inf,inf,1,1,1,1,2,0,2,1,2,1,1,1,0
38992000,38992000,5588000,40.154030299999995,116.259368,0.0053962846,0.040712755,-0.0054670153,0.042016983,0.06520686,0.0,0.0056028035,0.035411336,-0.0001773177,0.01914888,0.06393266,0.00024330989,0.07251276,0.041029956,0.0007811836,0.20961834,-0.0055055544,-0.14453408,58.22346,0.10674274,0.11830947,0.28100863,0.086152144,0.07027694,inf,inf,inf,inf,1,1,1,1,2,0,2,1,2,1,1,1,0
39496000,39496000,5588000,40.154030299999995,116.259368,-0.0008437462,0.017279819,-0.034002665,0.042016983,0.06520686,0.0,0.003430255,0.007636587,-0.05443475,-0.056955643,0.06393266,0.00024330989,0.07251276,0.08668505,-0.23204617,0.12900493,-0.005129487,-0.14453408,58.22346,0.1,0.118444905,0.28061643,0.0864585,0.071266636,inf,inf,inf,inf,1,1,1,1,2,0,2,1,2,1,1,1,0
39992000,39988000,5588000,40.154030299999995,116.259368,-0.006620154,-0.019211521,-0.07254305,0.042016983,0.06520686,0.0,0.0119370865,-0.021642042,-0.101632036,-0.0997884,0.06393266,0.00024330989,0.07251276,-0.007618371,-0.08927984,-0.28128454,-0.004439166,-0.14453408,58.22346,0.1303251,0.118062325,0.28087512,0.089696445,0.07184183,inf,inf,inf,inf,1,1,1,1,2,0,2,1,2,1,1,1,0
40500000,40496000,5588000,40.154030299999995,116.259368,-0.0309787,-0.029382419,-0.17370212,0.042016983,0.06520686,0.0,-0.037911538,-0.020674521,-0.24499325,-0.2608228,0.06393266,0.00024330989,0.07251276,-0.105545685,0.024605159,-0.024503095,-0.0044829715,-0.14453408,58.22346,0.23148417,0.118932664,0.28085253,0.13719854,0.0725716,inf,inf,inf,inf,1,1,1,1,2,0,2,1,2,1,1,1,0
40996000,40992000,5588000,40.154030299999995,116.259368,-0.06484472,-0.020067818,-0.19682612,0.042016983,0.06520686,0.0,-0.0074012736,-0.0047722342,-0.1447736,-0.12897438,0.06393266,0.00024330989,0.07251276,0.17465016,0.09311939,-0.23955944,-0.00043888236,-0.14453408,58.22346,0.25460815,0.1190956,0.28116047,0.13625392,0.07275493,inf,inf,inf,inf,1,1,1,1,2,0,2,1,2,1,1,1,0
41496000,41492000,5588000,40.154030299999995,116.259368,0.0013995407,-0.0050788415,-0.3013368,0.042016983,0.06520686,0.0,0.049162842,-0.009678986,-0.21236922,-0.2146601,0.06393266,0.00024330989,0.07251276,-0.07250017,-0.09061192,-0.23157893,0.0008028244,-0.14453408,58.22346,0.35911885,0.11984083,0.28089303,0.124350645,0.07301461,inf,inf,inf,inf,1,1,1,1,2,0,2,1,2,1,1,1,0
42000000,41992000,5588000,40.154030299999995,116.259368,0.039813872,-0.0016454916,-0.3726077,0.042016983,0.06520686,0.0,0.0143455975,-0.030936977,-0.22911853,-0.20059443,0.06393266,0.00024330989,0.07251276,0.07076509,0.16215542,-0.18492806,0.0006915556,-0.14453408,58.22346,0.43038976,0.12025865,0.2806385,0.11306354,0.0731642,inf,inf,inf,inf,1,1,1,1,2,0,2,1,2,1,1,1,0
42492000,42492000,5588000,40.154030299999995,116.259368,0.04239633,0.0040603154,-0.4606658,0.042016983,0.06520686,0.0,-0.01755886,-0.024634924,-0.2526225,-0.21159847,0.06393266,0.00024330989,0.07251276,-0.12355524,-0.022540966,-0.09685288,0.0006095713,-0.14453408,58.22346,0.5184478,0.12042323,0.28128824,0.10419356,0.07328564,inf,inf,inf,inf,1,1,1,1,2,0,2,1,2,1,1,1,0
43000000,43000000,5588000,40.154030299999995,116.259368,0.05079659,0.029496262,-0.5400058,0.042016983,0.06520686,0.0,-0.011876137,-0.012129292,-0.2211201,-0.16500361,0.06393266,0.00024330989,0.07251276,-0.052120414,-0.102066435,0.12321676,0.0007803414,-0.14453408,58.22346,0.59778786,0.12092846,0.2813439,0.09792512,0.07350473,inf,inf,inf,inf,1,1,1,1,2,0,2,1,2,1,1,1,0
43500000,43500000,5588000,40.154030299999995,116.259368,0.0405979,0.048028756,-0.6694785,0.042016983,0.06520686,0.0,-0.018432299,-0.023114124,-0.19986327,-0.18382932,0.06393266,0.00024330989,0.07251276,-0.18014665,-0.07089344,0.07788464,0.0009827433,-0.14453408,58.22346,0.72726053,0.120709084,0.28108612,0.09288234,0.07349588,inf,inf,inf,inf,1,1,1,1,2,0,2,1,2,1,1,1,0
43996000,43992000,5588000,40.154030299999995,116.259368,0.032306995,0.06253593,-0.7450304,0.042016983,0.06520686,0.0,-0.01451121,-0.021392511,-0.1389989,-0.12652053,0.06393266,0.00024330989,0.07251276,-0.15986437,-0.13272841,0.029096378,0.0007753999,-0.14453408,58.22346,0.80281246,0.11993832,0.28142408,0.08888511,0.0733406,inf,inf,inf,inf,1,1,1,1,2,0,2,1,2,1,1,1,0
44496000,44484000,5588000,40.154030299999995,116.259368,0.008252795,0.06418878,-0.8229863,0.042016983,0.06520686,0.0,-0.014333306,-0.023011934,-0.071356215,-0.0806616,0.06393266,0.00024330989,0.07251276,-0.08674559,0.18409944,0.11037569,0.00094062486,-0.14453408,58.22346,0.88076836,0.11922644,0.2808513,0.08611111,0.07316158,inf,inf,inf,inf,1,1,1,1,2,0,2,1,2,1,1,1,0
44992000,44992000,5588000,40.154030299999995,116.259368,-0.0218896,0.06375562,-0.8321174,0.042016983,0.06520686,0.0,-0.004895682,-0.036229163,-0.055956606,-0.045289747,0.06393266,0.00024330989,0.07251276,0.16945869,0.1049586,-0.20567234,0.00017299058,-0.14453408,58.22346,0.88989943,0.11902358,0.28150013,0.084586784,0.0732221,inf,inf,inf,inf,1,1,1,1,2,0,2,1,2,1,1,0,0
45492000,45492000,5588000,40.154030299999995,116.259368,-0.03827072,0.05641277,-0.8685508,0.042016983,0.06520686,0.0,0.0022278528,-0.03252542,-0.076576255,-0.07734963,0.06393266,0.00024330989,0.07251276,0.087836295,0.03828262,-0.22824852,0.00020494335,-0.14453408,58.22346,0.92633283,0.11881515,0.28125495,0.08366844,0.07067966,inf,inf,inf,inf,1,1,1,1,2,0,2,1,2,1,1,0,0
46000000,45992000,5588000,40.154030299999995,116.259368,-0.06605793,0.04533443,-0.9118258,0.042016983,0.06520686,0.0,-0.000971695,-0.013845772,-0.015761754,-0.027041957,0.06393266,0.00024330989,0.07251276,0.016232159,-0.009947289,-0.11707562,0.00020930427,-0.14453408,58.22346,0.96960783,0.11809751,0.28156164,0.09323206,0.06768211,inf,inf,inf,inf,1,1,1,1,2,0,2,1,2,1,1,0,0
46500000,46500000,5588000,40.154030299999995,116.259368,-0.048963487,0.02627514,-0.9082476,0.042016983,0.06520686,0.0,0.0126499655,-0.014711074,-0.02631701,-0.023185505,0.06393266,0.00024330989,0.07251276,-0.090913504,0.090900175,0.22311415,0.00027916476,-0.14453408,58.22346,0.96602964,0.11825014,0.28121987,0.102076605,0.06689963,inf,inf,inf,inf,1,1,1,1,2,0,2,1,2,1,1,0,0
46996000,46984000,5588000,40.154030299999995,116.259368,-0.022871861,0.027874585,-0.95481116,0.042016983,0.06520686,0.0,0.004000553,-0.008702401,-0.03600386,-0.05738731,0.06393266,0.00024330989,0.07251276,0.06166284,0.07492031,-0.036509704,0.00041437993,-0.14453408,58.22346,1.0125932,0.12046734,0.28176755,0.10603569,0.06776447,inf,inf,inf,inf,1,1,1,1,2,0,2,1,2,1,1,0,0
47496000,47496000,5588000,40.154030299999995,116.259368,0.023734104,0.021611782,-0.95119476,0.042016983,0.06520686,0.0,0.013299915,0.00917112,-0.015994279,-0.017883768,0.06393266,0.00024330989,0.07251276,-0.20731483,0.108312264,-0.008474103,0.00055649667,-0.14453408,58.22346,1.0089768,0.11751383,0.28021568,0.099728204,0.06768311,inf,inf,inf,inf,1,1,1,1,2,0,2,1,2,1,1,0,0
47996000,47984000,5588000,40.154030299999995,116.259368,0.03130314,0.010633987,-0.90818316,0.042016983,0.06520686,0.0,-0.01123603,-0.012062175,-0.026484285,0.009807962,0.06393266,0.00024330989,0.07251276,0.018274913,0.18279357,-0.61337554,-2.4857316e-05,-0.14453408,58.22346,0.9659652,0.11742783,0.28019765,0.096184425,0.06861414,inf,inf,inf,inf,1,1,1,1,2,0,2,1,2,1,1,0,0
48496000,48492000,5588000,40.154030299999995,116.259368,0.046640523,0.023257025,-0.953827,0.042016983,0.06520686,0.0,-0.0127929775,0.005749664,-0.047561835,-0.047976416,0.06393266,0.00024330989,0.07251276,-0.14145759,0.0462473,-0.063925974,0.00032859383,-0.14453408,58.22346,1.0116091,0.11879293,0.28015983,0.09380968,0.07002665,inf,inf,inf,inf,1,1,1,1,2,0,2,1,2,1,1,0,0
48996000,48992000,5588000,40.154030299999995,116.259368,0.026896177,0.03179482,-1.0041937,0.042016983,0.06520686,0.0,-0.021547649,0.0006448536,0.0033892374,-0.024291914,0.06393266,0.00024330989,0.07251276,0.11636333,0.022859856,0.09063072,0.0003003923,-0.14453408,58.22346,1.0619757,0.11925454,0.27985343,0.09079635,0.07103681,inf,inf,inf,inf,1,1,1,1,2,0,2,1,2,1,1,0,0
49496000,49496000,5588000,40.154030299999995,116.259368,0.032243732,0.0012040508,-1.0018463,0.042016983,0.06520686,0.0,-0.006718681,-0.006531004,-0.0011664105,-0.014602783,0.06393266,0.00024330989,0.07251276,-0.056712605,0.003912273,-0.09938701,0.0001378306,-0.14453408,58.22346,1.0596284,0.11933581,0.28046632,0.08822728,0.071814135,inf,inf,inf,inf,1,1,1,1,2,0,2,1,2,1,1,0,0
49996000,49996000,5588000,40.154030299999995,116.259368,0.05360721,-0.037918564,-0.97634,0.042016983,0.06520686,0.0,0.006884777,0.0019554007,-0.00938003,0.0027991685,0.06393266,0.00024330989,0.07251276,0.1273473,-0.018005818,-0.023536382,-0.00044817518,-0.14453408,58.22346,1.034122,0.11937204,0.28021795,0.086763516,0.06920122,inf,inf,inf,inf,1,1,1,1,2,0,2,1,2,1,1,0,0
50500000,50488000,5588000,40.154030299999995,116.259368,0.04099467,-0.02388467,-0.9594795,0.042016983,0.06520686,0.0,-0.017702239,0.03599389,-0.015459871,0.009852537,0.06393266,0.00024330989,0.07251276,-0.05458637,0.060018733,-0.176494,0.00034614714,-0.14453408,58.22346,1.0172615,0.118705675,0.28052798,0.0917362,0.066465124,inf,inf,inf,inf,1,1,1,1,2,0,2,1,2,1,1,0,0
50992000,50988000,5588000,40.154030299999995,116.259368,-0.0053264536,-0.0028381646,-0.9732121,0.042016983,0.06520686,0.0,-0.024690684,0.03350084,-0.03907745,-0.02394323,0.06393266,0.00024330989,0.07251276,-0.07916675,-0.14687702,0.17493403,0.00020942648,-0.14453408,58.22346,1.0309942,0.11867139,0.28019565,0.09740016,0.065885246,inf,inf,inf,inf,1,1,1,1,2,0,2,1,2,1,1,0,0
51496000,51488000,5588000,40.154030299999995,116.259368,-0.026612407,0.03365199,-0.9751823,0.042016983,0.06520686,0.0,-0.0014751488,0.04372495,-0.03707079,-0.020278068,0.06393266,0.00024330989,0.07251276,-0.041052923,-0.074670754,-0.04927348,0.00029059537,-0.14453408,58.22346,1.0329643,0.11881862,0.28073737,0.09881426,0.06650623,inf,inf,inf,inf,1,1,1,1,2,0,2,1,2,1,1,0,0
51992000,51988000,5588000,40.154030299999995,116.259368,-0.00025404,0.031998426,-0.9912885,0.042016983,0.06520686,0.0,0.0103137335,0.0012015464,-0.012985738,-0.005795059,0.06393266,0.00024330989,0.07251276,0.0970753,-0.07971025,-0.28909928,0.00024535428,-0.14453408,58.22346,1.0490705,0.11903066,0.2803637,0.097212546,0.06761183,inf,inf,inf,inf,1,1,1,1,2,0,2,1,2,1,1,0,0
52500000,52496000,5588000,40.154030299999995,116.259368,0.0164548,0.027583804,-0.99095815,0.042016983,0.06520686,0.0,-0.005775582,0.0021767751,-0.012217184,-0.0030871378,0.06393266,0.00024330989,0.07251276,0.544729,-0.015563382,0.043488104,0.0001841313,-0.14453408,58.22346,1.0487401,0.11975574,0.2802743,0.09510572,0.06904031,inf,inf,inf,inf,1,1,1,1,2,0,2,1,2,1,1,0,0
52996000,52996000,5588000,40.154030299999995,116.259368,-0.0159212,0.0123412805,-1.0219917,0.042016983,0.06520686,0.0,-0.111227855,0.0017453947,0.015726369,-0.001820047,0.06393266,0.00024330989,0.07251276,-2.1003158,0.1928774,-0.18276739,-8.271883e-05,-0.14453408,58.22346,1.0797738,0.119822405,0.28081942,0.09215606,0.0702195,inf,inf,inf,inf,1,1,1,1,2,0,2,1,2,1,1,0,0
53500000,53500000,5588000,40.154030299999995,116.259368,-0.15027696,0.008477947,-1.0177605,0.042016983,0.06520686,0.0,-0.27205268,0.00628592,0.01517323,0.0017783267,0.06393266,0.00024330989,0.07251276,1.281765,-0.0028150752,-0.10836589,3.5763926e-06,-0.14453408,58.22346,1.0755426,0.11984671,0.28048998,0.08987287,0.07118929,inf,inf,inf,inf,1,1,1,1,2,0,2,1,2,1,1,0,0
54000000,54000000,5588000,40.154030299999995,116.259368,-0.13630566,0.0015755508,-1.0036497,0.042016983,0.06520686,0.0,0.015328382,0.019857148,0.019948628,0.015147983,0.06393266,0.00024330989,0.07251276,1.6331213,-0.15173237,0.087663524,0.00018164846,-0.14453408,58.22346,1.0614318,0.11934719,0.28080094,0.08735541,0.07180998,inf,inf,inf,inf,1,1,1,1,2,0,2,1,2,1,1,0,0
54492000,54492000,5588000,40.154030299999995,116.259368,-0.06964344,-0.0020961242,-1.0087563,0.042016983,0.06520686,0.0,0.05961447,0.0013544528,0.0026566705,-0.008979929,0.06393266,0.00024330989,0.07251276,1.0748533,0.115824364,0.2675019,0.00054133334,-0.14453408,58.22346,1.0665383,0.11882523,0.280223,0.08561048,0.07219112,inf,inf,inf,inf,1,1,1,1,2,0,2,1,2,1,1,0,0
54996000,54992000,5588000,40.154030299999995,116.259368,-0.09461527,0.005350631,-1.008196,0.042016983,0.06520686,0.0,-0.056966305,0.008419049,-0.0067993547,-0.01585333,0.06393266,0.00024330989,0.07251276,-1.4775333,-0.053442296,-0.24879442,-4.9940092e-05,-0.14453408,58.22346,1.065978,0.11838388,0.28056765,0.08436243,0.07249072,inf,inf,inf,inf,1,1,1,1,2,0,2,1,2,1,1,0,0
55500000,55500000,5588000,40.154030299999995,116.259368,-0.029976128,0.042219568,-1.0223979,0.042016983,0.06520686,0.0,0.33894333,0.024230372,0.024185907,0.0048921667,0.06393266,0.00024330989,0.07251276,0.78173167,0.047034997,-0.038566064,0.00072356284,-0.14453408,58.22346,1.0801799,0.118560486,0.28035134,0.08439554,0.07016854,inf,inf,inf,inf,1,1,1,1,2,0,2,1,2,1,1,0,0
55996000,55996000,5588000,40.154030299999995,116.259368,0.030293655,0.046095174,-0.99737257,0.042016983,0.06520686,0.0,0.12074546,0.008123604,0.014529283,0.014233575,0.06393266,0.00024330989,0.07251276,-0.11214662,0.06633367,-0.115527764,0.0010301797,-0.14453408,58.22346,1.0551546,0.11767039,0.2795145,0.08975106,0.06707476,inf,inf,inf,inf,1,1,1,1,2,0,2,1,2,1,1,0,0
56500000,56500000,5588000,40.154030299999995,116.259368,0.14717884,0.023469973,-0.9985144,0.042016983,0.06520686,0.0,0.45048404,-0.01364111,0.013337498,0.008229368,0.06393266,0.00024330989,0.07251276,-1.8699036,0.038962696,-0.1551574,0.0011723983,-0.14453408,58.22346,1.0562965,0.118456475,0.2804308,0.09191557,0.06482444,inf,inf,inf,inf,1,1,1,1,2,0,2,1,2,1,1,0,0
56996000,56992000,5588000,40.154030299999995,116.259368,0.20898375,0.027304122,-0.9866792,0.042016983,0.06520686,0.0,0.1827777,0.0122953765,0.012047465,0.01700897,0.06393266,0.00024330989,0.07251276,1.7310643,-0.024519002,-0.08581112,0.0004896483,-0.14453408,58.22346,1.0444613,0.11824947,0.28071058,0.09446611,0.06437664,inf,inf,inf,inf,1,1,1,1,2,0,2,1,2,1,1,0,0
57492000,57492000,5588000,40.154030299999995,116.259368,0.2724386,0.0071015926,-0.9796165,0.042016983,0.06520686,0.0,0.15817767,-0.0025454522,-0.012617882,-0.003976902,0.06393266,0.00024330989,0.07251276,-2.001018,0.06817019,-0.26925558,0.00030878562,-0.14453408,58.22346,1.0373986,0.118245,0.28007153,0.09234712,0.06322462,inf,inf,inf,inf,1,1,1,1,2,0,2,1,2,1,1,0,0
57988000,57988000,5588000,40.154030299999995,116.259368,0.30204841,-0.01799645,-1.0415624,0.042016983,0.06520686,0.0,-0.11679235,0.0065055913,0.026915606,-0.02273189,0.06393266,0.00024330989,0.07251276,0.4572867,-0.034191616,0.4932675,0.00037079168,-0.14453408,58.22346,1.0993445,0.11853274,0.28057477,0.091478646,0.062459055,inf,inf,inf,inf,1,1,1,1,2,0,2,1,2,1,1,0,0
58492000,58488000,5588000,40.154030299999995,116.259368,0.27341667,-0.0036690438,-1.0661826,0.042016983,0.06520686,0.0,-0.3511736,0.030558018,0.07256815,0.008457876,0.06393266,0.00024330989,0.07251276,-4.567713,-0.1229559,0.09361095,0.0005602103,-0.14453408,58.22346,1.1239647,0.11869963,0.2801599,0.09239241,0.06325042,inf,inf,inf,inf,1,1,1,1,2,0,2,1,2,1,1,0,0
58996000,58992000,5588000,40.154030299999995,116.259368,0.28068104,0.029152889,-1.0726451,0.042016983,0.06520686,0.0,-0.11425727,0.036818177,0.06719765,1.3480894e-05,0.06393266,0.00024330989,0.07251276,2.8480346,0.12180347,-0.073650844,0.00043780674,-0.14453408,58.22346,1.1304271,0.1189329,0.27974498,0.092778,0.064835,inf,inf,inf,inf,1,1,1,1,2,0,2,1,2,1,1,0,0
59496000,59492000,5588000,40.154030299999995,116.259368,0.3442297,0.03194279,-1.0863897,0.042016983,0.06520686,0.0,0.002186675,0.026091672,0.077123046,-0.0040635173,0.06393266,0.00024330989,0.07251276,-1.2058094,0.017829454,-0.010575686,0.00052522816,-0.14453408,58.22346,1.1441717,0.12026416,0.2799521,0.09314897,0.06686513,inf,inf,inf,inf,1,1,1,1,2,0,2,1,2,1,1,0,0
59992000,59988000,5588000,40.154030299999995,116.259368,0.3343863,-0.0036294633,-1.0569314,0.042016983,0.06520686,0.0,-0.20366909,0.003914569,0.08276472,0.031984195,0.06393266,0.00024330989,0.07251276,-0.38720036,0.10714573,-0.28691345,-5.601234e-05,-0.14453408,58.22346,1.1147134,0.1227639,0.2804371,0.090074636,0.0658036,inf,inf,inf,inf,1,1,1,1,2,0,2,1,2,1,1,0,0
60500000,60500000,5588000,40.154030299999995,116.259368,0.17487128,-0.01636695,-1.014119,0.042016983,0.06520686,0.0,-0.22087985,0.01887527,0.03129796,0.008271424,0.06393266,0.00024330989,0.07251276,-2.2764494,-0.058654055,0.059207898,0.00011595801,-0.14453408,58.22346,1.0719011,0.12622765,0.28212452,0.09057472,0.06503327,inf,inf,inf,inf,1,1,1,1,2,0,2,1,2,1,1,0,0
60992000,60984000,5588000,40.154030299999995,116.259368,0.075268425,-0.02834498,-1.023366,0.042016983,0.06520686,0.0,-0.095018,0.020746509,0.034909803,0.0015435793,0.06393266,0.00024330989,0.07251276,-1.0229841,-0.15654367,0.2629468,-6.481722e-05,-0.14453408,58.22346,1.081148,0.12682274,0.2828691,0.091335565,0.06493239,inf,inf,inf,inf,1,1,1,1,2,0,2,1,2,1,1,0,0
61496000,61488000,5588000,40.154030299999995,116.259368,0.011528378,-0.057433654,-1.0337056,0.042016983,0.06520686,0.0,-0.26235777,0.023980785,0.017387161,-0.023798434,0.06393266,0.00024330989,0.07251276,0.20452437,-0.0689987,0.18318741,-0.00016547085,-0.14453408,58.22346,1.0914876,0.1236025,0.28231654,0.091074415,0.06520975,inf,inf,inf,inf,1,1,1,1,2,0,2,1,2,1,1,0,0
61988000,61984000,5588000,40.154030299999995,116.259368,-0.18505152,-0.059112657,-1.0208416,0.042016983,0.06520686,0.0,-0.55484927,0.03646398,0.036915906,0.012831809,0.06393266,0.00024330989,0.07251276,-1.8575208,0.088535674,0.25309715,-0.00030312853,-0.14453408,58.22346,1.0786237,0.12074555,0.2821107,0.090477236,0.066058576,inf,inf,inf,inf,1,1,1,1,2,0,2,1,2,1,1,0,0
62488000,62484000,5588000,40.154030299999995,116.259368,-0.28557554,-0.016752983,-1.028213,0.042016983,0.06520686,0.0,-0.095762804,0.053237338,0.035505623,0.005099137,0.06393266,0.00024330989,0.07251276,3.0621583,-0.13806653,0.17402878,-0.00095448905,-0.14453408,58.22346,1.0859951,0.119810104,0.2815812,0.09025802,0.06750029,inf,inf,inf,inf,1,1,1,1,2,0,2,1,2,1,1,0,0
62996000,62996000,5588000,40.154030299999995,116.259368,-0.17364962,0.017774703,-1.0435387,0.042016983,0.06520686,0.0,0.12238228,0.03293112,0.015679944,-0.029779444,0.06393266,0.00024330989,0.07251276,2.295073,-0.05171165,-0.17184018,-0.0005224388,-0.14453408,58.22346,1.1013207,0.119812936,0.2813581,0.08968136,0.0690995,inf,inf,inf,inf,1,1,1,1,2,0,2,1,2,1,1,0,0
63496000,63496000,5588000,40.154030299999995,116.259368,-0.0965313,0.020707684,-1.0399966,0.042016983,0.06520686,0.0,0.22051367,0.014746927,0.025452463,-0.0070232647,0.06393266,0.00024330989,0.07251276,4.317042,-0.005103904,-0.2011936,-0.00074265676,-0.14453408,58.22346,1.0977787,0.11944198,0.28178856,0.08820384,0.07032479,inf,inf,inf,inf,1,1,1,1,2,0,2,1,2,1,1,0,0
64000000,64000000,5588000,40.154030299999995,116.259368,-0.025088722,0.022197615,-1.0169207,0.042016983,0.06520686,0.0,0.41401657,0.008000913,0.046736527,0.034760267,0.06393266,0.00024330989,0.07251276,1.6646249,0.032080777,0.17128883,-0.000705662,-0.14453408,58.22346,1.0747027,0.119305484,0.28134343,0.08698133,0.07130491,inf,inf,inf,inf,1,1,1,1,2,0,2,1,2,1,1,0,0
64492000,64492000,5588000,40.154030299999995,116.259368,-0.054122075,0.030360408,-0.9842613,0.042016983,0.06520686,0.0,0.13103127,0.014310697,-0.0013583337,0.004185901,0.06393266,0.00024330989,0.07251276,-3.273049,-0.027100474,-0.035841014,-0.00091791793,-0.14453408,58.22346,1.0420433,0.11867949,0.28155005,0.08549522,0.07185998,inf,inf,inf,inf,1,1,1,1,2,0,2,1,2,1,1,0,0
64996000,64976000,5588000,40.154030299999995,116.259368,-0.1551549,0.030625775,-1.0217124,0.042016983,0.06520686,0.0,-0.15174913,0.010456033,-0.0032116114,-0.023801861,0.06393266,0.00024330989,0.07251276,2.6200235,0.02846677,-0.3121374,-0.000861048,-0.14453408,58.22346,1.0794945,0.12031851,0.28120923,0.08617868,0.07296937,inf,inf,inf,inf,1,1,1,1,2,0,2,1,2,1,1,0,0
65500000,65500000,5588000,40.154030299999995,116.259368,-0.20289828,0.030836143,-1.002892,0.042016983,0.06520686,0.0,-0.020970596,0.0074822116,0.0079568755,0.006098551,0.06393266,0.00024330989,0.07251276,-2.7921922,0.22240943,-0.13128947,-0.0010594279,-0.14453408,58.22346,1.0606741,0.11876484,0.28084683,0.08420725,0.07283119,inf,inf,inf,inf,1,1,1,1,2,0,2,1,2,1,1,0,0
65996000,65992000,5588000,40.154030299999995,116.259368,-0.19427228,0.019423667,-1.0256466,0.042016983,0.06520686,0.0,0.06839719,0.00045514543,-0.010255967,-0.03303101,0.06393266,0.00024330989,0.07251276,1.224864,0.049255442,-0.06440002,-0.00069806474,-0.14453408,58.22346,1.0834286,0.11829515,0.28113437,0.08347644,0.0729405,inf,inf,inf,inf,1,1,1,1,2,0,2,1,2,1,1,0,0
66488000,66480000,5588000,40.154030299999995,116.259368,-0.17897624,-0.0066294326,-1.0523425,0.042016983,0.06520686,0.0,0.09725851,0.0003094674,0.022596765,-0.013332894,0.06393266,0.00024330989,0.07251276,-2.0579052,-0.050272252,0.30122417,-0.0009130278,-0.14453408,58.22346,1.1101246,0.11784498,0.28143668,0.08293527,0.072966255,inf,inf,inf,inf,1,1,1,1,2,0,2,1,2,1,1,0,0
67000000,66992000,5588000,40.154030299999995,116.259368,-0.19079341,-0.0024819605,-1.0712684,0.042016983,0.06520686,0.0,-0.0564345,0.024337435,0.051689163,0.0018050744,0.06393266,0.00024330989,0.07251276,0.5542199,0.08111012,0.35109368,-0.0006950788,-0.14453408,58.22346,1.1290505,0.11800394,0.2811718,0.08342862,0.07049642,inf,inf,inf,inf,1,1,1,1,2,0,2,1,2,1,1,0,0
67496000,67496000,5588000,40.154030299999995,116.259368,-0.20289055,0.013518214,-1.0300872,0.042016983,0.06520686,0.0,0.10689565,0.028545074,0.0680843,0.046161864,0.06393266,0.00024330989,0.07251276,-0.5892563,-0.13564165,-0.07732491,-0.0013094732,-0.14453408,58.22346,1.0878693,0.11813296,0.28087932,0.08684772,0.067279615,inf,inf,inf,inf,1,1,1,1,2,0,2,1,2,1,1,0,0
67996000,67996000,5588000,40.154030299999995,116.259368,-0.28242996,0.02211828,-1.0285215,0.042016983,0.06520686,0.0,-0.05503854,0.0153614795,0.018929185,-0.010745084,0.06393266,0.00024330989,0.07251276,0.5504036,0.056427646,0.06213318,-0.001562612,-0.14453408,58.22346,1.0863036,0.11943656,0.28117022,0.091816515,0.06670773,inf,inf,inf,inf,1,1,1,1,2,0,2,1,2,1,1,0,0
68492000,68492000,5588000,40.154030299999995,116.259368,-0.26873654,0.041111078,-1.0207198,0.042016983,0.06520686,0.0,0.1283454,0.013276884,0.032174334,0.012208782,0.06393266,0.00024330989,0.07251276,-4.097628,-0.015873654,-0.20884348,-0.0012649664,-0.14453408,58.22346,1.0785018,0.11780318,0.28052348,0.08966995,0.06413599,inf,inf,inf,inf,1,1,1,1,2,0,2,1,2,1,1,0,0
68992000,68992000,5588000,40.154030299999995,116.259368,-0.17541909,0.0316016,-1.0038875,0.042016983,0.06520686,0.0,0.09221094,4.9205264e-06,0.022863733,0.020222321,0.06393266,0.00024330989,0.07251276,1.4514545,-0.008134458,0.24633294,-0.0013746051,-0.14453408,58.22346,1.0616696,0.11813524,0.28015116,0.09055671,0.06378588,inf,inf,inf,inf,1,1,1,1,2,0,2,1,2,1,1,0,0
69496000,69496000,5588000,40.154030299999995,116.259368,-0.12093081,0.023774493,-0.9638969,0.042016983,0.06520686,0.0,0.18023989,-0.0012656678,-0.0271225,-0.0015025376,0.06393266,0.00024330989,0.07251276,0.3749645,-0.013967215,-0.15399417,-0.0012351653,-0.14453408,58.22346,1.0216789,0.11962292,0.2803662,0.09242708,0.06494834,inf,inf,inf,inf,1,1,1,1,2,0,2,1,2,1,1,0,0
69992000,69984000,5588000,40.154030299999995,116.259368,0.03486176,-0.0023092958,-0.9723319,0.042016983,0.06520686,0.0,0.3518197,-0.0014444278,-0.025776537,-0.0074123554,0.06393266,0.00024330989,0.07251276,2.0462687,0.024379946,0.09881239,-0.001165317,-0.14453408,58.22346,1.0301139,0.11799142,0.2797192,0.088146105,0.063210085,inf,inf,inf,inf,1,1,1,1,2,0,2,1,2,1,1,0,0
70500000,70500000,5588000,40.154030299999995,116.259368,0.09033688,-0.028178532,-1.0234764,0.042016983,0.06520686,0.0,0.18461636,0.001089835,-0.033247605,-0.048831504,0.06393266,0.00024330989,0.07251276,-0.14583413,-0.0003439345,0.07975287,-0.0012598305,-0.14453408,58.22346,1.0812584,0.118786424,0.27960965,0.08853505,0.06319563,inf,inf,inf,inf,1,1,1,1,2,0,2,1,2,1,1,0,0
70996000,70996000,5588000,40.154030299999995,116.259368,0.19142485,-0.015969297,-1.0500972,0.042016983,0.06520686,0.0,0.17614755,0.010081929,0.036402375,0.0074082715,0.06393266,0.00024330989,0.07251276,-0.06389402,0.117578104,0.013557262,-0.0011237286,-0.14453408,58.22346,1.1078793,0.118486136,0.2798374,0.08868118,0.06419153,inf,inf,inf,inf,1,1,1,1,2,0,2,1,2,1,1,0,0
71504000,71472000,5588000,40.154030299999995,116.259368,0.26618204,0.0025857857,-1.0313028,0.042016983,0.06520686,0.0,0.1884681,0.012208996,0.053252023,0.03398704,0.06393266,0.00024330989,0.07251276,-1.3414072,-0.10313409,-0.13756286,-0.00054502324,-0.14453408,58.22346,1.0890849,0.119818546,0.28006184,0.09002042,0.066057764,inf,inf,inf,inf,1,1,1,1,2,0,2,1,2,1,1,0,0
71996000,71996000,5588000,40.154030299999995,116.259368,0.31611705,0.03337891,-1.003191,0.042016983,0.06520686,0.0,0.060615506,0.019181537,0.024390072,0.018698934,0.06393266,0.00024330989,0.07251276,-3.1523547,-0.13725206,-0.00025797632,-0.00071645784,-0.14453408,58.22346,1.060973,0.11854648,0.27973267,0.086068094,0.06412848,inf,inf,inf,inf,1,1,1,1,2,0,2,1,2,1,1,0,0
72500000,72500000,5588000,40.154030299999995,116.259368,0.19391848,0.03833142,-0.95318425,0.042016983,0.06520686,0.0,-0.28696042,-0.00045975257,0.3452811,0.34075624,0.06393266,0.00024330989,0.07251276,-1.1638166,-0.018996641,1.4851828,0.04409595,-0.14453408,58.22346,1.0109663,0.11867705,0.2793756,0.0857716,0.06326131,inf,inf,inf,inf,1,1,1,1,2,0,2,1,2,1,1,0,0
72988000,72988000,5588000,40.154030299999995,116.259368,0.04007372,0.037961006,-0.6084602,0.042016983,0.06520686,0.0,-0.26274398,-0.027288543,0.72215414,0.75069785,0.06393266,0.00024330989,0.07251276,-1.1649045,-0.19305117,-0.3855247,0.012293515,-0.14453408,58.22346,0.66624224,0.118213914,0.27963606,0.08509982,0.06326262,inf,inf,inf,inf,1,1,1,1,2,0,2,1,2,1,1,0,0
73496000,73488000,5588000,40.154030299999995,116.259368,0.01812271,0.031297866,-0.29190916,0.042016983,0.06520686,0.0,-0.23281223,-0.016073322,0.6503525,0.6514356,0.06393266,0.00024330989,0.07251276,-2.366308,-0.028940901,0.15364121,0.0018738788,-0.14453408,58.22346,0.3496912,0.11822457,0.27927014,0.08575925,0.06272627,inf,inf,inf,inf,1,1,1,1,2,0,2,1,2,1,1,0,0
74000000,73992000,5588000,40.154030299999995,116.259368,0.10236925,0.043033984,0.020702202,0.042016983,0.06520686,0.0,-0.088465676,0.00936608,0.6956334,0.67829436,0.06393266,0.00024330989,0.07251276,-0.7693464,0.103336796,0.33440906,-0.000719332,-0.14453408,58.22346,0.1,0.11825661,0.2797906,0.08708311,0.06366769,inf,inf,inf,inf,1,1,1,1,2,0,2,1,2,1,1,0,0
74496000,74496000,5588000,40.154030299999995,116.259368,0.007192759,0.07296226,-0.04006456,0.042016983,0.06520686,0.0,-0.41930714,0.017496888,-0.07812679,-0.12480402,0.06393266,0.00024330989,0.07251276,-2.332813,0.050447375,-1.0237656,-0.00213525,-0.14453408,58.22346,0.116049424,0.11808208,0.27916595,0.086978436,0.062678054,inf,inf,inf,inf,1,1,1,1,2,0,2,1,2,1,1,0,0
74996000,74992000,5588000,40.154030299999995,116.259368,0.02502526,0.0686843,-0.025608625,0.042016983,0.06520686,0.0,-0.18279165,0.0047824937,-0.03939594,-0.035739996,0.06393266,0.00024330989,0.07251276,3.1435401,0.17822464,-2.191873,-0.0025964417,-0.14453408,58.22346,0.129515,0.117861114,0.27943757,0.08656076,0.062369518,inf,inf,inf,inf,1,1,1,1,2,0,2,1,2,1,1,0,0
75500000,75492000,5588000,40.154030299999995,116.259368,0.089204706,0.07357399,0.00634615,0.042016983,0.06520686,0.0,-0.13768244,0.0085921725,-0.012921537,0.021482024,0.06393266,0.00024330989,0.07251276,-2.5516422,-0.20182519,-0.05628634,-0.0025871983,-0.14453408,58.22346,0.10720069,0.11817701,0.27909467,0.08550687,0.06205754,inf,inf,inf,inf,1,1,1,1,2,0,2,1,2,1,1,1,0
75992000,75992000,5588000,40.154030299999995,116.259368,0.13535692,0.07143892,-0.01605253,0.042016983,0.06520686,0.0,0.050947625,-0.0046649035,-0.021766469,-0.01815937,0.06393266,0.00024330989,0.07251276,0.19006072,0.12403068,0.16241705,-0.0020890227,-0.14453408,58.22346,0.1,0.11829136,0.27874404,0.08461725,0.06252391,inf,inf,inf,inf,1,1,1,1,2,0,2,1,2,1,1,1,0
76496000,76488000,5588000,40.154030299999995,116.259368,0.26568708,0.09841645,-0.06105054,0.042016983,0.06520686,0.0,0.36282557,0.014728073,-0.013262365,-0.03729209,0.06393266,0.00024330989,0.07251276,2.3153822,0.019709883,0.24099182,-0.0032829365,-0.14453408,58.22346,0.1,0.117904566,0.27900836,0.08395016,0.06388763,inf,inf,inf,inf,1,1,1,1,2,0,2,1,2,1,1,1,0
76996000,76996000,5588000,40.154030299999995,116.259368,0.375202,0.11412808,-0.08686429,0.042016983,0.06520686,0.0,0.4899589,0.015634915,-0.0068998616,-0.03528506,0.06393266,0.00024330989,0.07251276,1.0520039,0.028158609,-0.048136335,-0.004330161,-0.14453408,58.22346,0.1,0.1185147,0.27894765,0.08444834,0.06594049,inf,inf,inf,inf,1,1,1,1,2,0,2,1,2,1,1,1,0
77500000,77496000,5588000,40.154030299999995,116.259368,0.3937504,0.105218835,-0.10080112,0.042016983,0.06520686,0.0,0.25131786,0.01430702,-0.004463973,-0.026678689,0.06393266,0.00024330989,0.07251276,2.6999185,-0.113588706,-0.09993929,-0.0041608503,-0.14453408,58.22346,0.109127544,0.118577935,0.27953106,0.08427074,0.067798406,inf,inf,inf,inf,1,1,1,1,2,0,2,1,2,1,1,1,0
77992000,77988000,5588000,40.154030299999995,116.259368,0.35293788,0.10266669,-0.082057424,0.042016983,0.06520686,0.0,0.23428252,0.0030214451,0.014633678,0.012194684,0.06393266,0.00024330989,0.07251276,-1.8494197,-0.23119034,-0.36739275,-0.004532098,-0.14453408,58.22346,0.10964922,0.11810372,0.27897367,0.08366183,0.06917418,inf,inf,inf,inf,1,1,1,1,2,0,2,1,2,1,1,1,0
