timestamp,timestamp_sample,states[0],states[1],states[2],states[3],states[4],states[5],states[6],states[7],states[8],states[9],states[10],states[11],states[12],states[13],states[14],states[15],states[16],states[17],states[18],states[19],states[20],states[21],states[22],states[23],covariances[0],covariances[1],covariances[2],covariances[3],covariances[4],covariances[5],covariances[6],covariances[7],covariances[8],covariances[9],covariances[10],covariances[11],covariances[12],covariances[13],covariances[14],covariances[15],covariances[16],covariances[17],covariances[18],covariances[19],covariances[20],covariances[21],covariances[22],covariances[23],n_states
1000000,996000,0.99799496,0.0014676288,4.4593315e-05,0.06327696,0.002037033,0.005891848,-0.0014604654,0.00010621524,0.00011808685,-0.054946456,-3.5579623e-10,-1.5521699e-10,9.251237e-13,0.0,0.0,-6.219733e-09,0.2771181,-2.4447218e-09,0.46980467,0.0,0.0,0.0,0.0,0.0,7.4732293e-06,0.002617229,0.0026172306,0.0018575499,10.254572,10.254571,0.20459107,0.28485838,0.28485838,2.0439792,9.999995e-07,9.999995e-07,9.923015e-07,4.0000004e-06,4.0000004e-06,3.9999973e-06,0.0,0.0,0.0,0.0,0.0,0.0,0.0,0.0,24
2000000,2000000,0.99800223,0.0010660362,0.00046236362,0.063168764,-0.0053397072,0.016147872,0.0018101558,-0.0008816472,0.0025734876,-0.033872925,1.7250529e-06,3.4179183e-07,-2.7207316e-09,0.0,0.0,-1.8566939e-07,0.2771181,-2.4447218e-09,0.46980467,0.0,0.0,0.0,0.0,0.0,4.3294667e-06,0.0050231917,0.005023204,0.0010783013,0.76648533,0.76648414,0.24574088,0.14359847,0.14359842,0.5705113,9.655967e-07,9.655968e-07,6.0294605e-07,4.0000004e-06,4.0000004e-06,3.9889374e-06,0.0,0.0,0.0,0.0,0.0,0.0,0.0,0.0,24
3000000,2988000,0.9980007,0.00031800952,-0.00035910393,0.06320205,0.0034411852,-0.00440532,0.0047284886,-0.00081809284,0.00033809588,-0.026917394,8.797083e-06,2.9048674e-06,-1.2242588e-08,0.0,0.0,-7.4597815e-06,0.2771181,-2.4447218e-09,0.46980467,0.0,0.0,0.0,0.0,0.0,3.7320972e-06,0.00515533,0.0051553333,0.00092903466,1.3219749,1.3219718,0.2982486,0.26754072,0.2675403,0.5456519,6.422267e-07,6.422277e-07,2.0786361e-07,4.0000004e-06,4.0000004e-06,3.8047262e-06,0.0,0.0,0.0,0.0,0.0,0.0,0.0,0.0,24
4000000,4000000,0.9980045,-0.00072365074,-0.0001995176,0.0631396,0.001679697,-0.001685715,0.020992398,0.0020259502,6.84351e-05,-0.00730208,7.815643e-06,2.106482e-07,-1.0056047e-08,0.0,0.0,-9.821475e-06,0.2771181,-2.4447218e-09,0.46980467,0.0,0.0,0.0,0.0,0.0,2.8623801e-06,0.0025270476,0.002527058,0.00071477337,0.77989113,0.7798909,0.29123703,0.20824307,0.20824309,0.61753565,2.7310745e-07,2.731102e-07,7.9316564e-08,4.0000004e-06,4.0000004e-06,3.1835912e-06,0.0,0.0,0.0,0.0,0.0,0.0,0.0,0.0,24
5000000,4988000,0.9980358,-0.0010634586,0.000105166844,0.06263782,-0.0032745223,-0.014579412,0.0019065738,-0.0003437628,-0.0040164506,-0.009754213,4.8566817e-06,-3.7293512e-07,-1.0164364e-08,0.0,0.0,-8.606544e-06,0.2771181,-2.4447218e-09,0.46980467,0.0,0.0,0.0,0.0,0.0,2.2369827e-06,0.0012824264,0.0012824417,0.00056708505,0.48537204,0.4853684,0.18941317,0.1528814,0.15288113,0.6280385,1.00940646e-07,1.00942074e-07,3.7454356e-08,4.0000004e-06,4.0000004e-06,2.8976876e-06,0.0,0.0,0.0,0.0,0.0,0.0,0.0,0.0,24
5992000,5992000,0.9980182,-0.0013808291,-0.0008380405,0.06290513,0.009252645,-0.02058655,0.013598934,0.00013946948,-0.0048764185,-0.00070982316,2.4621804e-07,1.0497947e-06,-1.1610264e-08,0.0,0.0,-7.029982e-06,0.2771181,-2.4447218e-09,0.46980467,0.0,0.0,0.0,0.0,0.0,1.8524964e-06,0.00061288435,0.0006128897,0.00046554787,0.3150814,0.3150789,0.14247449,0.12260888,0.12260859,0.56482023,3.368447e-08,3.3684803e-08,2.0252406e-08,4.0000004e-06,4.0000004e-06,2.8804463e-06,0.0,0.0,0.0,0.0,0.0,0.0,0.0,0.0,24
6996000,6976000,0.99999475,-0.00026248457,-0.0001229495,-0.0032512923,0.011801587,-0.010116092,-0.0043125674,0.0050077974,-0.0064949244,-0.008689728,-3.4512534e-06,-2.5676831e-08,-5.5106696e-08,0.0,0.0,-8.1999025e-07,0.27620494,-0.034757182,0.47183484,0.0,0.0,0.0,0.0,0.0,1.6931034e-06,0.00033324107,0.0003332427,0.0012691381,0.21956109,0.21956049,0.16448516,0.1536361,0.15363583,0.5248273,1.3994385e-08,1.3994546e-08,1.33431515e-08,4.0000004e-06,4.0000004e-06,2.7418378e-06,0.0,0.0,0.0,0.0,0.0,0.0,0.0,0.0,24
8000000,8000000,0.9999958,0.00024417797,0.00067300186,-0.0028098056,0.0016115042,-0.002601408,0.012819357,0.0049626534,-0.005821912,0.0014091339,-5.9276053e-06,-1.5814895e-06,-2.601879e-07,0.0,0.0,-2.5866605e-06,0.27620494,-0.034757182,0.47183484,0.0,0.0,0.0,0.0,0.0,1.6772645e-06,0.00030712862,0.00030712938,0.0003469673,0.17912942,0.179129,0.12909822,0.114513606,0.1145135,0.51185167,6.6061823e-09,6.6063133e-09,1.31530875e-08,4.0000004e-06,4.0000004e-06,2.6665327e-06,0.0,0.0,0.0,0.0,0.0,0.0,0.0,0.0,24
8996000,8984000,0.99999624,0.00053896545,0.00081017613,-0.0025575324,-0.026141902,0.006128551,0.014465272,-0.0044815587,0.0018355751,0.01743305,-6.359615e-06,-1.7971399e-06,8.723999e-08,0.0,0.0,-2.9766586e-06,0.27620494,-0.034757182,0.47183484,0.0,0.0,0.0,0.0,0.0,1.6765854e-06,0.00013212588,0.00013212697,0.0002386899,0.16790596,0.1679063,0.10442945,0.10999871,0.109998666,0.5006327,5.526676e-09,5.5267955e-09,1.2400863e-08,4.0000004e-06,4.0000004e-06,2.6613593e-06,0.0,0.0,0.0,0.0,0.0,0.0,0.0,0.0,24
9992000,9988000,0.9999983,0.001011133,0.0007747377,-0.0013924383,-0.019039782,0.015754107,0.013230167,-0.011011132,0.003936304,0.01947682,-6.4376654e-06,-1.7327636e-06,-1.4509126e-06,0.0,0.0,2.7980366e-06,0.27620494,-0.034757182,0.47183484,0.0,0.0,0.0,0.0,0.0,1.6782607e-06,5.4821656e-05,5.4823304e-05,0.00021193817,0.089793354,0.08979303,0.108797625,0.09215026,0.0921503,0.45628753,5.510685e-09,5.5108034e-09,1.0882155e-08,4.0000004e-06,4.0000004e-06,2.6413982e-06,0.0,0.0,0.0,0.0,0.0,0.0,0.0,0.0,24
10992000,10992000,0.9999956,0.0017942563,0.0018080502,-0.0015098145,-0.009076976,0.025293306,0.007824449,-0.018569518,0.040605806,0.011001883,-8.232612e-06,-8.900542e-06,-3.1365773e-06,0.0,0.0,0.00038180852,0.27620494,-0.034757182,0.47183484,0.0,0.0,0.0,0.0,0.0,1.6798632e-06,6.4959335e-05,6.4960834e-05,0.00020986884,0.009429429,0.009429318,0.01506613,0.0127237085,0.012723709,0.28897864,4.6696016e-09,4.6696567e-09,8.922643e-09,4.0000004e-06,4.0000004e-06,2.0806413e-06,0.0,0.0,0.0,0.0,0.0,0.0,0.0,0.0,24
12000000,12000000,0.99999964,0.00020699477,0.00022662338,-0.00081704877,0.01604531,0.03383457,-0.022842115,-0.006121862,0.06343786,0.0028950116,2.5971497e-07,1.5914188e-06,-5.5695655e-06,0.0,0.0,0.000289259,0.27620494,-0.034757182,0.47183484,0.0,0.0,0.0,0.0,0.0,1.6799896e-06,3.2721655e-05,3.2722466e-05,0.00021014232,0.009589517,0.009589481,0.015218122,0.008993819,0.008993823,0.20354968,2.758905e-09,2.758919e-09,6.95138e-09,4.0000004e-06,4.0000004e-06,9.3284893e-07,0.0,0.0,0.0,0.0,0.0,0.0,0.0,0.0,24
13000000,13000000,0.99999607,-0.0017395606,0.0010219313,-0.0019366733,-0.01878095,-0.022275489,0.016920038,-0.009527582,0.018724527,0.04282434,6.2802187e-06,-2.2908268e-06,2.349935e-06,0.0,0.0,-1.33498825e-05,0.27620494,-0.034757182,0.47183484,0.0,0.0,0.0,0.0,0.0,1.6788676e-06,2.0536923e-05,2.0537193e-05,0.00020304942,0.0077196085,0.007719576,0.012160923,0.007861105,0.007861104,0.16218233,1.7008663e-09,1.700876e-09,5.2317146e-09,4.0000004e-06,4.0000004e-06,3.9038005e-07,0.0,0.0,0.0,0.0,0.0,0.0,0.0,0.0,24
13984000,13984000,0.9999961,-0.00037966855,0.0007267959,-0.002685419,-0.008901542,-0.0187534,-0.011070908,-0.013647709,0.011841286,0.024312913,-1.2619067e-07,2.961312e-06,5.6422714e-06,0.0,0.0,2.7740087e-05,0.27620494,-0.034757182,0.47183484,0.0,0.0,0.0,0.0,0.0,1.6793524e-06,1.5766287e-05,1.57665e-05,0.0001924875,0.0069405385,0.0069405036,0.009610095,0.007350844,0.0073508425,0.1371007,1.0317356e-09,1.0317598e-09,3.938882e-09,4.0000004e-06,4.0000004e-06,2.0345485e-07,0.0,0.0,0.0,0.0,0.0,0.0,0.0,0.0,24
14992000,14992000,0.99999356,0.0008610956,-9.950992e-05,-0.003498072,0.01265305,0.006889745,-0.018155694,-0.013561373,0.038015544,-0.015482334,-2.2163533e-06,1.0056271e-05,6.884864e-06,0.0,0.0,2.9923996e-05,0.27620494,-0.034757182,0.47183484,0.0,0.0,0.0,0.0,0.0,1.6805011e-06,1.2571982e-05,1.2572652e-05,0.00018214273,0.006386296,0.0063862344,0.006493883,0.0073236544,0.0073236534,0.12137144,6.0359445e-10,6.0360955e-10,2.9761271e-09,4.0000004e-06,4.0000004e-06,1.9656412e-07,0.0,0.0,0.0,0.0,0.0,0.0,0.0,0.0,24
15996000,15992000,0.9999922,0.0009022976,-0.0008650936,-0.0037616654,0.04949005,0.014958797,-0.035573512,0.034762107,0.039828453,-0.072007686,-1.8250893e-07,1.4412141e-05,5.4882903e-06,0.0,0.0,7.932273e-05,0.27620494,-0.034757182,0.47183484,0.0,0.0,0.0,0.0,0.0,1.6819484e-06,9.822208e-06,9.822448e-06,0.00017249887,0.005916912,0.005916753,0.005779734,0.0073316814,0.007331682,0.11049912,3.5447686e-10,3.544797e-10,2.2868571e-09,4.0000004e-06,4.0000004e-06,1.7839072e-07,0.0,0.0,0.0,0.0,0.0,0.0,0.0,0.0,24
16996000,16992000,0.99999547,0.0007849279,0.00046198373,-0.0028689338,-0.011234641,-0.0008144022,-0.020659715,0.011210908,0.012922956,-0.09535142,1.8414923e-06,9.003036e-06,4.0661826e-06,0.0,0.0,8.750193e-05,0.27620494,-0.034757182,0.47183484,0.0,0.0,0.0,0.0,0.0,1.6807077e-06,7.892449e-06,7.892593e-06,0.00016007638,0.0055257254,0.005525752,0.0053595905,0.007330255,0.0073302523,0.102689065,2.213487e-10,2.2134967e-10,1.7595297e-09,4.0000004e-06,4.0000004e-06,1.726603e-07,0.0,0.0,0.0,0.0,0.0,0.0,0.0,0.0,24
17996000,17992000,0.9999957,0.0004854207,-0.0002604312,-0.0029000782,-0.010971866,-0.033297904,0.011942089,-0.008196772,-0.0068836864,-0.073305614,4.545171e-06,1.0431747e-05,3.7469588e-06,0.0,0.0,5.7921236e-05,0.27620494,-0.034757182,0.47183484,0.0,0.0,0.0,0.0,0.0,1.6803268e-06,6.5007857e-06,6.5007325e-06,0.0001488984,0.005155136,0.0051550744,0.0063573983,0.0073179705,0.0073179696,0.096254155,1.4744679e-10,1.4744496e-10,1.3774117e-09,4.0000004e-06,4.0000004e-06,1.44785e-07,0.0,0.0,0.0,0.0,0.0,0.0,0.0,0.0,24
18996000,18992000,0.9999956,-0.00063349906,-0.0013087452,-0.0026122474,-0.01245956,-0.008821266,0.077831075,-0.025245544,0.009705379,0.05072166,4.3237774e-06,8.703182e-06,3.8146623e-06,0.0,0.0,-0.00011760436,0.27620494,-0.034757182,0.47183484,0.0,0.0,0.0,0.0,0.0,1.6790893e-06,5.5372648e-06,5.5368564e-06,0.00013891792,0.004854991,0.004855083,0.0068696374,0.0072990027,0.007299,0.092247725,1.0514623e-10,1.0514676e-10,1.0959481e-09,4.0000004e-06,4.0000004e-06,1.0777177e-07,0.0,0.0,0.0,0.0,0.0,0.0,0.0,0.0,24
20000000,19996000,0.9999944,-0.00054884504,-0.0010176641,-0.0031694553,-0.019576691,0.011175947,0.040980287,-0.038447518,0.047372352,0.0470074,2.7323888e-06,6.3597163e-06,4.694442e-06,0.0,0.0,-2.153231e-05,0.27620494,-0.034757182,0.47183484,0.0,0.0,0.0,0.0,0.0,1.6788474e-06,4.8734e-06,4.873357e-06,0.00012979565,0.0046116845,0.004611794,0.0067584966,0.007254085,0.0072540874,0.08922996,7.987798e-11,7.987853e-11,8.855621e-10,4.0000004e-06,4.0000004e-06,7.7668226e-08,0.0,0.0,0.0,0.0,0.0,0.0,0.0,0.0,24
21000000,21000000,0.9999941,-0.00070626737,0.00026278978,-0.0033538237,-0.0202663,-0.0052290964,0.020891182,-0.05610337,0.041012116,0.047809005,2.5459299e-06,5.8667856e-06,4.4983753e-06,0.0,0.0,-4.4580656e-06,0.27620494,-0.034757182,0.47183484,0.0,0.0,0.0,0.0,0.0,1.6787786e-06,4.384148e-06,4.384122e-06,0.0001223597,0.004399573,0.0043995315,0.0063823797,0.0071955244,0.0071955286,0.08699503,6.364102e-11,6.364142e-11,7.2820056e-10,4.0000004e-06,4.0000004e-06,5.684901e-08,0.0,0.0,0.0,0.0,0.0,0.0,0.0,0.0,24
21996000,21992000,0.99999416,-0.001570671,1.3829964e-05,-0.0030549725,0.015781673,-0.02723794,0.007256104,-0.013337115,0.010398717,0.029179951,2.8353263e-06,7.4771933e-06,5.2554246e-06,0.0,0.0,4.3360687e-05,0.27620494,-0.034757182,0.47183484,0.0,0.0,0.0,0.0,0.0,1.6773604e-06,4.0442633e-06,4.044156e-06,0.00011556198,0.004235154,0.0042351186,0.005980005,0.0071501243,0.007150126,0.08533907,5.2891243e-11,5.2891774e-11,6.05511e-10,4.0000004e-06,4.0000004e-06,5.0000093e-08,0.0,0.0,0.0,0.0,0.0,0.0,0.0,0.0,24
22992000,22988000,0.9999898,-0.00096354284,0.00031475842,-0.00440097,-0.012479272,0.004944335,-0.0015682803,-0.046862297,0.029425638,0.012182464,5.0233825e-07,5.9123854e-06,5.8650458e-06,0.0,0.0,4.7133064e-05,0.27620494,-0.034757182,0.47183484,0.0,0.0,0.0,0.0,0.0,1.6785503e-06,3.789949e-06,3.7899383e-06,0.00010944771,0.004154992,0.004154917,0.0055070887,0.007107241,0.0071072443,0.083514914,4.53783e-11,4.537925e-11,5.091465e-10,4.0000004e-06,4.0000004e-06,5.000009e-08,0.0,0.0,0.0,0.0,0.0,0.0,0.0,0.0,24
23996000,23984000,0.99998987,-0.0013321951,-0.0010536478,-0.0041833734,0.026571274,-0.0017327671,-0.0014826327,-0.00043721517,0.05848302,0.011857918,2.7172055e-07,6.7818273e-06,5.1398497e-06,0.0,0.0,4.9216178e-05,0.27620494,-0.034757182,0.47183484,0.0,0.0,0.0,0.0,0.0,1.6785193e-06,3.606893e-06,3.606936e-06,0.00010430066,0.004029614,0.0040295525,0.0045360033,0.0070753014,0.0070753014,0.08252871,3.9982878e-11,3.9983912e-11,4.3349319e-10,4.0000004e-06,4.0000004e-06,5e-08,0.0,0.0,0.0,0.0,0.0,0.0,0.0,0.0,24
25004000,24980000,0.9999817,-0.002022516,-0.0011188636,-0.0055884207,0.02434402,-0.052594192,-0.03485361,0.007910575,0.013961964,-0.07090122,2.1227862e-07,6.2728573e-06,5.6680674e-06,0.0,0.0,5.6058496e-05,0.27620494,-0.034757182,0.47183484,0.0,0.0,0.0,0.0,0.0,1.6799286e-06,3.4587438e-06,3.4587774e-06,9.9524455e-05,0.0039602737,0.0039600227,0.004101553,0.007046505,0.007046493,0.081659585,3.5928798e-11,3.593038e-11,3.7219233e-10,4.0000004e-06,4.0000004e-06,5e-08,0.0,0.0,0.0,0.0,0.0,0.0,0.0,0.0,24
25992000,25992000,0.99998283,-0.0011702342,-0.0007709749,-0.0057028835,0.008281818,-0.040944256,0.0056348816,-0.021309122,0.02037712,-0.046125732,-1.2066637e-06,4.847409e-06,5.5986543e-06,0.0,0.0,4.6118723e-05,0.27620494,-0.034757182,0.47183484,0.0,0.0,0.0,0.0,0.0,1.679813e-06,3.361033e-06,3.361165e-06,9.537809e-05,0.003953328,0.003953298,0.0040027928,0.0071195276,0.007119506,0.08119349,3.283521e-11,3.283733e-11,3.220232e-10,4.0000004e-06,4.0000004e-06,5.000009e-08,0.0,0.0,0.0,0.0,0.0,0.0,0.0,0.0,24
26992000,26992000,0.9999815,-0.00029753207,-0.0010042863,-0.006000481,0.019961644,-0.014735738,0.01792571,-0.008116803,0.0422215,-0.037255794,-2.5128816e-06,4.706347e-06,5.3435433e-06,0.0,0.0,5.584182e-05,0.27620494,-0.034757182,0.47183484,0.0,0.0,0.0,0.0,0.0,1.6801205e-06,3.2726332e-06,3.2729286e-06,9.0582624e-05,0.003916589,0.0039165826,0.0043431283,0.007085344,0.0070853317,0.08052548,3.042974e-11,3.0431695e-11,2.7934055e-10,4.0000004e-06,4.0000004e-06,5.000009e-08,0.0,0.0,0.0,0.0,0.0,0.0,0.0,0.0,24
28000000,27992000,0.99998766,-6.749407e-05,-0.0008843813,-0.0048899082,0.029330648,0.02149996,0.02205319,0.018118205,0.07159789,0.02001015,-3.0414083e-06,4.6607047e-06,4.2757524e-06,0.0,0.0,2.5260768e-05,0.27620494,-0.034757182,0.47183484,0.0,0.0,0.0,0.0,0.0,1.67906e-06,3.308063e-06,3.3082365e-06,8.6948494e-05,0.0043355175,0.0043353434,0.0050580255,0.007917718,0.007917721,0.080997825,2.8768729e-11,2.8769978e-11,2.4563077e-10,4.0000004e-06,4.0000004e-06,5.000027e-08,0.0,0.0,0.0,0.0,0.0,0.0,0.0,0.0,24
29000000,29000000,0.9999917,-3.5228557e-05,0.00025646933,-0.0040764683,0.0061607505,0.008951429,0.04522827,-0.017094094,0.06976089,0.024437293,-2.6122593e-06,3.4101101e-06,3.6105323e-06,0.0,0.0,4.354591e-05,0.27620494,-0.034757182,0.47183484,0.0,0.0,0.0,0.0,0.0,1.6780303e-06,3.1601023e-06,3.1601226e-06,8.319004e-05,0.0039749835,0.0039749015,0.005259025,0.0074952715,0.007495267,0.08038953,2.6981434e-11,2.6981905e-11,2.1630622e-10,4.0000004e-06,4.0000004e-06,5e-08,0.0,0.0,0.0,0.0,0.0,0.0,0.0,0.0,24
29992000,29992000,0.99999315,-0.00024121109,0.0004077204,-0.0036829708,-0.0045861537,-0.036765207,0.010340132,-0.00034269772,0.029208863,0.037457168,-1.8705543e-06,3.3670674e-06,3.6639224e-06,0.0,0.0,6.1572646e-05,0.27620494,-0.034757182,0.47183484,0.0,0.0,0.0,0.0,0.0,1.6769421e-06,3.0904428e-06,3.090441e-06,7.9858655e-05,0.0038525446,0.0038525776,0.005327236,0.0072073424,0.007207338,0.08007356,2.5679804e-11,2.567997e-11,1.9233345e-10,4.0000004e-06,4.0000004e-06,5.0000093e-08,0.0,0.0,0.0,0.0,0.0,0.0,0.0,0.0,24
31000000,30988000,0.99999267,2.9517545e-05,0.00033948335,-0.0038321682,-0.03200473,-0.032466535,0.00055235694,-0.028656995,0.0007834477,-0.0077993334,-2.043181e-06,3.210123e-06,3.4674042e-06,0.0,0.0,0.0001312161,0.27620494,-0.034757182,0.47183484,0.0,0.0,0.0,0.0,0.0,1.6768863e-06,3.0485537e-06,3.048665e-06,7.656388e-05,0.0038221842,0.003822309,0.0053609274,0.0070902538,0.007090249,0.07985755,2.4640625e-11,2.4640942e-11,1.7174469e-10,4.0000004e-06,4.0000004e-06,5.0000093e-08,0.0,0.0,0.0,0.0,0.0,0.0,0.0,0.0,24
32012000,31996000,0.9999932,0.0004044672,-0.00097319577,-0.0035278902,-0.013439416,-0.0050593433,0.010083675,-0.031438194,0.0011131488,0.0023235106,-2.8351537e-06,3.90898e-06,3.5221767e-06,0.0,0.0,0.0001200138,0.27620494,-0.034757182,0.47183484,0.0,0.0,0.0,0.0,0.0,1.6760409e-06,3.0178392e-06,3.017917e-06,7.3577976e-05,0.003817334,0.0038173832,0.005381688,0.0070600077,0.007060015,0.07973504,2.3784339e-11,2.3784742e-11,1.5435003e-10,4.0000004e-06,4.0000004e-06,5.000018e-08,0.0,0.0,0.0,0.0,0.0,0.0,0.0,0.0,24
33000000,33000000,0.9999925,-0.00043623307,0.00039774107,-0.003852953,-0.00062823563,-0.036630075,0.014088611,-0.03791491,-0.036763255,0.014794829,-2.5969516e-06,4.0406985e-06,3.4529546e-06,0.0,0.0,0.00010818474,0.27620494,-0.034757182,0.47183484,0.0,0.0,0.0,0.0,0.0,1.6761653e-06,2.9917692e-06,2.9918256e-06,7.158763e-05,0.0038289903,0.003828962,0.005409128,0.0071052792,0.0071052867,0.07934274,2.306013e-11,2.3060543e-11,1.4038846e-10,4.0000004e-06,4.0000004e-06,5e-08,0.0,0.0,0.0,0.0,0.0,0.0,0.0,0.0,24
33996000,33988000,0.99999386,-0.00023767291,0.00041620235,-0.0034769324,-0.02918035,0.010611804,0.043361817,-0.041027542,0.014905647,0.045367043,-3.601652e-06,3.7976986e-06,3.1963095e-06,0.0,0.0,0.000107010404,0.27620494,-0.034757182,0.47183484,0.0,0.0,0.0,0.0,0.0,1.6756275e-06,2.9608013e-06,2.960865e-06,6.8981506e-05,0.0037822379,0.0037822446,0.0053915456,0.007061035,0.0070610396,0.07930698,2.2442208e-11,2.2442607e-11,1.2750169e-10,4.0000004e-06,4.0000004e-06,5e-08,0.0,0.0,0.0,0.0,0.0,0.0,0.0,0.0,24
35000000,35000000,0.9999956,0.00010885243,-0.0001945293,-0.0029688787,0.009700823,-0.0066080545,0.01621969,-0.014586933,0.030427624,0.04451908,-3.8549724e-06,4.4370963e-06,2.9954724e-06,0.0,0.0,0.00013646799,0.27620494,-0.034757182,0.47183484,0.0,0.0,0.0,0.0,0.0,1.6749518e-06,2.950155e-06,2.9502273e-06,6.692885e-05,0.0038139268,0.0038138262,0.00542476,0.007127519,0.007127518,0.0796214,2.193465e-11,2.1935091e-11,1.1664437e-10,4.0000004e-06,4.0000004e-06,5.000009e-08,0.0,0.0,0.0,0.0,0.0,0.0,0.0,0.0,24
35992000,35992000,0.99999404,0.0004791661,0.0003353202,-0.003401917,-0.0013181693,-0.006432015,0.03389962,-0.040928546,0.023618067,0.09526212,-3.9214383e-06,4.1142735e-06,2.885994e-06,0.0,0.0,0.00010700154,0.27620494,-0.034757182,0.47183484,0.0,0.0,0.0,0.0,0.0,1.6751775e-06,2.9252194e-06,2.925373e-06,6.469439e-05,0.0037860638,0.0037860612,0.005403627,0.007082082,0.007082074,0.07959071,2.1487565e-11,2.1488089e-11,1.07022655e-10,4.0000004e-06,4.0000004e-06,5.000009e-08,0.0,0.0,0.0,0.0,0.0,0.0,0.0,0.0,24
37000000,37000000,0.9999961,0.0003458966,-0.0005039722,-0.0027472451,0.016845992,0.019199582,-0.045517996,0.006530919,0.016268387,-0.011343173,-3.974438e-06,3.9136853e-06,2.8937247e-06,0.0,0.0,0.00017845473,0.27620494,-0.034757182,0.47183484,0.0,0.0,0.0,0.0,0.0,1.6742251e-06,2.9118646e-06,2.911933e-06,6.28765e-05,0.0037996399,0.0037995663,0.0048432206,0.0071037225,0.0071037216,0.07974621,2.1115033e-11,2.1115472e-11,9.885288e-11,4.0000004e-06,4.0000004e-06,5.0000178e-08,0.0,0.0,0.0,0.0,0.0,0.0,0.0,0.0,24
37996000,37996000,0.99999464,0.0008301569,-0.00022826398,-0.0031695636,0.024517601,0.023134265,-0.034844548,0.00790239,0.023971431,0.014435168,-3.7580971e-06,3.6114327e-06,2.8475358e-06,0.0,0.0,0.00016010102,0.27620494,-0.034757182,0.47183484,0.0,0.0,0.0,0.0,0.0,1.6744048e-06,2.8902316e-06,2.8903146e-06,6.1110004e-05,0.0037558158,0.0037557909,0.0044573443,0.0070549604,0.00705496,0.07963942,2.0785356e-11,2.078567e-11,9.169155e-11,4.0000004e-06,4.0000004e-06,5.000009e-08,0.0,0.0,0.0,0.0,0.0,0.0,0.0,0.0,24
38992000,38984000,0.9999952,0.00016370755,0.0004061281,-0.0030725827,0.0053895013,0.014973083,-0.015278995,0.006327343,0.022111125,0.0056636464,-2.970487e-06,3.21609e-06,2.5961506e-06,0.0,0.0,0.00014147523,0.27620494,-0.034757182,0.47183484,0.0,0.0,0.0,0.0,0.0,1.6742971e-06,2.8774296e-06,2.8774255e-06,5.946738e-05,0.0037415165,0.003741321,0.0046679815,0.0070252293,0.007025219,0.07947789,2.0510869e-11,2.0511108e-11,8.541039e-11,4.0000004e-06,4.0000004e-06,5.000009e-08,0.0,0.0,0.0,0.0,0.0,0.0,0.0,0.0,24
40000000,40000000,0.9999958,0.00018200246,0.00010089806,-0.0028736345,0.014441358,-0.015093644,-0.04813928,-0.0038026408,-0.01152065,-0.037918422,-2.238112e-06,3.4079485e-06,2.5414338e-06,0.0,0.0,0.00013944198,0.27620494,-0.034757182,0.47183484,0.0,0.0,0.0,0.0,0.0,1.6738958e-06,2.876767e-06,2.8767731e-06,5.7762427e-05,0.0037844172,0.0037843648,0.0050039557,0.007108783,0.0071087624,0.07914123,2.0283983e-11,2.0284267e-11,7.965593e-11,4.0000004e-06,4.0000004e-06,5.0000093e-08,0.0,0.0,0.0,0.0,0.0,0.0,0.0,0.0,24
40992000,40988000,0.999996,-0.00027791364,0.0005741178,-0.0027863092,-0.009159145,-0.012624308,-0.04735756,-0.042823274,-0.0027308348,-0.076553255,-2.3213722e-06,3.1026193e-06,2.4909511e-06,0.0,0.0,0.00012462966,0.27620494,-0.034757182,0.47183484,0.0,0.0,0.0,0.0,0.0,1.6736313e-06,2.8600318e-06,2.8600566e-06,5.635807e-05,0.0037452707,0.0037452583,0.0051987185,0.0070546586,0.007054647,0.07904383,2.00713e-11,2.0071615e-11,7.481298e-11,4.0000004e-06,4.0000004e-06,5.0000093e-08,0.0,0.0,0.0,0.0,0.0,0.0,0.0,0.0,24
41992000,41992000,0.9999957,-5.5795717e-05,0.0006660296,-0.0028604078,0.0012062918,-0.043364517,-0.0014498085,-0.0025471535,-0.015065715,-0.068377405,-2.0251382e-06,3.5168666e-06,2.584975e-06,0.0,0.0,6.971951e-05,0.27620494,-0.034757182,0.47183484,0.0,0.0,0.0,0.0,0.0,1.6733792e-06,2.8542654e-06,2.8542452e-06,5.4960008e-05,0.0037378129,0.0037377886,0.005321833,0.007056584,0.007056581,0.07917015,1.9897394e-11,1.989767e-11,7.042522e-11,4.0000004e-06,4.0000004e-06,5.000009e-08,0.0,0.0,0.0,0.0,0.0,0.0,0.0,0.0,24
43000000,42996000,0.9999944,0.0004664921,0.00017914175,-0.003313626,0.005850724,-0.036125235,0.042922333,0.021225654,-0.036692698,0.00063147466,-2.2455847e-06,3.5713758e-06,2.5717366e-06,0.0,0.0,1.6048683e-05,0.27620494,-0.034757182,0.47183484,0.0,0.0,0.0,0.0,0.0,1.6735717e-06,2.8535615e-06,2.8536222e-06,5.3783355e-05,0.0037530167,0.0037530023,0.0051081744,0.0070753274,0.0070753247,0.0793486,1.9752316e-11,1.9752564e-11,6.663079e-11,4.0000004e-06,4.0000004e-06,5.0000526e-08,0.0,0.0,0.0,0.0,0.0,0.0,0.0,0.0,24
44000000,44000000,0.9999949,0.0001902171,-0.00028304686,-0.0031910269,0.014207542,-0.0034148635,0.017281272,0.031357188,-0.01953488,-0.006273712,-2.5174647e-06,3.5779856e-06,2.253174e-06,0.0,0.0,2.569653e-05,0.27620494,-0.034757182,0.47183484,0.0,0.0,0.0,0.0,0.0,1.6735709e-06,2.84841e-06,2.8484492e-06,5.2501193e-05,0.003738673,0.0037386548,0.004487255,0.0070460807,0.0070460797,0.07880404,1.9622085e-11,1.962232e-11,6.315123e-11,4.0000004e-06,4.0000004e-06,5.0000175e-08,0.0,0.0,0.0,0.0,0.0,0.0,0.0,0.0,24
44988000,44988000,0.9999965,0.00026823228,0.0002770004,-0.0026354643,-0.0017936759,0.0031259065,-0.026941234,0.006931801,0.0087474855,-0.011106465,-2.534079e-06,3.4468392e-06,2.1539508e-06,7.9479876e-05,-4.7830832e-05,1.8976696e-05,0.27620494,-0.034757182,0.47183484,0.0,0.0,0.0,0.0,0.0,1.6730189e-06,2.8427091e-06,2.842742e-06,5.1425122e-05,0.005071816,0.005071803,0.004632693,0.0070267837,0.0070267823,0.07872313,1.950736e-11,1.950759e-11,6.0134835e-11,3.8872968e-06,3.8872968e-06,5e-08,0.0,0.0,0.0,0.0,0.0,0.0,0.0,0.0,24
45992000,45988000,0.99993473,-0.006126622,-0.009617558,-0.0007989626,-0.010031234,0.0069001433,-0.13772026,-0.03426766,0.003562247,-0.11258497,-2.5557333e-06,3.2685646e-06,2.2775987e-06,0.00010481544,-0.00015799627,3.898118e-05,0.27620494,-0.034757182,0.47183484,0.0,0.0,0.0,0.0,0.0,1.6717617e-06,3.4581965e-06,3.4554944e-06,5.0338804e-05,0.009151418,0.009151635,0.0049383133,0.0071840445,0.007184044,0.07880298,2.0135131e-11,2.0135362e-11,5.737178e-11,1.1336999e-06,1.1336945e-06,5.000009e-08,0.0,0.0,0.0,0.0,0.0,0.0,0.0,0.0,24
47000000,47000000,0.99999696,-0.00014502296,-0.00242772,0.0004172181,0.015534353,0.0037951681,-0.2836231,0.030071422,-0.0047221486,-0.41163033,-2.6373884e-06,3.4733737e-06,2.2973877e-06,-4.1472736e-05,-0.00011634631,4.2138057e-05,0.27620494,-0.034757182,0.47183484,0.0,0.0,0.0,0.0,0.0,1.6708506e-06,4.338489e-06,4.33833e-06,4.943112e-05,0.0060500065,0.0060500572,0.0044269287,0.0072856853,0.007285695,0.0789185,2.0982376e-11,2.0982575e-11,5.4960987e-11,8.0280637e-07,8.0279375e-07,5.0000178e-08,0.0,0.0,0.0,0.0,0.0,0.0,0.0,0.0,24
47992000,47984000,0.99999404,-0.0023796936,0.0024947056,0.0003229939,-0.011351004,-0.008340969,-0.17954853,0.06896198,-0.009648132,-0.5510373,-2.4461465e-06,3.6268484e-06,2.2315285e-06,-0.00016800794,7.227536e-05,7.421747e-06,0.27620494,-0.034757182,0.47183484,0.0,0.0,0.0,0.0,0.0,1.6708507e-06,5.0502454e-06,5.050207e-06,4.8485494e-05,0.0063044922,0.0063046683,0.004499915,0.007165605,0.007165609,0.07868071,2.1542376e-11,2.154253e-11,5.2779343e-11,4.1877948e-07,4.187742e-07,5.000009e-08,0.0,0.0,0.0,0.0,0.0,0.0,0.0,0.0,24
48992000,48992000,0.99999654,-0.002618203,-0.00033596728,-0.00013889994,-0.028027538,9.463846e-05,-0.12432482,0.042810265,0.017272174,-0.7886629,-2.4927606e-06,3.635858e-06,2.2577924e-06,-6.505793e-05,1.7689925e-05,5.3835e-05,0.27620494,-0.034757182,0.47183484,0.0,0.0,0.0,0.0,0.0,1.6709264e-06,5.8761816e-06,5.876456e-06,4.7642454e-05,0.004694291,0.0046942686,0.004544858,0.0071861013,0.0071861064,0.07813539,2.2168807e-11,2.2168921e-11,5.0831166e-11,2.882612e-07,2.8826167e-07,5.000009e-08,0.0,0.0,0.0,0.0,0.0,0.0,0.0,0.0,24
49988000,49984000,0.99999046,0.0031231723,0.003077679,6.2643885e-05,-0.007510288,-0.026182255,-0.063489854,0.052542605,-0.043220118,-0.8189464,-2.110959e-06,3.907158e-06,2.2540837e-06,-0.00010809538,7.446121e-05,4.3479627e-05,0.27620494,-0.034757182,0.47183484,0.0,0.0,0.0,0.0,0.0,1.6708422e-06,5.942423e-06,5.942678e-06,4.6755355e-05,0.005069081,0.0050690654,0.0043195537,0.0070870873,0.0070870877,0.07811322,2.1946535e-11,2.1946625e-11,4.9027195e-11,2.4927743e-07,2.492779e-07,5.000007e-08,0.0,0.0,0.0,0.0,0.0,0.0,0.0,0.0,24
51000000,50996000,0.9999949,0.0020105678,-0.002518193,6.8349196e-05,-0.045455974,0.033817418,-0.07300649,-0.029467788,-0.008065108,-0.85218626,-2.5611573e-06,3.303954e-06,2.0021632e-06,9.24086e-06,-1.4234799e-05,1.7585178e-05,0.27620494,-0.034757182,0.47183484,0.0,0.0,0.0,0.0,0.0,1.6708092e-06,5.816897e-06,5.816495e-06,4.600072e-05,0.005162639,0.005162666,0.0046515195,0.0072028725,0.007202869,0.07840264,2.1606324e-11,2.1606479e-11,4.742359e-11,1.9725661e-07,1.9725745e-07,5.000018e-08,0.0,0.0,0.0,0.0,0.0,0.0,0.0,0.0,24
51988000,51984000,0.99999064,-0.0032321208,-0.002881721,-6.15249e-05,0.010839032,-0.008348287,-0.0526506,0.0039995527,-0.0073998887,-0.91572994,-2.3690309e-06,3.5884802e-06,1.876742e-06,4.134817e-06,-2.7048909e-05,1.6537613e-05,0.27620494,-0.034757182,0.47183484,0.0,0.0,0.0,0.0,0.0,1.6708622e-06,5.7292787e-06,5.729578e-06,4.5229135e-05,0.004327438,0.0043273754,0.0042564254,0.0070462697,0.0070462725,0.07808556,2.1358703e-11,2.1358807e-11,4.5988453e-11,1.852578e-07,1.8525843e-07,5.000009e-08,0.0,0.0,0.0,0.0,0.0,0.0,0.0,0.0,24
52988000,52988000,0.9999988,0.001512956,-0.00047551992,-0.00014701621,-0.016245062,0.0126899155,-0.039155245,0.016041938,-0.025859697,-0.9809254,-2.4606163e-06,3.5971416e-06,1.7861714e-06,-1.3000138e-05,-1.0729919e-05,1.9527428e-05,0.27620494,-0.034757182,0.47183484,0.0,0.0,0.0,0.0,0.0,1.6708284e-06,5.0655954e-06,5.0656927e-06,4.4705444e-05,0.004517447,0.0045174775,0.00410299,0.0070943763,0.0070943753,0.07823941,2.0643006e-11,2.0643053e-11,4.4767072e-11,1.7047674e-07,1.70477e-07,5.000031e-08,0.0,0.0,0.0,0.0,0.0,0.0,0.0,0.0,24
54000000,54000000,0.9999942,0.0017598215,-0.0029162827,7.3369176e-07,0.0046382677,0.018084077,0.0029648943,0.02305588,-0.03725953,-0.9693411,-2.418097e-06,3.8205194e-06,1.6370211e-06,-3.46885e-05,-4.0645946e-06,1.3051133e-05,0.27620494,-0.034757182,0.47183484,0.0,0.0,0.0,0.0,0.0,1.6707991e-06,4.359121e-06,4.358819e-06,4.3984033e-05,0.0047799065,0.0047798757,0.0040945048,0.0071871947,0.0071871937,0.078010105,1.9994954e-11,1.9994978e-11,4.3541688e-11,1.5986728e-07,1.5986755e-07,5.0000164e-08,0.0,0.0,0.0,0.0,0.0,0.0,0.0,0.0,24
54992000,54988000,0.99999595,0.0011868993,0.0025808844,6.715929e-05,-0.025903076,0.0053210766,0.003203658,0.048418984,-0.021861007,-0.9866588,-2.2765764e-06,3.6261206e-06,1.5706437e-06,1.3107753e-05,2.4405577e-05,1.7124774e-05,0.27620494,-0.034757182,0.47183484,0.0,0.0,0.0,0.0,0.0,1.6706833e-06,4.1361795e-06,4.1359763e-06,4.3402484e-05,0.00461217,0.0046122307,0.004493248,0.007155042,0.007155042,0.077966735,1.9842537e-11,1.9842548e-11,4.2497755e-11,1.3766736e-07,1.3766734e-07,5e-08,0.0,0.0,0.0,0.0,0.0,0.0,0.0,0.0,24
55992000,55988000,0.999989,-0.0033238244,0.0033332526,9.484669e-05,-0.01299751,-0.00796095,0.02281946,0.035809778,-0.020433417,-0.9662645,-2.3575176e-06,3.5966134e-06,1.4389836e-06,1.735114e-05,5.045382e-06,-1.7248942e-06,0.27620494,-0.034757182,0.47183484,0.0,0.0,0.0,0.0,0.0,1.6706883e-06,4.4188837e-06,4.4189505e-06,4.280867e-05,0.004159993,0.004159971,0.004906422,0.0071691284,0.007169128,0.07813215,2.0126803e-11,2.0126772e-11,4.152576e-11,1.2297114e-07,1.2297114e-07,5.0000093e-08,0.0,0.0,0.0,0.0,0.0,0.0,0.0,0.0,24
56996000,56988000,0.9999969,-0.00096202496,0.0022971677,-9.8688426e-05,-0.014014751,0.007120571,-0.00077691674,-0.0031075678,-0.04380197,-0.95295125,-2.269959e-06,3.262964e-06,1.2670083e-06,5.2888234e-05,1.9373148e-05,-3.7423302e-05,0.27620494,-0.034757182,0.47183484,0.0,0.0,0.0,0.0,0.0,1.6707587e-06,4.893748e-06,4.893581e-06,4.233055e-05,0.0038016145,0.0038016464,0.0051758913,0.007150677,0.0071506775,0.078366905,2.0518838e-11,2.0518795e-11,4.068406e-11,1.1616408e-07,1.1616457e-07,5.000009e-08,0.0,0.0,0.0,0.0,0.0,0.0,0.0,0.0,24
57992000,57980000,0.9999927,0.0033126154,-0.0019134842,-0.00012963169,0.00050394516,-0.002262219,-0.02952625,-0.065549426,-0.085234486,-1.0703939,-2.0058324e-06,2.3820653e-06,1.1790523e-06,9.4883544e-05,3.2350603e-05,-4.5286422e-05,0.27620494,-0.034757182,0.47183484,0.0,0.0,0.0,0.0,0.0,1.6707927e-06,5.2348832e-06,5.2350383e-06,4.1766496e-05,0.0036445414,0.0036451055,0.0046953554,0.0070463605,0.007046378,0.07845938,2.070929e-11,2.0709155e-11,3.9876692e-11,1.1419737e-07,1.1419843e-07,5e-08,0.0,0.0,0.0,0.0,0.0,0.0,0.0,0.0,24
58992000,58988000,0.9999991,-0.0008984234,-0.0009639153,-3.850952e-05,0.006723182,0.042701174,0.08147548,-0.05021296,-0.03574513,-1.068367,-2.2285865e-06,1.4645223e-06,9.637596e-07,0.00017729335,1.9021796e-05,-3.2678232e-05,0.27620494,-0.034757182,0.47183484,0.0,0.0,0.0,0.0,0.0,1.6707453e-06,4.7616077e-06,4.7617045e-06,4.1297615e-05,0.0045149913,0.004515212,0.0044777147,0.0070759663,0.007076021,0.07880362,2.0202536e-11,2.0202078e-11,3.916308e-11,1.053862e-07,1.05388196e-07,5.000009e-08,0.0,0.0,0.0,0.0,0.0,0.0,0.0,0.0,24
59996000,59996000,0.9999987,-0.0011174064,-0.0012074132,-0.000105843144,0.016802913,-0.012622918,0.11690319,-0.039403804,-0.08013429,-1.0075983,-1.4535569e-06,1.3942065e-06,8.661637e-07,0.00018276268,8.5750515e-05,-3.0685147e-05,0.27620494,-0.034757182,0.47183484,0.0,0.0,0.0,0.0,0.0,1.670752e-06,4.4472945e-06,4.4472895e-06,4.0800664e-05,0.0047868174,0.004786854,0.004883356,0.0076187444,0.0076187896,0.07892123,1.9963751e-11,1.996319e-11,3.850308e-11,9.5197414e-08,9.5200434e-08,5e-08,0.0,0.0,0.0,0.0,0.0,0.0,0.0,0.0,24
60992000,60988000,0.9999976,0.0018986814,-0.001136517,3.3001963e-06,0.021794371,-0.009708543,0.047831904,-0.032182336,-0.12273395,-0.97675276,-1.0306568e-06,1.3469274e-06,6.295966e-07,0.00018600567,0.00011671394,-2.5116942e-05,0.27620494,-0.034757182,0.47183484,0.0,0.0,0.0,0.0,0.0,1.6708111e-06,4.4743238e-06,4.474316e-06,4.065718e-05,0.004491102,0.0044911,0.005397264,0.008226693,0.008226708,0.08063337,2.0044324e-11,2.0043946e-11,3.8046507e-11,8.950401e-08,8.950678e-08,5e-08,0.0,0.0,0.0,0.0,0.0,0.0,0.0,0.0,24
62000000,61996000,0.9999683,0.007938548,0.00077321316,0.0001328902,-0.0032893557,0.03507625,0.05534141,-0.03797735,-0.119902104,-0.9632605,-9.697876e-07,1.0982494e-06,4.3839154e-07,0.00019654933,0.00012038968,-2.0548143e-05,0.27620494,-0.034757182,0.47183484,0.0,0.0,0.0,0.0,0.0,1.6710138e-06,4.6749965e-06,4.676493e-06,4.025016e-05,0.0038170815,0.0038171285,0.0053921374,0.0075684735,0.007568473,0.08023711,2.0237857e-11,2.0237707e-11,3.7506158e-11,8.684688e-08,8.684915e-08,5.000009e-08,0.0,0.0,0.0,0.0,0.0,0.0,0.0,0.0,24
63000000,62996000,0.99999547,0.0014273219,-0.002642251,0.00045751088,0.024948837,0.038100183,0.021564797,-0.04133575,-0.06093267,-0.9995906,-7.7092386e-07,8.612865e-07,1.577046e-07,0.00020247481,0.00012324442,2.155517e-05,0.27620494,-0.034757182,0.47183484,0.0,0.0,0.0,0.0,0.0,1.6707949e-06,4.9624205e-06,4.9623245e-06,3.9908446e-05,0.0036124603,0.0036125276,0.0054051713,0.0072806403,0.0072806375,0.08020979,2.044112e-11,2.0441182e-11,3.7036384e-11,8.611868e-08,8.612057e-08,5.0000178e-08,0.0,0.0,0.0,0.0,0.0,0.0,0.0,0.0,24
63992000,63992000,0.99999315,0.0007688212,-0.003622644,0.00039781767,0.012486825,0.022930108,0.0557528,-0.06554216,-0.044972874,-0.94051397,-6.022682e-07,2.267184e-07,3.1038532e-09,0.00021081574,0.0001229067,1.15350895e-05,0.27620494,-0.034757182,0.47183484,0.0,0.0,0.0,0.0,0.0,1.6708823e-06,5.020879e-06,5.020584e-06,3.9556315e-05,0.003721461,0.0037214318,0.004707947,0.0070995507,0.007099556,0.08002644,2.0385629e-11,2.0385566e-11,3.6602187e-11,8.587758e-08,8.5879265e-08,5.000009e-08,0.0,0.0,0.0,0.0,0.0,0.0,0.0,0.0,24
64992000,64992000,0.99995613,0.0011513057,-0.009286945,0.0005314829,0.061809447,0.022271946,-0.0138171315,-0.036738887,-0.043700762,-0.9592427,-4.6654023e-07,3.483599e-07,-1.5167187e-07,0.0001959577,0.00012712827,1.146967e-05,0.27620494,-0.034757182,0.47183484,0.0,0.0,0.0,0.0,0.0,1.6711787e-06,4.3518726e-06,4.349891e-06,3.9253908e-05,0.0044226306,0.0044227247,0.004456458,0.0070774998,0.0070775086,0.07995679,1.9782532e-11,1.9782322e-11,3.6218892e-11,8.1183956e-08,8.118508e-08,5.0000093e-08,0.0,0.0,0.0,0.0,0.0,0.0,0.0,0.0,24
65992000,65992000,0.99998575,0.0011459254,-0.0051625324,0.0007511004,0.029959437,-0.0010744598,-0.007673624,0.0055275783,-0.057100464,-0.97397697,-6.714433e-08,2.5930896e-07,-2.9523935e-07,0.00020404854,0.00015504558,9.816528e-06,0.27620494,-0.034757182,0.47183484,0.0,0.0,0.0,0.0,0.0,1.6708855e-06,3.941774e-06,3.941441e-06,3.890781e-05,0.0043085366,0.0043086214,0.0047073937,0.0071205543,0.007120558,0.07934069,1.9530495e-11,1.9530303e-11,3.58468e-11,7.477021e-08,7.477107e-08,5e-08,0.0,0.0,0.0,0.0,0.0,0.0,0.0,0.0,24
66992000,66992000,0.999984,0.0049052015,0.0026029777,0.0010851385,0.04019848,0.03783693,0.027016835,0.09641153,-0.048643973,-1.0309179,-1.5496609e-07,9.0725575e-07,-3.2214777e-07,0.00016281744,0.0001493412,4.738593e-05,0.27620494,-0.034757182,0.47183484,0.0,0.0,0.0,0.0,0.0,1.6705347e-06,3.9591114e-06,3.959159e-06,3.8579117e-05,0.0039419513,0.0039422,0.005010096,0.0071400898,0.0071400944,0.0792819,1.9652906e-11,1.9652743e-11,3.550977e-11,7.092303e-08,7.092516e-08,5.000009e-08,0.0,0.0,0.0,0.0,0.0,0.0,0.0,0.0,24
67992000,67992000,0.9999945,0.0022397798,0.0021824357,0.0010980844,-0.050619107,0.026471077,0.014801891,0.023660406,-0.014347722,-1.0014784,-1.7947346e-07,3.0482113e-07,-3.489218e-07,0.0001907219,0.00015054848,5.0947896e-05,0.27620494,-0.034757182,0.47183484,0.0,0.0,0.0,0.0,0.0,1.6703881e-06,4.1727326e-06,4.1726826e-06,3.827252e-05,0.0036873687,0.0036874178,0.005218436,0.0071242554,0.0071242834,0.079295,1.9892326e-11,1.9892027e-11,3.5205755e-11,6.922091e-08,6.922379e-08,5.000009e-08,0.0,0.0,0.0,0.0,0.0,0.0,0.0,0.0,24
68992000,68992000,0.99999684,-0.0017344306,0.0013831471,0.0012600729,0.026389355,-0.01406146,0.056463048,0.03355282,-0.028451402,-0.9325737,3.8198073e-07,6.4109514e-07,-5.0044963e-07,0.00018243457,0.00016220006,-1.0364938e-05,0.27620494,-0.034757182,0.47183484,0.0,0.0,0.0,0.0,0.0,1.6702498e-06,4.4211242e-06,4.4210083e-06,3.7990125e-05,0.0035473825,0.0035473476,0.005330926,0.007093564,0.0070935623,0.079377115,2.009042e-11,2.0089997e-11,3.4934493e-11,6.8672136e-08,6.8674844e-08,5.0000093e-08,0.0,0.0,0.0,0.0,0.0,0.0,0.0,0.0,24
69992000,69992000,0.9999968,0.0017750816,0.0009639219,0.001550614,-0.00035213315,-0.019651556,-0.018960103,-0.027285848,-0.0661379,-0.93140537,8.4226855e-07,-3.6187333e-07,-5.7512e-07,0.00019175322,0.00016391621,-2.3026703e-05,0.27620494,-0.034757182,0.47183484,0.0,0.0,0.0,0.0,0.0,1.6702276e-06,4.6221608e-06,4.622044e-06,3.779048e-05,0.0035035864,0.0035037785,0.0053819614,0.0070653814,0.007065367,0.079508625,2.0182175e-11,2.0181745e-11,3.471546e-11,6.8567125e-08,6.8570145e-08,5.000009e-08,0.0,0.0,0.0,0.0,0.0,0.0,0.0,0.0,24
70992000,70992000,0.9999726,0.006396055,-0.0032496692,0.0018364857,0.033073597,0.023138205,0.037231002,-0.059025455,-0.054898247,-1.0338818,8.459243e-07,-9.834504e-07,-6.390076e-07,0.00019157295,0.00016319938,3.616447e-05,0.27620494,-0.034757182,0.47183484,0.0,0.0,0.0,0.0,0.0,1.6704106e-06,4.763948e-06,4.764656e-06,3.7537568e-05,0.0034648594,0.0034654203,0.0053949673,0.007045681,0.007045699,0.079154424,2.0180297e-11,2.0179755e-11,3.4493366e-11,6.853869e-08,6.854235e-08,5e-08,0.0,0.0,0.0,0.0,0.0,0.0,0.0,0.0,24
71992000,71968000,0.9999712,0.003746581,-0.0063714148,0.0017495622,0.050735302,0.023373378,0.025172161,-0.076321304,-0.025766386,-0.98419416,7.355562e-07,-1.3586673e-06,-6.329188e-07,0.00019120741,0.0001639659,2.9149116e-05,0.27620494,-0.034757182,0.47183484,0.0,0.0,0.0,0.0,0.0,1.670398e-06,4.872092e-06,4.87149e-06,3.7281447e-05,0.0035491684,0.003549602,0.0054616625,0.0071572107,0.0071572703,0.0797024,2.0137069e-11,2.0136266e-11,3.4288822e-11,6.8469525e-08,6.8473156e-08,5.000027e-08,0.0,0.0,0.0,0.0,0.0,0.0,0.0,0.0,24
72996000,72992000,0.99992955,0.0017498208,-0.011613318,0.0017549003,0.040017042,-0.01522253,0.034641143,-0.08951655,-0.026101477,-0.96898794,1.3538846e-06,-1.8939045e-06,-5.594941e-07,0.00018642284,0.00015465324,2.3756736e-05,0.27620494,-0.034757182,0.47183484,0.0,0.0,0.0,0.0,0.0,1.6707629e-06,4.8745756e-06,4.871931e-06,3.715162e-05,0.0035241854,0.0035240094,0.0053662984,0.0069606835,0.0069607333,0.07917628,1.9977655e-11,1.9976583e-11,3.4142366e-11,6.830715e-08,6.831067e-08,5e-08,0.0,0.0,0.0,0.0,0.0,0.0,0.0,0.0,24
73996000,73984000,0.99999326,0.0030216125,-0.0005411133,0.0020084651,0.032001577,0.028126894,0.011336677,-0.0024323226,0.0010164034,-1.0011421,1.2454792e-06,-1.5694405e-06,-5.162387e-07,0.00019452456,0.00015384762,2.7474045e-05,0.27620494,-0.034757182,0.47183484,0.0,0.0,0.0,0.0,0.0,1.6700202e-06,4.416959e-06,4.4165886e-06,3.7034053e-05,0.0040686755,0.0040689735,0.004477324,0.0069808974,0.0069809053,0.079181366,1.9544455e-11,1.9543539e-11,3.4012036e-11,6.713403e-08,6.713724e-08,5.0000093e-08,0.0,0.0,0.0,0.0,0.0,0.0,0.0,0.0,24
74996000,74984000,0.9999225,-0.00336826,-0.005412828,0.010699329,0.026398784,-0.021510327,0.749787,0.016035993,-0.0029251333,-0.5917131,1.5404304e-06,-1.4538858e-06,-4.9780573e-07,0.00018345087,0.00017226595,-3.2304964e-05,0.27620494,-0.034757182,0.47183484,0.0,0.0,0.0,0.0,0.0,1.6715826e-06,3.87953e-06,3.87953e-06,3.689299e-05,0.0041676085,0.0041677435,0.004569248,0.007065371,0.0070653725,0.079255864,1.9244101e-11,1.9243574e-11,3.3881686e-11,6.27094e-08,6.2712886e-08,5.000009e-08,0.0,0.0,0.0,0.0,0.0,0.0,0.0,0.0,24
75992000,75992000,0.99999505,0.0014577978,0.00062400685,0.00271567,0.011307348,-0.0010289586,0.6184355,0.056149743,0.011999562,-0.053063236,1.4130095e-06,-1.4475929e-06,-4.5275695e-07,0.00018693545,0.00016589316,4.056821e-05,0.27620494,-0.034757182,0.47183484,0.0,0.0,0.0,0.0,0.0,1.6699792e-06,3.7211541e-06,3.7211707e-06,3.6790134e-05,0.0040230835,0.0040232227,0.0048878808,0.007149313,0.0071493336,0.07895165,1.9307198e-11,1.9306754e-11,3.377562e-11,5.893799e-08,5.8942636e-08,5e-08,0.0,0.0,0.0,0.0,0.0,0.0,0.0,0.0,24
77000000,77000000,0.9999982,0.00019281432,0.0009739626,0.0016211715,0.020823926,-0.005596932,-0.02405938,0.07986388,0.027320748,-0.07417163,1.4322345e-06,-1.519118e-06,-3.8512025e-07,0.00019459579,0.00017205875,0.00012217817,0.27620494,-0.034757182,0.47183484,0.0,0.0,0.0,0.0,0.0,1.6700208e-06,3.5678277e-06,3.5677867e-06,3.6611793e-05,0.0038556864,0.0038556329,0.0043357946,0.0070316456,0.0070316615,0.07867253,1.9323354e-11,1.9322858e-11,3.365265e-11,5.7942326e-08,5.7947002e-08,5e-08,0.0,0.0,0.0,0.0,0.0,0.0,0.0,0.0,24
77996000,77996000,0.9999985,0.00045372767,0.00059152936,0.0015524387,-0.0063520283,0.012277962,0.024110392,0.07013372,0.0387321,-0.055248637,1.2842851e-06,-1.4855768e-06,-3.3115873e-07,0.00019429496,0.00017494323,0.000118051496,0.27620494,-0.034757182,0.47183484,0.0,0.0,0.0,0.0,0.0,1.6699909e-06,3.285615e-06,3.2856062e-06,3.6559235e-05,0.0037115884,0.0037116203,0.004032421,0.0069272085,0.006927219,0.078377284,1.92012e-11,1.9200669e-11,3.3583886e-11,5.783759e-08,5.7842247e-08,5.0000086e-08,0.0,0.0,0.0,0.0,0.0,0.0,0.0,0.0,24
78992000,78988000,0.9999996,0.0005437887,0.0004978317,0.0005261575,-0.0077067805,-0.013721095,0.023239493,0.06419191,0.042828444,-0.023014333,1.3286248e-06,-9.768554e-07,-3.0560645e-07,0.00019429496,0.00017494323,0.000106614185,0.27620494,-0.034757182,0.47183484,0.0,0.0,0.0,0.0,0.0,1.670119e-06,3.0147664e-06,3.0147814e-06,3.6446003e-05,0.0036755141,0.0036755432,0.0043663746,0.0069792187,0.0069792266,0.078390226,1.9071671e-11,1.9071118e-11,3.3497333e-11,5.783759e-08,5.7842247e-08,5.0000093e-08,0.0,0.0,0.0,0.0,0.0,0.0,0.0,0.0,24
79992000,79988000,0.9999998,0.0005254491,0.000120595614,0.00043031835,-0.03476205,-0.012761623,-0.032718033,0.04866748,0.0027225043,-0.054548737,1.4625947e-06,-8.425191e-07,-4.0694454e-07,0.00019429496,0.00017494323,0.00012805924,0.27620494,-0.034757182,0.47183484,0.0,0.0,0.0,0.0,0.0,1.670149e-06,2.8153422e-06,2.8153404e-06,3.6287336e-05,0.0036438005,0.0036438934,0.004803139,0.0070314757,0.0070314873,0.07846832,1.8981563e-11,1.8980956e-11,3.3401493e-11,5.783759e-08,5.7842247e-08,5.000009e-08,0.0,0.0,0.0,0.0,0.0,0.0,0.0,0.0,24
