gyro_rad[0],gyro_rad[1],gyro_rad[2],accelerometer_m_s2[0],accelerometer_m_s2[1],accelerometer_m_s2[2],timestamp,DTMode
-0.0052355886,0.027053187,0.008126586,0.73515254,0.14135218,-9.611706,92283841,2_7
-0.0040795365,0.025374502,-0.006063018,-0.03003796,0.058397222,-9.652959,92289840,2_7
-0.011104723,0.014146488,0.0050100675,-0.25869694,0.1913339,-9.961117,92294387,2_7
-0.027525654,0.027125599,0.026952138,0.6906027,1.2401435,-9.504087,92298842,2_7
-0.01859795,-0.025587758,0.4070988,0.53902,1.7948414,-9.416721,92304843,2_7
-0.008034852,-0.03279393,0.7476005,-0.27889818,2.4684837,-9.987685,92309391,2_7
0.02120141,-0.059030943,0.9394884,0.7273669,0.13437724,-9.112227,92313846,2_7
0.03738911,-0.09172152,0.8457041,-0.51834136,-0.749078,-10.408915,92319847,2_7
0.09652126,-0.105221994,0.70196635,0.55124223,0.42889822,-9.37006,92324394,2_7
0.09843267,-0.12458413,0.515842,0.3141305,-1.2530069,-9.471411,92328850,2_7
0.0721687,-0.14091733,0.4275961,-0.15440191,-0.22392255,-9.402152,92334850,2_7
0.056917876,-0.15751687,0.44384775,0.015710795,1.097049,-9.9073305,92339398,2_7
0.027720908,-0.1480626,0.56122357,0.60035056,0.3344354,-9.276943,92343852,2_7
-0.04185476,-0.15843956,0.67683434,0.07199363,0.81387633,-10.061489,92349854,2_7
-0.050799288,-0.13359559,0.7680349,0.30761665,1.5869647,-9.532704,92354401,2_7
-0.092500284,-0.13059583,0.7460113,-0.031961825,-1.257025,-9.517983,92358855,2_7
-0.07836348,-0.09918985,0.6854248,-0.26957893,-0.33222154,-9.897898,92363356,2_7
-0.10457821,-0.09971328,0.59766245,0.6182061,0.97541416,-9.662335,92369407,2_7
-0.08076685,-0.06596093,0.5549851,0.2076469,-0.17233875,-9.548275,92373859,2_7
-0.115595646,-0.07292745,0.35446095,-0.401254,-2.7422323,-9.500702,92378360,2_7
-0.13883668,-0.03932432,-0.05527775,-0.12915596,-1.0088923,-9.607175,92384408,2_7
-0.11808463,-0.028316159,-0.36086935,0.44785672,0.10075147,-9.608601,92388863,2_7
-0.08997712,-0.0124884145,-0.3849053,-0.020887604,0.24033542,-9.870139,92393363,2_7
-0.1265262,-0.018751469,-0.27878174,0.31678846,0.26783553,-8.64913,92399411,2_7
-0.07862824,-0.0048068385,-0.047875468,0.18975405,1.5184044,-9.449016,92403865,2_7
-0.03873894,-0.0076143066,0.06672426,0.120779805,0.23401077,-9.338304,92408366,2_7
0.027235422,-0.0072161756,0.09326542,0.045994386,0.90432894,-9.432511,92414418,2_7
0.08954154,-0.0015383285,0.0032200092,0.33854973,-0.5715113,-9.221711,92418869,2_7
0.16905579,-0.0061069354,-0.115312025,-0.026765473,-0.60270053,-9.190389,92423370,2_7
0.20467712,-0.02333032,-0.21335633,0.19945793,-1.1283737,-8.781528,92429418,2_7
0.28602362,-0.004403775,-0.20659554,0.33061552,1.2069998,-9.469147,92433872,2_7
0.28298366,-0.019833505,-0.15738924,-0.1689208,0.5090816,-9.642855,92438373,2_7
0.2991956,-0.0052083223,-0.092830315,-0.065313324,0.83671904,-9.13162,92444421,2_7
0.3134223,-0.028482454,-0.022659551,0.78413934,0.08736294,-8.418408,92448875,2_7
0.2824341,-0.036697377,-0.03777001,0.18952182,-0.0034639556,-9.145666,92453384,2_7
0.30435792,-0.0075621805,-0.05242486,-0.38297248,-0.05117742,-9.26625,92457877,2_7
0.29306754,0.012634431,-0.11857412,-0.009591613,0.21019512,-9.177784,92463878,2_7
0.2857917,0.018892337,-0.1366656,0.7309636,0.26502144,-8.6925745,92468380,2_7
0.24028206,0.0049305498,-0.15616012,0.19557805,0.040082,-8.545155,92472882,2_7
0.22112082,0.024836654,-0.1190755,-0.25983182,-0.12940985,-8.883117,92478882,2_7
0.16245511,0.02382711,-0.111775674,0.011866048,0.41881487,-9.198848,92483383,2_7
0.15804695,0.034360744,-0.0698271,0.48624116,1.0001273,-8.940265,92487884,2_7
0.14016475,0.02939754,-0.06996059,0.41266027,-0.23889154,-8.666676,92493885,2_7
0.10051383,0.045545287,-0.07816046,-0.23707831,-0.31120956,-8.813271,92498388,2_7
0.06603407,0.04009641,-0.1135353,-0.079301186,0.23456337,-8.844792,92502888,2_7
0.062047992,0.06342181,-0.114300966,0.0768439,0.7631859,-9.256582,92508889,2_7
0.019573992,0.058090232,-0.109443545,0.7093215,0.2748813,-8.555621,92513390,2_7
0.0059275087,0.063830025,-0.109950714,0.12809351,-0.10683627,-8.431256,92517891,2_7
-0.028076362,0.059454046,-0.106406726,-0.2373381,-0.049390018,-8.535944,92523892,2_7
-0.044867687,0.06998931,-0.08678361,0.001455846,0.814637,-8.893056,92528394,2_7
-0.0513209,0.047941692,-0.08404313,0.52248055,0.51080847,-8.536369,92532894,2_7
-0.0757015,0.052026395,-0.07447394,0.34299168,0.0046168948,-8.337208,92538895,2_7
-0.11752184,0.029059583,-0.104048714,-0.16634913,-0.3949038,-8.293622,92543396,2_7
-0.124737695,0.030483494,-0.104522675,0.019838084,0.46445504,-8.393237,92547912,2_7
-0.15554917,0.03574921,-0.0876964,0.21216798,0.4144103,-8.89267,92552398,2_7
-0.175701,0.024956578,-0.10167996,0.13560951,0.57265526,-8.819261,92556946,2_7
-0.1819671,0.025554245,-0.076218285,0.33739498,-0.36968616,-8.131347,92561400,2_7
-0.22396085,0.043225836,-0.07509483,0.12971203,0.031134818,-8.4108305,92571949,2_7
-0.22507137,0.03232811,-0.08267631,0.20418014,0.20560402,-8.271472,92580905,2_7
-0.23056127,0.029972073,-0.083913594,0.29420677,0.17654066,-7.959854,92585405,2_7
-0.20934357,-0.0024799586,-0.077993445,-0.13430077,0.38846096,-8.499857,92589908,2_7
-0.21409525,0.016719159,-0.0810996,-0.20235911,-0.094101936,-8.757796,92595908,2_7
-0.18696666,-0.0024719008,-0.08742492,0.39930633,0.4938802,-8.24426,92600409,2_7
-0.15879212,-0.008006913,-0.08397818,0.5386181,0.1335444,-7.718468,92604910,2_7
-0.15269242,-0.008600101,-0.078037255,0.02784841,0.07703956,-7.754804,92610911,2_7
-0.14252219,0.0022455072,-0.062271472,-0.17989142,-0.22141464,-8.378778,92615413,2_7
-0.1460495,-0.002584684,-0.07122941,-0.2473095,0.22984368,-8.949365,92619913,2_7
-0.13169801,0.009439584,-0.080724634,0.3063588,0.44582677,-8.420405,92624463,2_7
-0.13767093,0.010857654,-0.09104085,0.6595628,0.28873426,-7.6152005,92628915,2_7
-0.09989089,0.009741836,-0.08836884,0.14968204,-0.45446673,-7.7831254,92633417,2_7
-0.09558249,0.02934013,-0.068841174,0.03235318,0.11155886,-8.086253,92643918,2_7
-0.07569078,0.04316256,-0.06253694,0.054272443,0.04110767,-8.181154,92652920,2_7
-0.046497762,0.04999865,-0.06597924,0.10323847,0.28708836,-8.558953,92657421,2_7
-0.01332459,0.03825897,-0.06351539,0.07216448,0.74941194,-8.5603285,92661970,2_7
0.028040128,0.049473844,-0.060462847,0.28494978,0.18979993,-8.184474,92667926,2_7
-0.003053176,0.057353586,-0.06802549,0.12579803,-0.10167081,-7.5819383,92672425,2_7
0.012999966,0.0450395,-0.06702028,0.09758023,-0.2115996,-7.682313,92676973,2_7
-0.0025738126,0.036818564,-0.07902058,0.23756838,0.4572094,-7.946212,92682927,2_7
0.033224657,0.045094363,-0.065838225,0.20511687,0.3504716,-8.052505,92687428,2_7
0.03300212,0.01469033,-0.0703561,0.09527871,-0.077438325,-8.045394,92691976,2_7
0.010348436,0.023111619,-0.057864323,-0.02767636,-0.2650639,-8.007003,92697930,2_7
0.018456653,0.0013267329,-0.05216521,0.057193276,0.27892637,-7.760649,92702432,2_7
0.03404982,-0.007406766,-0.040139217,0.25255048,0.7449693,-7.6547446,92706979,2_7
0.058947798,-0.021376655,-0.050610464,0.5208618,0.50996256,-7.3788133,92712934,2_7
0.052166782,-0.030215122,-0.05421552,0.185559,-0.43205902,-7.5498133,92717434,2_7
0.031799376,-0.031244816,-0.0642314,-0.21051839,-0.8140221,-8.070004,92721982,2_7
0.019890072,-0.012078505,-0.071414,-0.12673186,-0.038512994,-8.232267,92727937,2_7
0.037958555,-0.025171023,-0.068397835,0.16239399,0.75546294,-8.177581,92732438,2_7
0.046967994,-0.016733116,-0.039906107,0.37928006,0.94705343,-7.730696,92736986,2_7
0.04598823,-0.010357575,-0.047531705,0.40284222,0.22880505,-7.2679467,92741440,2_7
0.053895853,0.0095428955,-0.037759844,0.052779753,-0.49959394,-7.5385895,92745941,2_7
0.045547158,0.03667057,-0.050519947,0.03323829,-0.24698646,-8.192931,92750443,2_7
0.019272223,0.026872734,-0.044137802,0.12152211,0.13433966,-7.961102,92760944,2_7
0.006786117,0.03793415,-0.04658098,0.09395814,0.16303211,-7.8869953,92769947,2_7
0.015350975,0.013933618,-0.051129524,0.090122096,0.18519898,-7.9182296,92774494,2_7
0.02762827,0.021765864,-0.04947231,0.33066365,0.10563787,-7.6577597,92778948,2_7
0.022247402,-0.0050970167,-0.03332927,0.12527195,0.006127051,-7.9700403,92784952,2_7
0.04494308,-0.0045203757,-0.033043023,-0.1642229,0.1381081,-8.21224,92789497,2_7
0.0592049,0.01595175,-0.04063662,0.12550528,0.67574346,-8.208906,92793952,2_7
0.089514576,0.008896498,-0.03478628,0.31336197,0.43423414,-8.001645,92799953,2_7
0.09110302,0.005087424,-0.04543579,0.38002723,-0.08513666,-7.6792135,92804500,2_7
0.1081741,0.022500627,-0.032348596,0.2271875,-0.32846215,-8.043001,92808960,2_7
0.06422005,0.015190198,-0.041707337,-0.07975639,-0.09107086,-8.482043,92814956,2_7
0.06815073,0.023875276,-0.035217628,-0.20825149,0.6507802,-8.747939,92819504,2_7
0.065748066,0.033453595,-0.04476624,0.4286071,0.55192053,-8.095945,92823960,2_7
0.07195781,0.017417828,-0.036451053,0.54516834,0.3159271,-8.062365,92829959,2_7
0.043068696,0.021483988,-0.029756825,-0.015192425,-0.38821018,-8.383799,92834507,2_7
0.03618391,0.031044802,-0.029453576,-0.104664125,0.048296902,-8.68927,92838961,2_7
0.025503721,0.009441025,-0.028932627,0.17297253,0.8377922,-8.673704,92843462,2_7
0.020391287,0.014779929,-0.037065018,0.38351473,0.58340526,-8.373033,92847968,2_7
0.0044208406,0.022218129,-0.04131338,0.18079786,-0.091229856,-8.203767,92852465,2_7
-0.028724998,0.007937312,-0.03552739,0.040816545,-0.111800894,-8.703791,92862966,2_7
-0.06780416,0.020057376,-0.030384572,0.036162756,-0.11766931,-8.821836,92872019,2_7
-0.0764399,0.030616058,-0.028993998,0.24603865,0.32178718,-9.214622,92876469,2_7
-0.08221524,0.030653106,-0.037507,0.40450913,0.90200794,-8.957314,92880971,2_7
-0.083811164,0.041217368,-0.030939685,-0.03253234,-0.009975532,-8.770951,92887019,2_7
-0.0968718,0.037658032,-0.030700006,-0.045204505,-0.5934048,-8.602453,92891473,2_7
-0.0876571,0.046712052,-0.028552456,0.28628787,0.10606089,-8.981069,92895974,2_7
-0.051755685,0.029961288,-0.026120353,0.42897058,0.89086056,-9.144959,92902022,2_7
-0.08162996,0.028739134,-0.023436334,0.04387234,0.36253178,-9.169655,92906476,2_7
-0.09575139,0.029063333,-0.029525679,-0.1654502,-0.3154987,-8.935948,92910977,2_7
-0.08754024,0.003210378,-0.052494116,0.31003505,-0.2932529,-8.820253,92917025,2_7
-0.05715728,-0.00047947033,-0.037566997,0.44926322,0.52217984,-9.150673,92921479,2_7
-0.04501555,0.0024457383,-0.03264257,-0.055245988,0.59167176,-9.572325,92925999,2_7
-0.043406,0.012633587,-0.038703587,0.06258208,0.37977365,-9.169043,92930481,2_7
-0.03437072,0.0054186257,-0.036204506,0.1513471,-0.3071016,-8.960155,92934982,2_7
-0.052503288,0.016676402,-0.032833602,0.30361402,-0.10428941,-9.325083,92939530,2_7
-0.057286687,0.004859366,-0.031229274,0.14242364,0.27933672,-9.566974,92949986,2_7
-0.046205293,0.012340755,-0.02317619,0.12536079,0.50813204,-9.594894,92958988,2_7
-0.07103653,0.0049512708,-0.035886068,0.07735678,0.2126676,-9.449134,92963488,2_7
-0.07277162,0.0027300601,-0.04292538,0.12662454,-0.55866545,-9.416621,92967989,2_7
-0.09596821,-0.025836958,-0.03235875,0.6028873,0.29464817,-9.24437,92973991,2_7
-0.072865054,-0.03629879,-0.016616104,-0.14613914,0.52341545,-9.638337,92978492,2_7
-0.08553652,-0.043563996,-0.017614884,-0.12746775,-0.06283601,-9.694121,92982993,2_7
-0.098817825,-0.07965674,-0.03472638,0.48049396,-0.07519503,-9.152504,92988997,2_7
-0.1042084,-0.098425224,-0.02607023,0.4037454,0.12886907,-9.518078,92993495,2_7
-0.08355669,-0.1181783,-0.021869047,-0.3872743,-0.20056812,-9.901577,92997996,2_7
-0.08237316,-0.10015616,-0.01773686,0.0042221,0.21626386,-10.086554,93002497,2_7
-0.07238393,-0.106608,-0.011186738,0.8095256,0.6069603,-9.635277,93007045,2_7
-0.046597466,-0.092507824,-0.0024559586,-0.13009445,-0.60786796,-9.963599,93011499,2_7
-0.012012327,-0.07078573,-0.015684564,-0.1547017,-0.2146405,-10.125987,93022048,2_7
0.04264462,-0.031062428,-0.03196064,0.35654047,0.55060375,-10.063171,93031004,2_7
0.07966227,-0.008224124,-0.031012962,0.21302173,0.29672903,-10.134228,93035504,2_7
0.076581344,0.0014942284,-0.01749878,-0.14100492,-0.83319366,-9.876702,93040005,2_7
0.08080465,0.0042759622,-0.024873389,0.35069838,0.61253166,-9.933808,93046007,2_7
0.11996921,0.0007432354,0.00041465973,0.1344056,1.0005304,-10.276689,93050508,2_7
0.1305379,-0.0018106417,-0.003315891,-0.014739197,-0.6252105,-9.976069,93055009,2_7
0.14421465,-0.0073570902,-0.036193278,0.4272105,-0.59076625,-9.722795,93061010,2_7
0.17329025,-0.02070542,-0.028285474,0.104475535,0.6666402,-10.372137,93065511,2_7
0.19057487,-0.020480113,-0.01924738,-0.032759912,0.37008175,-10.168314,93070012,2_7
0.20930052,-0.02870479,-0.02092305,0.32164118,-0.55112004,-9.83718,93076013,2_7
0.20247242,-0.023764428,-0.006321549,0.2710516,0.39807713,-10.157728,93080514,2_7
0.19440223,-0.038532168,0.011489901,-0.17234838,0.6282405,-10.432396,93085015,2_7
0.19486086,-0.021365574,0.0028160359,0.2933457,-0.30647093,-9.99594,93091017,2_7
0.17196827,-0.029680384,-0.009164416,0.3339466,-0.2500185,-10.153246,93095518,2_7
0.15770549,-0.03993945,-0.012311053,-0.22363049,0.49340823,-10.583593,93100022,2_7
0.1695027,-0.0065513556,-0.023524828,0.15728588,0.15390398,-10.232625,93106019,2_7
0.11901138,-0.0003720209,-0.015354459,0.36795875,-0.3565798,-10.084384,93110521,2_7
0.12531075,0.0015800786,-0.015716638,0.017904986,0.18665878,-10.525661,93115030,2_7
0.10752996,0.009642311,-0.019509705,-0.048794225,0.26268065,-10.530952,93119569,2_7
0.08607831,0.031772397,-0.011825895,0.43862882,0.16650055,-10.194257,93124026,2_7
0.083447225,0.036565904,-0.016461229,0.15373485,-0.06384658,-10.466036,93128524,2_7
0.07752249,0.06078452,-0.01501892,-0.0028228539,0.21634933,-10.501847,93139027,2_7
0.09389707,0.058529045,-0.017130245,0.21648438,0.31759128,-10.417301,93148029,2_7
0.08970625,0.038660724,-0.0146203535,0.5666543,0.072841845,-10.162902,93152530,2_7
0.10636338,0.014908804,-0.024200374,-0.26876044,-0.4987889,-10.342159,93157077,2_7
0.096202634,0.009880146,-0.032182463,0.13369933,0.5802752,-10.492886,93163032,2_7
0.11000647,-0.003870182,-0.018134594,0.67503715,0.74175197,-10.285211,93167534,2_7
0.10648848,-0.0069134794,-0.023734704,-0.23497532,-1.0310105,-10.462864,93172081,2_7
0.05714243,-0.005433414,-0.011953964,0.06332047,0.6953169,-10.560936,93178036,2_7
0.06711046,0.002825514,-0.005029272,0.7262247,0.98186463,-10.484897,93182536,2_7
0.02503857,0.004704086,-0.0012600643,-0.21382889,-1.2174431,-10.73505,93187084,2_7
-0.02819057,0.021893734,-0.027516585,0.09700885,0.17327866,-10.591202,93193039,2_7
-0.04236145,0.020963522,-0.010497296,0.6007519,1.2938731,-10.555074,93197539,2_7
-0.061879985,0.01470764,-0.030322626,-0.07078667,-1.1383888,-10.541794,93202091,2_7
-0.1145326,0.008670108,-0.028608417,-0.022735346,-0.017046452,-10.467761,93206541,2_7
-0.1065764,0.00803678,-0.031623654,0.5641627,1.4694899,-10.3968935,93211042,2_7
-0.10686659,-0.007701504,-0.0048514917,-0.034900274,-0.77441883,-10.427704,93215545,2_7
-0.11247134,-0.010223797,-0.0061517125,0.09534136,-0.109168604,-10.255212,93226049,2_7
-0.091814525,-0.020970134,-0.009019652,0.22920887,0.6391224,-10.429638,93235048,2_7
-0.059735093,-0.01024726,-0.013910005,-0.07122502,0.2820265,-10.416193,93239596,2_7
-0.045759648,-0.007032428,-0.033424694,0.22319295,-0.90471417,-10.01174,93244050,2_7
-0.032728843,0.0012088682,-0.03435073,0.23955923,0.6954287,-10.44517,93250051,2_7
-0.0039853696,0.008757501,-0.017864946,0.013930955,0.7940008,-10.433366,93254598,2_7
0.0053530433,0.00554905,-0.010990133,0.21150722,-0.72399956,-10.136878,93259055,2_7
-0.03442598,0.0049018655,-0.015540987,0.338402,0.010709748,-10.301845,93265057,2_7
0.0011063656,0.01196445,0.0039157416,0.06179545,1.0659649,-10.575825,93269601,2_7
-0.025508216,0.018934201,-0.013639747,0.16921571,-0.44970468,-10.161,93274056,2_7
-0.05406675,0.005617437,-0.027061176,0.267151,-0.5820427,-10.122498,93280058,2_7
-0.04835229,-0.0048786113,-0.020488225,0.14101484,1.0088955,-10.394265,93284605,2_7
-0.041054912,-0.0017202627,-0.019497305,-0.101182476,0.025745774,-10.391945,93289059,2_7
-0.06985753,0.010590646,-0.025591893,0.24628222,-0.7221358,-10.131949,93295061,2_7
-0.047729295,0.0049756486,-0.010517142,0.3015172,0.75569415,-10.258804,93299609,2_7
-0.042012256,0.019648077,-0.0072772224,-0.18853626,0.41345713,-10.363246,93304069,2_7
-0.035308078,0.008053779,-0.00886162,0.17509425,-0.551808,-9.951924,93308563,2_7
-0.02964704,-0.0017950931,-0.023076287,0.62908983,0.2527737,-9.904676,93313065,2_7
-0.0021814334,-0.008156994,-0.03502493,-0.32366,0.09385804,-10.426609,93317566,2_7
0.018681575,-0.01110305,-0.03458356,0.044130772,0.06038666,-10.09319,93328070,2_7
0.04177759,-0.0069724303,-0.021933256,0.49061668,0.32077622,-9.905868,93337116,2_7
0.051364798,-0.009783849,-0.0016445967,0.1453688,-0.2931109,-9.9540615,93341570,2_7
0.029172547,0.0057154144,-0.00032913734,-0.38477626,0.13746929,-10.233069,93346072,2_7
0.033612713,0.004595513,-0.01219358,0.5549793,0.407589,-9.852883,93352120,2_7
0.014625141,-0.007864434,-0.0149466675,0.383958,-0.22956523,-9.970724,93356573,2_7
0.01597086,-0.011093563,-0.018943366,-0.29985777,-0.15884909,-10.161616,93361075,2_7
0.0019558033,-0.015618349,-0.019300636,0.20962568,0.29681677,-9.876159,93367125,2_7
-0.003771313,-0.03525211,-0.0207389,0.46010336,0.29641134,-9.923219,93371577,2_7
0.013150335,-0.04630792,-0.02287325,-0.038236387,-0.36230385,-9.981275,93376079,2_7
0.0159398,-0.045638908,-0.041366667,0.015546085,0.06274439,-9.939246,93382126,2_7
0.0395502,-0.04678144,-0.023839641,0.21717064,0.5913767,-10.124257,93386580,2_7
0.058064986,-0.03687665,-0.018149754,0.38164684,-0.025998972,-9.937181,93391122,2_7
0.07591692,-0.028750723,-0.025146715,0.0089122,-0.42550942,-9.8671055,93395586,2_7
0.0618191,-0.019213298,-0.025512947,-0.1401095,0.4310316,-10.313441,93400083,2_7
0.09000669,-0.006125482,-0.025509367,0.573482,0.62137985,-9.946729,93404634,2_7
0.07566078,0.0066973316,-0.02001898,0.2534306,-0.2780356,-9.832995,93415086,2_7
0.071700215,-0.00060435076,-0.026979752,-0.17055671,-0.2902685,-9.915145,93424091,2_7
0.09495799,0.0028279035,-0.016769757,0.29108155,0.95682395,-10.048584,93428589,2_7
0.080809414,-0.011222049,0.0041916585,0.64791286,0.3084411,-9.810009,93433090,2_7
0.08236457,-0.010768823,-6.771302e-05,-0.33972034,-0.73685116,-9.82082,93439092,2_7
0.069062606,-0.0060014995,-0.007854935,0.07655068,0.31616405,-10.018357,93443592,2_7
0.07263121,-0.016977372,0.0021374293,0.62098897,0.88314617,-9.785119,93448095,2_7
0.048218276,-0.0013396012,-0.009803884,-0.045893822,-0.55932045,-9.946341,93454094,2_7
0.032256726,0.013578978,-0.028023139,-0.18215446,-0.42764506,-10.008969,93458596,2_7
0.005742231,0.021427693,-0.030114032,0.49626857,0.8077326,-9.926755,93463097,2_7
0.0143986745,0.023737468,-0.0039176303,0.16303782,0.46769226,-10.080688,93469098,2_7
-0.0048321127,0.025463175,-0.017314723,-0.0026299476,-0.70778847,-9.768874,93473598,2_7
-0.007526917,0.010161143,-0.005461163,0.13499257,0.102014296,-9.860822,93478101,2_7
-0.015733443,0.00477716,0.015104269,0.21423756,0.82322335,-9.922659,93484101,2_7
-0.018452358,-0.0084744515,0.004287251,0.20752324,-0.02881239,-9.575291,93488602,2_7
-0.03062076,-0.017494053,-0.010114537,0.09731976,-1.0231338,-9.60672,93493102,2_7
-0.036603794,-0.027965432,-0.042827297,0.04664499,0.59918904,-9.949358,93497604,2_7
-0.045243286,-0.037773978,-0.025149515,0.2958412,0.91470754,-9.935769,93502152,2_7
-0.042790253,-0.019813139,-0.025465753,0.24354835,-0.82965213,-9.459458,93506606,2_7
-0.04387803,-0.025163764,-0.018204665,0.04234668,-0.14885226,-9.664035,93517155,2_7
-0.045044303,-0.03312089,-0.001244206,0.20415477,0.59900737,-9.779516,93526110,2_7
-0.038162738,-0.044658028,-0.007335958,0.36738318,0.5352326,-9.832731,93530611,2_7
-0.049719486,-0.04693114,-0.0077382997,-0.040260646,-1.0844558,-9.581752,93535113,2_7
-0.075837955,-0.054308,-0.036153853,0.112904154,0.017811796,-9.757953,93541113,2_7
-0.06015675,-0.048755877,-0.012787843,0.41274354,0.9827305,-9.988752,93545619,2_7
-0.042565566,-0.043173425,-0.011291861,-0.01954163,-0.05947784,-9.779224,93550115,2_7
-0.05084187,-0.04762296,-0.037780218,0.050464667,-0.74950147,-9.706094,93556117,2_7
-0.017633412,-0.03687425,-0.007018355,0.39809158,0.7695557,-9.793503,93560617,2_7
-0.006337996,-0.030002823,-0.008813367,-0.0239882,0.53112507,-10.106438,93565118,2_7
0.00462279,-0.034557823,-0.011638345,-0.022330567,-0.17752302,-9.564917,93571120,2_7
0.03106124,-0.03148816,-0.006837313,0.48017862,-0.21506797,-9.545318,93575621,2_7
0.05124572,-0.030703122,-0.011482107,0.037735313,0.5973761,-10.20859,93580141,2_7
0.072376445,-0.017089475,-0.018395452,-0.07663418,0.4009977,-9.8508005,93584671,2_7
0.087985426,-0.00062426593,-0.030930579,0.4374137,-0.4291414,-9.527015,93589123,2_7
0.09863191,0.008552995,-0.026361562,0.31132382,-0.05371552,-9.768466,93593624,2_7
0.084518194,0.029147204,-0.015755374,-0.041828062,0.58054066,-9.962697,93604128,2_7
0.06672894,0.059072442,0.00015659079,0.17939748,0.21034846,-9.764942,93613128,2_7
0.01580126,0.059475955,-0.023392105,0.22143161,-0.6834637,-9.71705,93617630,2_7
-0.0037424874,0.060155436,-0.031040257,0.26990485,0.14220744,-9.646758,93622177,2_7
-0.0182238,0.06299296,-0.020629652,-0.067285866,0.96191883,-9.950325,93628131,2_7
-0.055278048,0.07438195,-0.029521607,0.030710528,-0.3928923,-9.537234,93632632,2_7
-0.07638337,0.075514115,-0.013859676,0.37224758,-0.43642813,-9.619924,93637180,2_7
-0.09578651,0.04029233,-0.0014331143,0.29740837,0.8528489,-9.612632,93643136,2_7
-0.10282709,0.021815356,0.010784312,-0.036593188,0.16164742,-9.689743,93647635,2_7
-0.13021521,0.017006638,-0.009232333,0.075764954,-0.6504463,-9.625603,93652184,2_7
-0.11915784,0.004495802,-0.01728687,0.62295157,-0.060462445,-9.411593,93658138,2_7
-0.104591325,0.0028412533,-0.004458449,0.051297568,0.46892786,-9.903274,93662639,2_7
-0.092547186,0.010716793,-0.01486772,-0.3033734,0.12904474,-9.892884,93667187,2_7
-0.09195126,0.012129217,-0.021038476,0.45248473,-0.26345894,-9.358961,93671643,2_7
-0.081676856,-0.016299944,-0.02746088,0.34613484,0.00015337116,-9.617642,93676142,2_7
-0.075880334,-0.016317815,-0.024548275,-0.35827962,0.21232152,-10.007706,93680643,2_7
-0.032491095,-0.004338185,-0.017367888,0.20665036,0.28335965,-9.715318,93691145,2_7
0.0377221,0.0027798894,-0.006209171,0.2879549,0.07173631,-9.685514,93700147,2_7
0.06157798,5.0297764e-05,-0.0006459699,0.221413,-0.20560554,-9.697932,93704694,2_7
0.07449368,-0.0010624555,-0.02177414,0.076432824,0.014098973,-9.513415,93709149,2_7
0.0732281,-0.005755755,-0.016629474,-0.079424955,0.10626849,-9.75396,93715150,2_7
0.06403767,-0.01855705,-0.022854462,0.33655393,0.13313533,-9.478806,93719697,2_7
0.04675497,-0.019163532,-0.014549398,0.4624589,-0.071564786,-9.278456,93724153,2_7
0.033007782,-0.023911228,-0.007997192,-0.23824179,-0.031311825,-9.851595,93730153,2_7
0.02133124,-0.01677916,-0.0047923834,-0.1332467,0.09335502,-9.891074,93734702,2_7
0.023095723,-0.0099586835,-0.0012455247,0.79610944,0.3781422,-9.395374,93739155,2_7
0.026148938,-0.01975373,0.0018866145,0.089297496,-0.41298085,-9.574487,93745156,2_7
-0.0005230341,0.00657634,-0.007947644,-0.45643574,0.013407255,-9.704441,93749704,2_7
0.009220761,0.013545986,-0.02298087,0.3849627,0.4154301,-9.573907,93754158,2_7
0.010494628,0.003935556,-0.025094688,0.6196291,-0.098441176,-9.401309,93760159,2_7
-0.0044138646,0.008974527,-0.03994855,-0.28047958,-0.39281645,-9.65941,93764707,2_7
0.00114601,0.0090457,-0.021484029,0.021523902,0.3414443,-9.786468,93769164,2_7
0.003967971,-0.013795817,-0.011924392,0.609121,0.47376364,-9.460214,93773662,2_7
0.018604377,-0.019012418,0.018492248,0.1615977,-0.23616676,-9.64679,93778163,2_7
0.049880225,-0.03413729,0.006455249,0.14975089,0.18475287,-9.515655,93787212,2_7
0.07449062,-0.053423434,-0.026870092,0.0513385,-0.15774828,-9.469943,93791666,2_7
0.10712853,-0.05463534,-0.030812718,-0.18705954,-0.17166594,-9.75255,93796167,2_7
0.1108042,-0.04079,-0.021749943,0.3844771,0.73548484,-9.709308,93802215,2_7
0.12375129,-0.044279307,-0.007650145,0.43927634,0.4201998,-9.565763,93806669,2_7
0.12889232,-0.047986925,0.00069567136,-0.029566236,-0.6020407,-9.5226755,93811170,2_7
0.108541265,-0.052476536,0.020470468,-0.10772545,0.27145803,-9.723508,93817218,2_7
0.11183445,-0.06277608,0.022184862,0.6158286,1.043101,-9.41392,93821673,2_7
0.12055143,-0.06429124,0.00685658,0.26100656,-0.45215264,-9.3936615,93826173,2_7
0.08678204,-0.0676224,-0.021585243,-0.2942364,-0.6278867,-9.691283,93832221,2_7
0.08368096,-0.059138056,-0.028028589,0.1409905,0.8144197,-9.767306,93836676,2_7
0.073073156,-0.060560882,-0.019027347,0.7223181,0.7627032,-9.382437,93841177,2_7
0.027804622,-0.044674978,-0.02769265,-0.18556216,-0.7249849,-9.63932,93847226,2_7
-0.0044888654,-0.0138348555,-0.012977716,-0.14088194,0.33969545,-9.843769,93851678,2_7
-0.0038983694,-0.00743689,0.0135080675,0.5354324,1.1588647,-9.562697,93856188,2_7
-0.032418896,0.013545631,0.032809157,0.2516334,-0.13312794,-9.73231,93860683,2_7
-0.051051326,0.036359068,0.028699284,-0.30025536,-0.48152035,-9.6658125,93865181,2_7
-0.07505425,0.0360951,0.0049758535,0.095490664,0.413229,-9.918273,93869729,2_7
-0.10049824,0.040182836,-0.02591662,0.3962468,0.21489298,-9.520876,93880185,2_7
-0.12692901,0.02067629,-0.020685906,0.1405001,-0.08347383,-9.5723,93889187,2_7
-0.13409232,0.010712279,-0.00744807,0.052115493,-0.1980748,-9.458569,93893688,2_7
-0.13543338,7.720005e-05,0.012291606,-0.020633558,0.36036578,-9.712409,93898188,2_7
-0.11574708,0.007556483,0.021115012,0.24593084,0.6460185,-9.744217,93904191,2_7
-0.08162486,0.0003718692,0.002248381,0.3453292,0.0044419775,-9.430257,93908690,2_7
-0.073955685,-0.003090176,-0.017018497,-0.03873641,-0.33593106,-9.553391,93913191,2_7
-0.038476296,0.018775789,-0.017671179,-0.1478849,0.2733277,-10.045556,93919193,2_7
-0.016777243,0.020382017,-0.022120623,0.4137109,0.8424534,-9.610398,93923693,2_7
-0.012867593,0.02921629,-0.0291866,0.43172,-0.1387489,-9.49413,93928195,2_7
-0.004821444,0.03667282,-0.03360479,-0.27283362,-0.36183327,-9.834182,93934196,2_7
-0.012325763,0.048595972,-0.016727077,0.04809633,0.80381966,-10.031139,93938697,2_7
0.0004199017,0.05391737,0.0012247892,0.68622124,0.81611454,-9.427742,93943228,2_7
-0.023947245,0.04938314,-0.0012323414,0.080127284,-0.6051679,-9.582307,93947699,2_7
-0.05330066,0.026891872,-0.0014814131,-0.35814074,-0.1406865,-10.058753,93952246,2_7
-0.08023823,0.027411606,-0.008109311,0.30970106,0.7699759,-9.904761,93956705,2_7
-0.102208905,0.0033341974,-0.012520959,0.49625328,0.24296488,-9.626495,93967251,2_7
-0.13292086,-0.043115847,-0.017735412,0.0046890466,-0.060703557,-9.776706,93976205,2_7
-0.14527415,-0.058483284,-0.026147466,-0.1959353,-0.050581463,-9.90932,93980705,2_7
-0.15225041,-0.08133501,-0.013931445,0.24030674,0.6446357,-9.847131,93985206,2_7
-0.14957362,-0.08796257,-0.0040022023,0.44110197,0.37971148,-9.899074,93991208,2_7
-0.14042768,-0.10096226,-0.00594828,-0.01674172,-0.30491662,-9.807099,93995709,2_7
-0.1334183,-0.09062089,-0.0010250469,-0.065018736,-0.079133414,-9.895423,94000210,2_7
-0.11145541,-0.08502318,-0.00014604442,0.15403253,0.4438669,-10.224094,94006213,2_7
-0.10908096,-0.08362029,-0.00020813162,0.28633654,0.3207947,-9.894893,94010715,2_7
-0.09708594,-0.09359884,-0.01572527,0.11624807,-0.12838304,-9.922125,94015213,2_7
-0.09048515,-0.108133756,-0.021994168,-0.15798628,-0.15737152,-10.196185,94021214,2_7
-0.070703045,-0.11999448,-0.007178538,0.20137025,0.3807051,-10.355858,94025715,2_7
-0.044561625,-0.13195619,0.0058991425,0.42994836,0.35227156,-10.085332,94030216,2_7
-0.06063073,-0.13356356,-0.0022339504,0.055054057,-0.3366015,-10.1619835,94036217,2_7
-0.059930004,-0.1293117,-0.0013970921,-0.27633682,-0.14352891,-10.431814,94040718,2_7
-0.06185924,-0.117674336,-0.0042072576,0.23750022,0.66730684,-10.350025,94045219,2_7
-0.03348249,-0.110551305,-0.00091141224,0.48800388,0.12076982,-10.176658,94049766,2_7
-0.005812664,-0.10442416,-0.008396984,-0.27058023,-0.5429652,-10.539731,94054221,2_7
0.017206078,-0.09489629,-0.0018161203,-0.107296966,0.22766416,-10.635489,94058722,2_7
0.029203098,-0.06744608,-0.013697069,0.33593786,0.58477294,-10.529218,94069224,2_7
0.093891606,-0.024728013,-0.01662832,0.33225116,0.22206378,-10.439937,94078226,2_7
0.11464696,-0.018522937,-0.020839212,-0.15040158,-0.56215584,-10.515309,94082728,2_7
0.10095686,-0.007916621,-0.013133276,-0.09835463,-0.0016323032,-10.753842,94087276,2_7
0.09614693,-0.0020226608,0.017296338,0.5592181,0.9242693,-10.762595,94093231,2_7
0.06968193,0.03281675,0.004480002,0.4697724,-0.18537489,-10.438091,94097730,2_7
0.02107885,0.04548074,0.0035308087,-0.2446345,-0.9184663,-10.793639,94102279,2_7
-0.010254667,0.10773134,-0.015938539,-0.20346041,0.07360456,-11.015513,94108232,2_7
-0.024095459,0.12648031,-0.024106927,0.74423736,1.0244199,-10.605299,94112733,2_7
-0.021185655,0.13381422,-0.023790633,0.39787528,0.05113989,-10.556813,94117304,2_7
0.0060113408,0.16847724,-0.011998091,-0.33949554,-0.6418947,-10.763415,94121735,2_7
0.0056395764,0.19560799,-0.0044207526,-0.29712024,0.30214134,-11.095474,94126235,2_7
0.038377892,0.21668984,-0.0027441953,0.5495291,1.1439414,-10.820399,94130737,2_7
0.06467514,0.24013685,0.004102995,0.21827148,0.12719418,-10.740556,94141238,2_7
0.041813616,0.23360054,-0.009003282,-0.054917406,-0.23147884,-10.589126,94150241,2_7
-0.00085149996,0.19168733,-0.02196333,-0.22240616,-0.59019035,-10.3469,94154788,2_7
-0.005918936,0.16726416,-0.0139203975,0.027277766,0.324006,-11.005036,94159244,2_7
-0.0033353157,0.15908727,-0.0020538473,0.2988361,0.6854573,-10.984793,94165244,2_7
-0.028104194,0.116405055,0.01433862,-0.038067114,0.29240543,-10.642985,94169791,2_7
0.0035388966,0.100892924,-0.0032044305,0.047651153,-0.051090986,-10.515827,94174247,2_7
0.00042776112,0.051110044,-0.023074422,0.14071913,-0.217236,-10.575015,94180247,2_7
0.02478917,0.014303926,-0.023288952,0.21431951,0.32949603,-11.093779,94184799,2_7
0.055065997,0.013012838,-0.012504218,0.013757623,0.38738626,-11.311679,94189249,2_7
0.055000514,-0.01386461,0.008627851,0.06805869,0.42710024,-10.7410555,94195250,2_7
0.047859073,-0.037450604,0.0169111,-0.094796345,0.07369529,-10.762239,94199797,2_7
0.021067938,-0.077353306,0.021779548,0.17354731,-0.2969431,-10.913277,94204252,2_7
0.11684091,-0.43823385,0.08511864,1.1328176,-0.658274,-12.458635,94210253,2_7
0.5047795,-1.9249684,0.32339612,3.186531,-1.8339095,-20.1195,94214801,2_7
0.62640476,-3.3566868,0.33453074,6.9921618,0.1264982,-24.72807,94219261,2_7
0.3933198,-4.2064185,0.078825,8.306826,2.0473552,-27.457281,94223758,2_7
0.1520061,-3.955359,-0.18313383,3.5345943,-2.274386,-35.778378,94228258,2_7
0.13597026,-2.8667455,-0.42275152,-1.1134098,-0.0868767,-31.135902,94232758,2_7
0.16397643,-1.3365401,-0.42994517,-2.6605103,1.5223103,-17.922766,94243260,2_7
0.048654918,-0.009911461,0.008717807,-1.0860667,0.5140995,-13.062741,94252313,2_7
0.112631835,0.813827,0.24800344,-1.0401251,1.998374,-12.557041,94256762,2_7
-0.08251878,1.3470638,0.20559885,-1.484921,-2.4061434,-11.766991,94261266,2_7
-0.0571015,1.8686978,0.041256104,-1.0591792,0.2899356,-10.248839,94267311,2_7
-0.081814885,2.3752527,-0.12488426,-0.85105604,-0.26867673,-10.249778,94271765,2_7
-0.14588183,2.663534,-0.18955718,-0.61562383,-0.03919163,-8.855315,94276266,2_7
-0.10475798,2.8949864,-0.14860544,-0.63045216,-0.23748189,-7.685251,94282314,2_7
-0.08095988,3.0760875,-0.019995742,-0.1993879,0.62881064,-7.144069,94286768,2_7
-0.11585899,3.059998,0.053699825,0.001203293,0.292965,-6.742667,94291270,2_7
-0.021129122,3.0391915,0.03935323,-0.15701006,0.67184573,-6.3004065,94297318,2_7
-0.047620866,2.9083643,0.007907028,0.14508888,-0.778311,-5.769231,94301772,2_7
-0.11735947,2.7206545,-0.040166713,0.021529492,-0.13706276,-5.429541,94306281,2_7
0.059184853,2.4848552,-0.088119306,0.47813222,0.19487555,-4.56409,94310773,2_7
-0.0068754223,2.2726648,-0.09345885,0.8261273,-0.025176255,-4.1518974,94315275,2_7
-0.013743235,1.9627094,-0.0138847055,0.36733037,0.2928492,-4.44511,94319822,2_7
0.047522657,1.4586436,0.014753581,0.7444807,0.10871327,-4.4076004,94330277,2_7
0.10756662,0.48329937,0.11822723,-0.035741985,-0.10513439,-4.402109,94339280,2_7
0.22065386,-0.44447538,0.19963017,0.6141105,-1.0773145,-3.9124293,94343780,2_7
0.21378277,-1.0711291,0.235566,-0.27356726,-0.08357181,-4.72279,94348281,2_7
0.2968097,-1.766582,0.20274557,-0.36903927,-0.4311602,-5.0754786,94354283,2_7
0.16547771,-2.211019,0.16206278,-0.3076629,-1.0712335,-5.323134,94358783,2_7
0.12499018,-2.4532936,0.18171544,-0.51758343,0.17566787,-5.9591208,94363287,2_7
0.030688304,-2.6044457,0.18328421,-1.1556418,-0.36579484,-7.2853193,94369286,2_7
-0.11971394,-2.5564003,0.15184212,-0.5781652,-0.33093384,-7.5381684,94373786,2_7
-0.14250112,-2.4251578,0.060911234,-0.84574205,0.18628772,-8.080896,94378290,2_7
-0.20542063,-2.287383,0.022269921,-0.6562578,-0.54167145,-8.673099,94382791,2_7
-0.26774648,-2.13408,-0.024206325,-1.2156212,-0.5018601,-9.259929,94387336,2_7
-0.24788068,-1.9619734,-0.00023525169,-0.33999586,0.55488783,-8.643286,94391790,2_7
-0.14063582,-1.9185529,0.1302903,-0.85985595,0.07746187,-9.932357,94402339,2_7
-0.00044280395,-2.1125674,0.17124361,-0.09078477,-0.303332,-12.404743,94411294,2_7
0.10949669,-2.0120714,-0.090792626,-0.9283496,-2.0028183,-27.205072,94415795,2_7
0.2460281,-1.0559474,-0.3807802,-4.1509814,-1.6950195,-38.306324,94420296,2_7
0.07136744,-0.16616093,-0.4413137,-4.361531,2.5286286,-24.515776,94426297,2_7
-0.114967056,0.4607614,-0.24633506,-3.0822787,2.091772,-14.464486,94430797,2_7
-0.21404329,0.80807716,0.007270962,-1.3123955,1.0789826,-8.245533,94435299,2_7
-0.24681954,0.83448565,0.19651435,-1.4149246,0.9885261,-7.831606,94441300,2_7
-0.22863072,1.0708294,0.21922831,-1.5045244,-0.08627479,-8.523989,94445801,2_7
-0.19731785,1.0790899,0.08392972,-0.13317026,-0.051381387,-5.4231033,94450303,2_7
-0.11676591,0.93560094,-0.02079623,-1.1757281,-0.24751768,-6.3667793,94456303,2_7
-0.05262226,0.840179,-0.13399456,-0.831923,-0.727916,-6.117761,94460804,2_7
-0.04168388,0.55412006,-0.09054066,0.067296036,-0.00051418174,-3.8264537,94465305,2_7
0.08235459,0.18094005,0.025365481,-0.6612668,0.8447659,-4.859901,94471308,2_7
0.09330723,-0.064466216,0.08791598,-1.1022153,-0.25552666,-5.695901,94475808,2_7
-0.00203621,-0.42841652,0.11868672,-0.22588776,-0.44626993,-4.258829,94480331,2_7
0.08905991,-0.6493272,0.07016452,-0.8098754,-0.2637764,-5.2018332,94484856,2_7
-0.0110432,-0.7671026,-0.0076146843,-0.0044014524,-0.73039424,-4.943548,94489310,2_7
-0.101516284,-0.9678397,-0.08951225,-0.3629166,0.40746844,-5.3860087,94493813,2_7
-0.0822846,-1.1556269,-0.05116265,-0.1807218,0.23230155,-6.41919,94504314,2_7
0.09024681,-1.1431943,0.015085137,0.15080433,-1.0407478,-16.51085,94513315,2_7
0.36792934,-0.04984497,-0.122376904,-0.1807827,-1.2481754,-31.574799,94517816,2_7
0.17034014,0.5778296,-0.24241985,-1.6951683,2.377515,-22.133139,94522363,2_7
0.07753361,0.8650554,-0.19824962,-1.9236304,1.6631655,-12.493355,94528318,2_7
-0.16998203,0.6747615,-0.026466552,-0.3159945,0.6472633,-6.0881586,94532822,2_7
-0.14048332,0.34755698,0.100515455,-0.7698849,1.2326024,-5.6344137,94537366,2_7
-0.057019282,0.2588834,0.1327049,-0.56836116,-0.37375215,-5.740746,94543321,2_7
-0.21667293,0.10856338,0.096426465,-0.303307,-0.524266,-4.5566382,94547822,2_7
-0.11826792,0.020064456,-0.025150172,-0.733017,-0.36821046,-5.625712,94552369,2_7
-0.011116326,0.01797313,-0.072913185,-0.33504054,-0.747619,-6.048437,94558324,2_7
-0.115533285,-0.14467093,-0.05937491,-0.15358944,-0.4304678,-5.5415697,94562825,2_7
0.12327646,-0.3444365,0.04541618,0.15487914,0.6055363,-6.7566385,94567374,2_7
0.17266627,-0.46443775,0.11047334,1.1074593,-0.1410806,-7.932079,94571828,2_7
0.035790633,-0.61932474,0.08608018,1.1874617,0.29401597,-12.007406,94576327,2_7
0.25341174,-0.4614015,-0.018039124,0.53970337,-0.91330093,-18.314566,94580828,2_7
0.0949907,-0.004704069,-0.1998426,-0.79362315,0.18190089,-16.19798,94591331,2_7
0.02775714,0.10976558,-0.02296126,-0.91080815,0.9088745,-9.062623,94600332,2_7
-0.17123383,-0.0062877364,0.13818663,-0.61251557,0.35056627,-6.7820673,94604880,2_7
-0.035098005,-0.0011661068,0.13878548,-0.53980845,0.27139086,-6.0975814,94609334,2_7
-0.11525428,-0.042333167,0.04806794,-0.8172865,-1.1974026,-6.902703,94615336,2_7
-0.06588599,-0.0643873,-0.030410545,-0.8345697,-0.47636282,-7.8148828,94619884,2_7
0.16194274,-0.0817658,-0.07373845,-0.41910663,-0.5276911,-8.880574,94624337,2_7
0.14378761,-0.08311497,-0.05133538,-0.74364114,-0.22383398,-11.765286,94630339,2_7
0.12774909,0.019067429,-0.035884313,-1.0246981,0.2682935,-13.196305,94634886,2_7
0.099801145,0.041166283,-0.023173384,-0.14643537,0.9426756,-11.555014,94639343,2_7
-0.08371788,0.06042149,-0.00033441873,-0.60600185,-0.1291694,-11.011703,94645341,2_7
-0.035601325,0.06606068,0.020844406,-0.49846762,0.32991752,-9.479365,94649889,2_7
0.010656214,-0.03612155,0.060167994,0.07810855,-0.18024743,-7.830265,94654382,2_7
-0.101171724,-0.00016809716,0.04465558,-0.39808416,-0.07239026,-8.715184,94658844,2_7
0.018152066,0.03531803,0.012280234,-0.07734195,-0.14944744,-8.384747,94663345,2_7
0.014178184,-0.0530065,-0.033975683,-0.2828771,-0.36138278,-9.471891,94667846,2_7
0.024155624,-0.012351943,-0.04078464,-0.62096524,-0.12391634,-10.580038,94678348,2_7
-0.020994352,-0.03582615,0.0072976686,-0.5390188,0.47393265,-10.649818,94687397,2_7
-0.014275347,0.025432127,0.02120039,-0.74018276,0.18586716,-9.603433,94691851,2_7
-0.0080048535,-0.042918805,-0.0040105614,-0.2687226,-0.41969407,-9.091567,94696352,2_7
-0.008923289,0.02967561,0.0003148112,-0.6870429,-0.20842446,-9.859199,94702400,2_7
0.053405505,0.00326212,-0.03308729,-0.30302897,0.1796135,-8.690852,94706854,2_7
0.0046190615,-0.03508035,0.008843376,-0.35602057,0.00087854906,-9.792264,94711355,2_7
0.020599678,0.044787206,0.009543692,-0.5831745,0.33162647,-10.107191,94717403,2_7
0.008441854,-0.013818602,-0.003236331,-0.44543248,0.1089863,-9.609497,94721857,2_7
-0.026019756,-0.00035858792,0.002074114,-0.4039041,-0.17865388,-10.4618845,94726358,2_7
0.010760163,0.040945925,-0.0019249246,-0.5918665,-0.028804705,-9.73613,94732406,2_7
-0.015841937,-0.04785912,-0.014946133,-0.2025786,-0.21520351,-9.167785,94736863,2_7
0.015898785,0.011937672,-0.011999035,-0.5025427,-0.24891509,-10.0821705,94741362,2_7
0.0048552193,0.015496129,0.003754469,-0.43746528,0.05088363,-9.104625,94747409,2_7
0.007678417,-0.038032286,-0.012667873,-0.34824723,0.060101815,-9.629149,94751862,2_7
0.010582495,0.027154673,0.016001249,-0.70878977,0.2153747,-10.282301,94756363,2_7
-0.007870648,-0.016465211,-0.0011126723,-0.43494734,0.37809178,-9.402288,94760865,2_7
-0.02569479,-0.024794303,-0.0072501823,-0.3967118,-0.19864629,-10.199319,94765365,2_7
0.04280276,0.039021034,-0.01284609,-0.37902606,-0.13605815,-9.791232,94769913,2_7
0.012732371,-0.0052667097,-0.0028447323,-0.43540883,-0.22707126,-9.316929,94780368,2_7
0.04148137,0.020304734,0.011257777,-0.72112226,0.40729487,-10.07237,94784925,2_7
-0.028086297,-0.019023195,-0.0020630367,-0.25435305,0.15482968,-9.505399,94789370,2_7
0.02265733,0.0041294196,0.0051483316,-0.43316546,-0.10286687,-10.302152,94795372,2_7
-0.018524041,0.023790708,-0.0027362593,-0.52105516,0.01875332,-9.88666,94799919,2_7
-0.011508503,-0.0111551825,-0.029121513,-0.105866365,-0.19549468,-9.345367,94804373,2_7
0.008540456,0.0069884667,0.018301088,-0.3731671,-0.23682074,-9.765353,94810377,2_7
0.008110709,0.012186928,-0.018240098,-0.5823072,-0.10378815,-9.361061,94814922,2_7
-0.016426867,-0.0146978265,-0.008593222,-0.4026683,-0.19954734,-9.519925,94819376,2_7
0.00499855,0.011544456,0.007985516,-0.654856,0.21607931,-10.048423,94825377,2_7
-0.045342978,-0.026691446,0.00036610098,-0.5720668,0.20187582,-9.867282,94829925,2_7
-0.03333967,-0.015002572,0.0072816457,-0.3138736,0.06970584,-10.0626545,94834379,2_7
0.011002055,0.0282234,0.003561737,-0.5724357,0.18868753,-10.006002,94840383,2_7
-0.025713284,-0.014593507,-0.03024661,-0.20457394,0.13151981,-9.563646,94844928,2_7
0.015201197,0.024434578,-0.0003409921,-0.30844066,-0.37244478,-9.447818,94849383,2_7
0.002580682,0.013863409,0.017275492,-0.51713115,0.24220805,-9.3498,94855385,2_7
0.0020388851,-0.008482448,-0.02371055,-0.5355545,-0.37063438,-9.665477,94859931,2_7
0.023300562,0.028747538,0.012731508,-0.48063758,-0.21597555,-9.654255,94864388,2_7
0.00412449,0.010016597,-0.0020759974,-0.61995983,0.46930844,-9.948949,94870387,2_7
-0.024096994,-0.018355183,-0.005535123,-0.32842818,-0.16192244,-10.048017,94874936,2_7
0.02524817,0.003922589,0.026431317,-0.41763505,0.20593728,-9.877493,94879399,2_7
-0.03162541,-0.012568013,-0.022204975,-0.32003936,0.16194516,-9.736766,94883892,2_7
0.01190495,-0.0058465716,-0.0042209155,-0.22602028,-0.30914196,-9.614116,94889937,2_7
0.039749518,0.016844004,-0.011445522,-0.56608343,0.045334127,-9.526491,94894391,2_7
-0.016999012,-0.027831564,-0.02707492,-0.48118004,0.15504706,-9.57762,94898892,2_7
0.016041135,0.011643898,0.0066845566,-0.4971363,-0.20452268,-9.805558,94904940,2_7
0.009322512,0.010035176,0.0315258,-0.6649254,0.35782436,-9.624324,94909394,2_7
-0.020457823,-0.00400292,-0.0032065038,-0.46266493,-0.3359016,-9.880919,94913895,2_7
0.006745356,0.022892863,-0.009332302,-0.51905364,-0.114461005,-9.837969,94919943,2_7
-0.007577292,0.0017679215,-0.0114924405,-0.5364947,0.30854368,-10.014797,94924397,2_7
-0.012955611,-0.006896596,-0.016435076,-0.108114876,-0.36815396,-9.652692,94928898,2_7
0.0058318796,0.0138107585,0.021737712,-0.51133883,0.13218652,-9.645354,94934947,2_7
-0.014923043,-0.021334412,-0.013010137,-0.38039806,0.15197302,-9.632185,94939400,2_7
0.005757255,-0.008717933,0.011215205,-0.32467324,-0.46670818,-9.545797,94943901,2_7
-0.0034304326,0.010856692,-0.010671954,-0.7264913,0.29862177,-9.697378,94949949,2_7
-0.025936455,-0.029182743,-0.018629868,-0.35756877,0.17403153,-9.747858,94954404,2_7
0.0006828537,0.025568683,0.0337819,-0.48278725,-0.049746063,-9.720244,94958904,2_7
0.0030038634,0.001211951,0.011895146,-0.67694116,0.34298706,-9.940391,94964952,2_7
-0.036962587,-0.0003325495,-0.026280284,-0.33304814,-0.5884514,-9.873198,94969406,2_7
0.013600421,0.03170432,-0.0042324946,-0.49612874,-0.13745344,-9.702287,94973906,2_7
-0.014423484,-0.021545136,-0.027173469,-0.47029644,0.101575024,-9.773081,94978408,2_7
-0.008530973,-0.003965792,0.0034923796,-0.22212385,-0.295612,-9.518944,94984409,2_7
0.015147999,0.00062820275,0.039294638,-0.5549893,0.20072792,-9.502229,94988910,2_7
-0.0226192,-0.029438253,-0.010884506,-0.36728182,0.18800284,-9.782616,94993411,2_7
-0.004872243,0.012307769,-0.014598712,-0.4917853,-0.21310253,-9.883317,94999412,2_7
-0.014135931,0.0066071274,0.00012273923,-0.57575774,0.51725537,-9.959987,95003917,2_7
-0.044812147,0.004216235,-0.02477374,-0.1792751,-0.061309766,-9.839273,95008414,2_7
-0.0028197742,0.0022880232,0.0333254,-0.6008318,0.021307293,-9.675814,95014418,2_7
-0.026403578,0.0013815042,-0.016249914,-0.4317851,-0.14986853,-9.511543,95018915,2_7
0.0031906199,0.009065419,-0.016315563,-0.3553729,-0.7386394,-9.6770115,95023417,2_7
-0.009053779,-0.0017892031,-0.0015125143,-0.69854033,-0.032722898,-9.701876,95029418,2_7
-0.0011662408,-0.026731277,-0.022617742,-0.28759938,0.060305003,-9.546071,95033918,2_7
0.017706513,0.012078063,0.03315085,-0.47404295,-0.12817433,-9.76444,95038422,2_7
-0.017375728,0.0008093762,-0.0014699392,-0.5239893,0.60373104,-9.862519,95044421,2_7
-0.030877277,-0.01921342,-0.0035202615,-0.23859923,-0.026817672,-9.837281,95048921,2_7
-0.015911253,0.018389681,0.01588531,-0.6022399,0.21008927,-9.988965,95053432,2_7
-0.049483012,-0.006383849,-0.040114313,-0.5277623,0.16945288,-9.807377,95057924,2_7
0.0021598914,0.025258148,-0.004116211,-0.30805188,-0.35634157,-9.674641,95062475,2_7
0.003663606,-0.0055136075,0.0053970423,-0.568578,0.13365528,-9.497898,95066925,2_7
0.0049236487,0.0018384622,0.014515367,-0.42118105,-0.20188528,-9.577326,95077473,2_7
0.003064664,-0.008977813,-0.0033399726,-0.4144906,0.42990607,-10.007947,95086430,2_7
0.034139402,-0.0026177887,-0.032896254,-0.46560568,-0.11498638,-9.577638,95090930,2_7
0.04784293,0.0059585166,-0.02555636,-0.36689556,-0.43235484,-9.420916,95095431,2_7
0.020592317,0.006270903,0.004961281,-0.6573759,-0.08751305,-9.597941,95101432,2_7
0.036082823,-0.009700655,-0.0059338817,-0.30434513,-0.25074488,-9.558712,95105933,2_7
0.013936077,0.014069059,0.04463329,-0.44805637,-0.14985614,-9.731559,95110434,2_7
-0.00044723376,0.005750204,-0.0083401045,-0.5867034,0.24291003,-10.038984,95116437,2_7
-0.012506192,-0.00758541,0.002330655,-0.25063974,0.013273841,-9.785444,95120936,2_7
-0.01567817,0.016869707,-0.011584013,-0.6126548,0.22995545,-10.025846,95125437,2_7
-0.021068253,-0.0063807787,-0.036385633,-0.45258892,0.15384944,-9.7749,95129987,2_7
-0.014975493,-0.0029858127,0.0027197194,-0.24219644,-0.10031389,-9.602161,95134438,2_7
-0.02971026,-0.0312512,0.024418091,-0.62632895,-0.23981465,-9.78072,95138940,2_7
-0.036763046,0.008733472,0.0025138415,-0.4437114,-0.34290817,-9.452269,95149441,2_7
-0.055297963,-0.00062326813,-0.013023602,-0.54359514,0.30947402,-10.022837,95158444,2_7
-0.04881965,-0.018488301,-0.010862908,-0.2775852,0.096387625,-9.723373,95162944,2_7
-0.01326475,0.00017384611,0.010027753,-0.33500946,-0.19079995,-9.559494,95167492,2_7
-0.02843947,0.0021508483,0.011825625,-0.61192787,0.14684877,-9.5672865,95173446,2_7
-0.011869581,-0.016575132,-0.016430063,-0.19967772,-0.305564,-9.588876,95177947,2_7
0.007138563,0.010565003,-0.0030145503,-0.4212745,0.43131915,-9.635374,95182494,2_7
-0.009402041,-0.0014681423,-0.013680009,-0.5200323,0.21379398,-9.8131695,95188449,2_7
0.004208453,-0.0020356467,0.01164906,-0.33465838,0.058487862,-10.03457,95192951,2_7
0.00534438,0.02209081,0.021308064,-0.7858088,0.29484203,-9.825914,95197500,2_7
0.027396485,-0.0057925982,0.0027194908,-0.3812789,-0.13315764,-9.813944,95203452,2_7
0.028145451,0.008526359,-0.011666498,-0.50169355,-0.17157087,-9.741773,95207953,2_7
0.02782341,-0.00639258,-0.021584675,-0.53574544,-0.11227417,-9.606605,95212546,2_7
0.04313778,-0.023483329,-0.001504385,-0.22047321,-0.06346033,-9.650826,95216954,2_7
0.021243453,-0.0023214254,0.01597329,-0.39700896,0.29478925,-9.555514,95221456,2_7
0.00760432,-0.00015554838,0.004917453,-0.35040388,-0.16793221,-9.745513,95225956,2_7
0.012385488,0.0018345256,-0.004971833,-0.60561866,0.11687133,-9.897046,95236458,2_7
0.010084031,-0.00046257768,-0.009130732,-0.41501397,-0.3105914,-9.679354,95245460,2_7
-0.0012762649,0.0013897282,0.014110515,-0.2619097,-0.08610804,-9.6994705,95250007,2_7
-0.009431125,0.012296275,-0.003877597,-0.447899,0.24096839,-9.564633,95254462,2_7
-0.011018362,-0.001118784,-0.011295772,-0.42890617,0.06354444,-9.720471,95260463,2_7
-0.015914666,0.018198716,0.008318505,-0.22224817,0.19358374,-9.866948,95265010,2_7
-0.029210456,0.009768089,-0.011129509,-0.6346687,0.24411848,-9.773006,95269465,2_7
-0.020456841,-0.015329062,0.010380865,-0.44373956,-0.6693614,-9.702948,95275467,2_7
-0.005455402,0.0045781373,-0.014290819,-0.5134832,0.015433843,-9.76139,95280013,2_7
-0.026495509,-0.033278987,-0.02062834,-0.5219683,-0.28554368,-9.151077,95284468,2_7
-0.020370029,-0.044388343,-0.009986003,0.015436343,-0.20896392,-8.9750805,95290469,2_7
0.012798238,-0.055764824,-0.0038974944,-0.3155122,0.5991641,-9.394404,95295016,2_7
-0.033394817,-0.08705587,-0.025105307,-0.32554892,-0.35012707,-10.101594,95299470,2_7
-0.0004863709,-0.0707002,-0.041193403,-0.4024325,-0.3384731,-10.267321,95305472,2_7
-0.029449413,-0.08161772,-0.009118134,-0.37154844,0.5876777,-9.977778,95310019,2_7
-0.034319703,-0.04871734,-0.07233212,-0.60700214,-0.20274241,-9.986192,95314480,2_7
-0.028554711,-0.04590182,-0.013743004,-0.61274135,-0.2747163,-9.812807,95318974,2_7
-0.032912977,-0.046154633,-0.031143125,-0.63188004,0.8020647,-9.461588,95323475,2_7
-0.034160785,-0.053070273,0.019822499,-0.5513892,-0.80853593,-9.789358,95327976,2_7
-0.031969283,-0.0071964487,-0.0016765542,-0.51761657,0.18696937,-9.77017,95338479,2_7
-0.017210733,0.027886244,-0.01175626,-0.5736798,0.17230235,-9.852989,95347526,2_7
-0.04741839,0.0025044421,-0.010701028,-0.39497408,-0.070040025,-9.624475,95351980,2_7
0.031723693,0.009352131,0.019983796,-0.40990013,0.2556354,-9.7715435,95356482,2_7
-0.035979353,-0.011981387,-0.013840081,-0.28202373,0.031174654,-9.665883,95362531,2_7
0.037558034,-0.016673034,0.018618258,-0.40712017,0.09858925,-9.706076,95366983,2_7
-0.023022529,-0.027243746,-0.010896465,-0.35845315,0.050144646,-9.796916,95371485,2_7
0.021403776,-0.012079095,-0.0045357584,-0.6195533,0.14527327,-9.769324,95377532,2_7
-0.0061436333,-0.020091997,-0.026074702,-0.30358976,-0.288135,-9.590272,95381986,2_7
0.029706841,-0.005988459,0.01239595,-0.6766235,0.43286887,-9.813001,95386487,2_7
0.0034309323,-0.0069201095,-0.02586973,-0.3903003,-0.2853112,-9.620481,95392535,2_7
0.032732997,0.0012938204,0.040381916,-0.5690617,0.1587472,-9.86899,95396992,2_7
0.01277484,0.006836812,-0.03249253,-0.5424807,-0.06113461,-9.69596,95401499,2_7
0.016511075,-0.008848826,0.017676624,-0.3522067,0.0057868185,-9.724024,95405991,2_7
0.01380734,0.010469149,-0.0071371016,-0.6062499,-0.029026544,-9.711765,95410492,2_7
0.009376724,-0.011099572,-0.019634569,-0.18773572,0.05448488,-9.717605,95415039,2_7
0.007677934,-0.010320154,-0.002704931,-0.5217995,0.07087066,-9.698547,95425495,2_7
-0.008126056,-0.004715461,0.0021791246,-0.59660095,-0.072746925,-9.795086,95434496,2_7
-0.02087852,-0.031970546,-0.004049953,-0.19972025,-0.41379505,-9.627418,95438997,2_7
-0.02320132,0.00683404,0.0013777352,-0.70516956,0.16058557,-9.996979,95443498,2_7
-0.009058737,0.0008112991,-0.00833668,-0.35264254,0.09211756,-9.491816,95449499,2_7
-0.044128887,0.00053756876,-0.0008263127,-0.45556378,-0.22493121,-9.997828,95454000,2_7
0.019230898,0.020016698,-0.0006433544,-0.4670632,0.3666169,-9.481877,95458502,2_7
-0.044968773,-0.022945294,8.418032e-05,-0.33927724,-0.2613358,-9.952668,95464504,2_7
0.016133178,0.018712698,0.00035920693,-0.5862524,0.30715707,-9.646483,95469003,2_7
-0.025471047,-0.022098977,-0.010837495,-0.29520798,-0.15371335,-9.558197,95473504,2_7
-9.746596e-05,0.00064755254,0.0033898891,-0.6516516,0.22661749,-9.951165,95479505,2_7
-0.0008747669,-0.021742888,-0.013098679,-0.37181452,0.06791063,-9.499432,95484009,2_7
-0.0024039338,-0.011176998,0.018999172,-0.55845046,-0.1175042,-9.987904,95488516,2_7
0.01823126,0.019974185,-0.020363148,-0.5481474,0.2991054,-9.4837055,95493008,2_7
-0.013576471,-0.023426393,0.0046207057,-0.36488035,-0.30141294,-9.895529,95497556,2_7
0.00798267,0.020666657,-0.0065326723,-0.67519456,0.3382316,-9.703352,95502010,2_7
-0.0019344799,-0.0007565251,0.0013652075,-0.39263463,-0.19428931,-9.821333,95512558,2_7
-0.0039193793,-0.009303031,-0.0025715784,-0.42755195,-0.011251271,-9.587172,95521513,2_7
0.015118043,0.005841032,-0.011362511,-0.5575421,0.3016073,-9.822722,95526014,2_7
-0.01007114,-0.007935348,-0.010769226,-0.40603334,-0.05518203,-9.576066,95530515,2_7
-0.011232968,-0.013165277,0.001214581,-0.46016595,-0.11419277,-9.935189,95536516,2_7
0.0015862244,0.0064518615,-0.009057297,-0.5915833,0.36064634,-9.5498495,95541017,2_7
-0.031331193,-0.010392764,-0.0032093686,-0.3094515,-0.4184646,-9.770929,95545518,2_7
0.012920934,0.014671022,0.0048838803,-0.6902258,0.4565681,-9.706574,95551519,2_7
-0.029227888,-0.014899623,-0.0067583667,-0.33120045,-0.2707692,-9.755792,95556021,2_7
0.0066314205,0.00928752,0.008390518,-0.57305264,0.06939478,-9.798255,95560521,2_7
-0.016558422,-0.0049922094,-0.0094059035,-0.356843,0.13216712,-9.482981,95566523,2_7
-0.013273917,-0.00768139,0.005454278,-0.37177077,-0.34325266,-9.953294,95571022,2_7
0.0049853055,0.010510236,-0.0069273906,-0.632628,0.53308654,-9.572892,95575538,2_7
-0.016891511,-0.022543993,0.0038788065,-0.32425272,-0.3934009,-9.805513,95580074,2_7
-0.0034201746,0.012606512,-0.0034694802,-0.598671,0.33328143,-9.731421,95584525,2_7
0.0051410925,0.000923443,-0.009756024,-0.38992974,-0.016130513,-9.650696,95589027,2_7
0.0023201809,0.001670617,-0.0026166511,-0.5344429,0.1972356,-9.77004,95599528,2_7
0.0043143434,0.00013680806,0.0038584871,-0.4466345,-0.20000292,-9.766229,95608530,2_7
0.005003555,0.0068187388,0.0019030762,-0.4707747,0.22178015,-9.549822,95613031,2_7
-0.013311795,-0.006530691,-0.004225165,-0.32274148,-0.38614118,-9.87352,95617582,2_7
0.022846123,0.009965271,-0.0020213285,-0.5790964,0.58307594,-9.636406,95623533,2_7
-0.019480774,-0.019167576,-0.0057197334,-0.3129946,-0.46301663,-9.743489,95628034,2_7
0.01723258,0.008765887,0.006639477,-0.6171092,0.2726974,-9.770132,95632582,2_7
-0.0066429805,-0.012076635,-0.008431671,-0.37801412,-0.043361705,-9.654399,95638537,2_7
0.0044487505,0.002373407,-0.0011798202,-0.46800032,-0.16665904,-9.874928,95643036,2_7
0.015226814,0.011433751,-0.013519985,-0.609852,0.37159067,-9.577778,95647584,2_7
-0.009435113,-0.013537577,0.0020697005,-0.31018797,-0.4711044,-9.801603,95653539,2_7
0.012706735,0.025654368,0.0010473644,-0.635335,0.51136595,-9.680821,95658039,2_7
-0.015980918,-0.012347471,0.0037080015,-0.28040454,-0.31110576,-9.647639,95662588,2_7
-0.0026022787,-0.004544076,0.003282869,-0.55982316,-0.055732038,-9.857198,95667041,2_7
0.0140246535,0.016488764,-0.004732299,-0.44024986,0.24074185,-9.529955,95671542,2_7
-0.02488748,-0.021819195,-0.004088781,-0.32525048,-0.4631877,-9.876365,95676043,2_7
-0.006519709,0.002355908,-0.0013418685,-0.45736837,0.07696051,-9.626339,95686545,2_7
-0.0029053835,0.0053870496,0.00020006263,-0.5486512,0.244881,-9.755418,95695547,2_7
-0.029271541,-0.024117414,-0.00461985,-0.34214464,-0.57122695,-9.78627,95700094,2_7
0.0071412134,0.019222189,-0.00022301884,-0.64368737,0.61512595,-9.7422,95704548,2_7
-0.014023601,-0.019312609,0.0008337651,-0.3376417,-0.2428727,-9.6483,95710549,2_7
0.004258258,0.015363375,0.0038683205,-0.5494462,0.05161815,-9.8138275,95715097,2_7
0.00077892054,-0.0019794195,-0.0060369726,-0.47593716,0.2891616,-9.534482,95719552,2_7
-0.013237801,-0.0050308187,-0.0071566897,-0.34471536,-0.48430958,-9.8963585,95725552,2_7
0.013814366,0.015819216,0.0025641986,-0.6501426,0.61233765,-9.585459,95730100,2_7
-0.021947267,-0.014720168,0.0014004264,-0.25568733,-0.48715863,-9.815848,95734557,2_7
0.010043264,0.015409916,-0.0066781654,-0.65869117,0.23717086,-9.749025,95740555,2_7
-0.0136732785,-0.013425964,0.0003395178,-0.36763722,0.032024354,-9.570391,95745103,2_7
-0.007901587,-0.0011017907,-0.0018113068,-0.47706363,-0.2521326,-9.916207,95749585,2_7
0.012706179,0.019145763,-0.0012247689,-0.5705505,0.48074892,-9.501998,95754060,2_7
-0.02382352,-0.018674824,-0.003984041,-0.29000095,-0.5947729,-9.877886,95758562,2_7
0.010985862,0.012061378,-0.00024376437,-0.6728255,0.59211236,-9.642815,95763060,2_7
-0.008814615,-0.0002750384,-0.0014655631,-0.4132386,-0.25487667,-9.773628,95773561,2_7
-0.009033015,0.00010733907,-0.004946319,-0.44220856,0.031978462,-9.658938,95782611,2_7
0.00047291472,0.0098196,-0.0041675093,-0.67133087,0.3430779,-9.769806,95787064,2_7
-0.01434416,-0.0030868037,-0.0018161517,-0.33059472,0.016737893,-9.614555,95791565,2_7
-0.008003925,0.0020495916,0.0010591486,-0.48616704,-0.20761278,-9.940055,95797613,2_7
0.002923659,0.008487986,-0.0068330425,-0.5463704,0.59264153,-9.4851465,95802067,2_7
-0.023531996,-0.018830616,-0.008065492,-0.2999905,-0.60290235,-9.890018,95806568,2_7
0.015321726,0.012641124,-0.0043563,-0.61175656,0.6538946,-9.698095,95812616,2_7
-0.0058630775,-0.018546596,0.0030997328,-0.31214058,-0.329389,-9.724736,95817070,2_7
0.0128821945,0.0061116233,0.0013805913,-0.6294577,0.11404522,-9.853037,95821571,2_7
-0.0005938587,-0.0025755267,-0.0063516665,-0.42684397,0.21972494,-9.549758,95827621,2_7
0.0004673518,-0.00020390963,-0.0046704854,-0.38670298,-0.42747593,-9.905019,95832074,2_7
0.025242731,0.0129241925,0.0038345163,-0.64805233,0.67169416,-9.553891,95836612,2_7
-0.00566925,-0.009437311,-0.003256865,-0.2736621,-0.55239874,-9.856045,95841075,2_7
0.023426846,0.004655572,0.00029230324,-0.6605266,0.34580085,-9.725504,95845578,2_7
0.0059232647,-0.0005218558,0.00047720366,-0.32469314,-0.126178,-9.591017,95850123,2_7
0.007891546,-0.0043157083,-0.004256866,-0.5640927,0.18430836,-9.737701,95860578,2_7
-0.00013752886,-0.0035938001,-0.0009459805,-0.48690534,-0.21986687,-9.81901,95869580,2_7
0.00067894,0.0038509078,-0.0063230656,-0.4434146,0.27587935,-9.547678,95874081,2_7
-0.009207546,-0.0068104663,0.0028991657,-0.3490696,-0.5637815,-9.886663,95878582,2_7
0.0033180092,0.015691778,-0.0038277493,-0.62197316,0.6184501,-9.582068,95884583,2_7
-0.01880543,-0.01939116,-0.0046704295,-0.29939935,-0.53187084,-9.812958,95889084,2_7
0.0014291557,0.010569921,0.0012597481,-0.62603354,0.24465339,-9.757337,95893585,2_7
-0.022164851,-0.006491469,-0.0032330349,-0.3109275,-0.022598127,-9.589044,95899586,2_7
-0.0153910415,-0.004459615,-0.0034025526,-0.48915407,-0.24756697,-9.889295,95904087,2_7
-0.009291162,-0.0017512798,-0.007364378,-0.5442305,0.6008364,-9.528538,95908588,2_7
-0.026739664,-0.012369832,0.0034813348,-0.39681196,-0.6045891,-9.873664,95913088,2_7
-0.0017921064,0.015684452,0.004836018,-0.66751033,0.55002385,-9.631461,95917637,2_7
-0.022705842,0.005242269,-0.011280764,-0.242679,-0.29436955,-9.741977,95922090,2_7
-0.016126256,0.0036058747,-0.0004095849,-0.5377613,0.27850953,-9.705585,95932639,2_7
-0.011961784,0.0011106028,0.0034125869,-0.4740485,-0.12725483,-9.814849,95941594,2_7
-0.011739532,-0.005141176,-0.0030901677,-0.3414644,0.0956083,-9.639071,95946094,2_7
-0.01580546,-0.00037216293,-0.00074520457,-0.4202468,-0.32693258,-9.919022,95950596,2_7
0.0036792965,0.006918053,-0.0072363787,-0.554201,0.6438022,-9.533103,95956600,2_7
-0.018966248,-0.019539112,-0.002599411,-0.32514733,-0.61703116,-9.887633,95961097,2_7
0.01581921,0.01631925,0.0009901001,-0.6799255,0.5151506,-9.638588,95965602,2_7
-0.0013658615,-0.012503672,-0.0004572,-0.2625698,-0.18409093,-9.782455,95971600,2_7
0.018395295,0.013942185,-0.0017594055,-0.60937667,-0.051598664,-9.824736,95976101,2_7
0.00702315,0.0035730016,-0.007103926,-0.46424875,0.33966118,-9.568361,95980602,2_7
-0.000424593,1.9712426e-05,0.0040226183,-0.39553124,-0.574329,-9.924039,95986603,2_7
0.011383989,0.014836667,-0.005063361,-0.6023792,0.6699011,-9.565062,95991103,2_7
-0.021686815,-0.009528563,-0.0041376743,-0.21034604,-0.4872053,-9.817817,95995606,2_7
0.007816836,0.0060834647,-0.0014667307,-0.64858043,0.30299297,-9.757659,96001608,2_7
-0.0141027905,-0.015204162,-0.00060726044,-0.3218008,-0.04572215,-9.548927,96006107,2_7
-0.0067915954,-0.012934458,-0.0042402786,-0.5000616,-0.2502454,-9.815477,96010650,2_7
-0.00051632075,0.003668629,-0.0009324798,-0.5571124,0.56795555,-9.582897,96015155,2_7
-0.025942,-0.018947408,-0.00034295183,-0.38832286,-0.6137963,-9.904474,96019609,2_7
0.0077471244,0.021330027,-0.0038246117,-0.6782698,0.5846992,-9.585605,96024111,2_7
-0.0124605,0.0052800872,0.0017718071,-0.371158,-0.2272993,-9.82639,96034612,2_7
-0.006781434,-0.00041413217,-0.004674809,-0.39687216,0.029298706,-9.665654,96043614,2_7
0.00047703896,0.009254551,-0.0037790518,-0.6252547,0.18248631,-9.775624,96048115,2_7
-0.008382428,-0.017313024,-0.0026921574,-0.359021,0.093819186,-9.595796,96052662,2_7
-0.006594666,-0.0056043924,-0.005753924,-0.55097294,-0.37621343,-9.862555,96058619,2_7
-0.0031641664,-0.004735376,-0.0035611345,-0.55564886,0.63774556,-9.559778,96063117,2_7
-0.01648706,-0.015359283,-0.00088569755,-0.36120936,-0.63013625,-9.909448,96067665,2_7
0.009573374,0.012664123,-0.0031733415,-0.66566646,0.5250426,-9.624989,96073624,2_7
-0.010561378,-0.0036203316,0.004719878,-0.28120357,-0.24778512,-9.755743,96078123,2_7
0.0057958057,0.010657427,-0.002716003,-0.6116818,-0.1126778,-9.790596,96082668,2_7
0.00050094037,0.0012143361,-0.00685833,-0.4151692,0.4627053,-9.565961,96088623,2_7
-0.013860436,0.0025493938,-0.0023325232,-0.45134696,-0.6968438,-9.924952,96093124,2_7
0.007694049,0.0034684662,-0.004987414,-0.5347583,0.76429904,-9.533915,96097673,2_7
-0.018488612,-0.028922562,0.0030794283,-0.2569547,-0.57036686,-9.871065,96102125,2_7
-0.00013105052,0.0032141758,0.0027460803,-0.69712317,0.35472327,-9.721198,96106626,2_7
0.0044669965,-0.006568837,-0.012120111,-0.31973127,-0.017274648,-9.586836,96111127,2_7
-0.00449517,-0.0008234516,-0.0019955928,-0.5709534,0.15057673,-9.706631,96121630,2_7
-0.017402584,-0.0017663877,-0.0032174103,-0.45880628,-0.28773987,-9.8817625,96130631,2_7
-0.00034610514,0.0042105666,0.0055527817,-0.42332882,0.5165939,-9.560564,96135178,2_7
-0.025962116,-0.0042970157,0.0018978266,-0.4695156,-0.70311403,-9.918666,96139632,2_7
0.00079222023,0.013765877,-0.009002266,-0.6156452,0.69417655,-9.501471,96145633,2_7
-0.024539825,-0.016479157,-0.00048528815,-0.2621615,-0.44883645,-9.826496,96150181,2_7
0.004997533,0.008401672,-0.0055718874,-0.6380124,0.26921317,-9.747257,96154635,2_7
-0.007934304,-0.014794568,0.0017755087,-0.32325575,0.13771164,-9.615162,96160636,2_7
0.0052090073,8.458266e-05,-0.0026047158,-0.48749024,-0.3402,-9.905717,96165184,2_7
0.012559056,-0.0009045157,0.0016479333,-0.53917575,0.6395551,-9.565277,96169638,2_7
-0.0008519205,-0.008488733,-0.0033552088,-0.37843475,-0.6646899,-9.887436,96175640,2_7
0.02164165,0.01275572,-0.008759847,-0.70351315,0.5290317,-9.636171,96180187,2_7
-0.009252098,-0.011377144,-0.00079754577,-0.2769763,-0.33539546,-9.780049,96184644,2_7
0.00806848,0.0113057345,0.0013769262,-0.64272374,0.012827685,-9.75521,96190642,2_7
-0.0075565013,-0.013607238,0.0018741764,-0.34027058,0.4239173,-9.584992,96195189,2_7
0.00041148733,0.0024098682,0.0012932016,-0.46069744,-0.6633269,-9.917903,96199644,2_7
0.012549514,0.010521254,-0.009218478,-0.5482151,0.73287725,-9.488921,96204145,2_7
-0.010391132,-0.021846509,0.0033199291,-0.2891787,-0.52605706,-9.901807,96208645,2_7
0.019760245,0.0068041948,-0.002303464,-0.7029301,0.36368218,-9.616896,96213150,2_7
0.0027760873,0.0011113011,0.0007990029,-0.39739352,-0.27740175,-9.805507,96223648,2_7
0.0005662236,-0.0015162779,0.001231337,-0.4300837,0.1921847,-9.671814,96232697,2_7
-0.0072670667,0.008763509,-0.006989706,-0.6147498,-0.07669095,-9.812243,96237151,2_7
0.0015803939,-0.0053006425,-0.004240312,-0.40151665,0.4381045,-9.548776,96241652,2_7
-0.012779472,-0.0019478572,-0.0011235893,-0.4495412,-0.61376595,-9.932904,96247700,2_7
-0.008256702,0.0015277428,0.0035380132,-0.6041124,0.72194153,-9.591023,96252154,2_7
-0.026909573,-0.014033132,-0.0007540515,-0.30025253,-0.54111814,-9.882042,96256656,2_7
-0.0011852677,0.008997904,-0.00067880825,-0.72815734,0.23924197,-9.658229,96262703,2_7
-0.02463848,0.00227068,-0.007637816,-0.30015892,0.07947526,-9.673793,96267158,2_7
-0.012865117,0.010917726,-0.0006586181,-0.55176544,-0.30093625,-9.871778,96271658,2_7
-0.010075334,-6.816484e-05,0.006221844,-0.44528505,0.67952424,-9.575706,96277706,2_7
-0.010866772,-0.0028513,-0.0039454033,-0.37274182,-0.6670055,-9.937932,96282160,2_7
0.0031408176,0.005469923,0.0039953557,-0.67545396,0.5471445,-9.584312,96286661,2_7
-0.014268035,-0.023923319,-0.008532872,-0.24856022,-0.29324764,-9.771371,96291162,2_7
-0.0032969445,0.015581759,-0.008057611,-0.6416742,0.027920732,-9.74698,96297163,2_7
0.0047889706,-0.009835327,0.0029878742,-0.40990594,0.42654917,-9.63141,96301664,2_7
-0.009691919,0.0035760822,0.0019181069,-0.48892483,-0.5774166,-9.874529,96306165,2_7
0.0115734,0.0065422487,-0.0044650687,-0.5396465,0.6799891,-9.492779,96312165,2_7
0.0029225869,-0.0053321617,-0.00080388354,-0.29038015,-0.50047004,-9.928693,96316669,2_7
0.009981699,0.0031459553,-0.0035060432,-0.69832724,0.35687965,-9.668074,96321168,2_7
-0.0028804212,-0.010713071,-0.0023374355,-0.26426217,0.0005840697,-9.741127,96327169,2_7
0.009182509,0.0040895627,-1.5810143e-05,-0.65694326,-0.27637228,-9.870412,96331671,2_7
0.00080431317,-0.0042027803,-0.0031713722,-0.47354883,0.5524728,-9.593659,96336170,2_7
-0.004445251,0.0042782133,0.0025830823,-0.42662662,-0.6529624,-9.874125,96342172,2_7
0.0063556773,0.0028164655,-0.0041411896,-0.62485355,0.51919717,-9.548789,96346672,2_7
-0.016379805,-0.009200798,0.0015419361,-0.23877738,-0.4904242,-9.807394,96351173,2_7
0.0023713093,0.01072145,-0.009536846,-0.6037187,0.12077325,-9.714672,96357175,2_7
-0.015608495,-0.008722624,0.004420871,-0.31420356,0.3208817,-9.642511,96361675,2_7
-0.020198537,-0.0012769935,0.0014073865,-0.5180186,-0.5732724,-9.917193,96366191,2_7
-0.006694727,-0.0023486617,-0.0060478,-0.49584648,0.6274995,-9.513578,96370677,2_7
-0.025500577,-0.0047647753,0.00058583403,-0.33808464,-0.5143432,-9.912101,96375224,2_7
-0.0064380527,0.0041106488,-0.0011532105,-0.7066875,0.42470902,-9.62167,96379679,2_7
-0.0104893055,0.0016891106,-0.00280502,-0.39893478,-0.23903526,-9.769302,96390227,2_7
0.0052683167,0.010039429,0.0023542792,-0.5322146,0.68167484,-9.546935,96394683,2_7
-0.0044090026,-0.0060118386,-0.0011916049,-0.2827178,-0.5471636,-9.959854,96399185,2_7
0.0036425993,0.009223552,-0.005754923,-0.6780414,0.39717406,-9.61468,96405230,2_7
0.00835412,-0.0025026954,-0.0064758193,-0.22759067,-0.028824981,-9.6723995,96409700,2_7
0.0026234814,0.00032038952,-0.0036601713,-0.6240248,-0.13955404,-9.850703,96414185,2_7
0.01379938,-0.008027987,0.0031744465,-0.37242517,0.49983937,-9.583511,96420233,2_7
0.0020352656,-0.0066106888,-3.826963e-05,-0.48878005,-0.5776666,-9.924486,96424687,2_7
0.015058641,0.00818093,-0.0059406026,-0.6257698,0.6125959,-9.547652,96429188,2_7
-0.0016748504,-0.00635852,-0.0053906185,-0.28655,-0.49280104,-9.842012,96435236,2_7
0.00750756,0.012724707,-0.00834113,-0.66864717,0.14689524,-9.669785,96439690,2_7
0.0012097668,-0.0037649998,0.009529579,-0.28060073,0.22815292,-9.754663,96444191,2_7
-0.00044735475,0.010425899,0.00056584,-0.5792455,-0.51501167,-9.83724,96450240,2_7
-0.00554614,-0.0021389101,-0.00799168,-0.481792,0.61851543,-9.490703,96454695,2_7
-0.008266057,-0.0042584413,-0.0048127226,-0.35636398,-0.6293383,-9.934142,96459194,2_7
-0.0031588478,0.0016336188,-0.0034163403,-0.64441,0.45930046,-9.546044,96465242,2_7
-0.011778165,-0.015976602,0.0004955948,-0.24935283,-0.22472435,-9.763196,96469697,2_7
-0.005726577,0.00047795332,-0.0008812732,-0.62019193,-0.060497746,-9.812679,96474197,2_7
-0.012336602,-0.0107136695,-0.0020915603,-0.3967601,0.40045393,-9.626526,96480245,2_7
-0.017176295,0.0034284962,-9.331966e-05,-0.5089618,-0.6016138,-9.908592,96484699,2_7
-0.010959903,-0.0019484672,-0.014223789,-0.58521414,0.72672,-9.513958,96489200,2_7
-0.0039925417,-0.004720364,0.0058581545,-0.2936022,-0.44554475,-9.868281,96495248,2_7
-0.003133562,0.013130709,-0.001878751,-0.6511734,0.29755253,-9.627684,96499702,2_7
-0.005477244,-0.00938579,0.0020392581,-0.29967108,0.21687374,-9.757383,96504202,2_7
0.003057676,0.004194595,-0.0027225036,-0.6416052,-0.4209219,-9.831648,96508704,2_7
0.008996422,0.0010217761,-0.005836132,-0.39792484,0.59418404,-9.512439,96514705,2_7
0.0008076404,-0.0062391977,-0.0034659668,-0.36564872,-0.6049335,-9.968983,96519205,2_7
0.009125606,0.0079564825,0.0016863191,-0.631662,0.54610074,-9.5964155,96523707,2_7
0.0058874083,-0.009256384,0.0010002975,-0.26623562,-0.3074478,-9.774245,96529708,2_7
0.013895398,0.011062182,-0.0021144631,-0.6490109,-0.015002031,-9.736457,96534209,2_7
0.009456981,-0.013230155,-0.0016908157,-0.36134037,0.36458373,-9.643163,96538710,2_7
0.0058392454,-8.692626e-05,-0.0015652927,-0.5434479,-0.54817605,-9.878803,96544711,2_7
0.0074722003,-0.0056167743,0.0010021416,-0.54925823,0.5436525,-9.590254,96549211,2_7
0.0023728786,-0.00011478247,-0.006058565,-0.35191482,-0.54678833,-9.9417305,96553713,2_7
-0.0015668873,0.013616609,-0.0024356,-0.66088593,0.2313437,-9.596366,96559714,2_7
-0.0059505976,-0.0068392847,-0.0009434389,-0.24574599,0.055821516,-9.645312,96564215,2_7
-0.009238722,0.0077237017,0.007507581,-0.6162431,-0.35654062,-9.803258,96568715,2_7
-0.011375037,-0.0012454079,-0.008319943,-0.36967447,0.53466463,-9.599168,96574717,2_7
-0.020814044,0.0060386965,-0.0006420165,-0.45263347,-0.5477107,-9.959659,96579221,2_7
-0.0073421244,0.0019829774,-0.004230741,-0.6155307,0.5449831,-9.555787,96583742,2_7
-0.011827096,-0.006276706,0.00013725906,-0.270788,-0.38102022,-9.811115,96588219,2_7
-0.012611844,0.0064843753,4.5608456e-05,-0.6353004,0.10243538,-9.679945,96592771,2_7
-0.007802549,-0.0061826184,-0.0053970492,-0.31111014,0.31265453,-9.669861,96597221,2_7
-0.0006969131,0.0036598826,-0.002841895,-0.57381904,0.055920176,-9.765246,96607769,2_7
-0.0037158364,0.0011622788,0.0005392136,-0.44993573,-0.2331215,-9.799194,96616726,2_7
0.0061588692,0.0036524246,0.00085305463,-0.4288884,0.5988711,-9.556549,96621225,2_7
0.0018281812,-0.0018692027,-0.0027244803,-0.4116938,-0.52003574,-9.971114,96625727,2_7
0.003976635,0.00764911,-0.0028730158,-0.6543482,0.42298988,-9.588797,96631728,2_7
-0.00086732337,-0.007890434,-0.0051205666,-0.23520723,-0.22961162,-9.785351,96636228,2_7
0.00063564413,0.010008835,-0.0017095567,-0.67025024,-0.06118197,-9.792508,96640729,2_7
-0.0038883765,-0.006881774,-0.0035297961,-0.2754729,0.40497226,-9.625607,96646730,2_7
0.004814463,0.0017137025,0.0029600412,-0.5472084,-0.47744614,-9.912249,96651231,2_7
-0.002549721,-0.0006044854,-0.002893568,-0.5393696,0.6431003,-9.496536,96655738,2_7
-0.0032375685,-0.0043682014,-0.001352853,-0.32347435,-0.5156719,-9.852405,96661735,2_7
-0.0038404674,-0.001879484,-0.0068170363,-0.65410376,0.18632591,-9.604378,96666234,2_7
-0.0012349825,-0.014590694,0.0038103801,-0.2711611,0.21528569,-9.753234,96670756,2_7
0.0048464956,0.01706444,0.006272379,-0.6322109,-0.35317048,-9.835286,96675286,2_7
0.0014961007,0.004412795,-0.0054235994,-0.4134088,0.52757293,-9.532767,96679737,2_7
-0.0022894077,-0.0033443493,-0.0012947615,-0.38194388,-0.49135312,-9.905864,96684238,2_7
0.006409483,0.0013771036,-0.0023753617,-0.4240471,0.28846946,-9.659165,96694740,2_7
0.0010899253,0.0035957515,-0.004555287,-0.53006434,0.07709344,-9.713301,96703741,2_7
0.005481363,-0.008037515,-0.00069764425,-0.29934266,-0.44601983,-9.792454,96708242,2_7
0.008472236,0.0036205128,-0.0014628723,-0.7170526,0.16663066,-9.681864,96712790,2_7
-0.0011263008,-0.005718877,-0.0006971044,-0.26384455,0.18384007,-9.736585,96718744,2_7
-0.0030933039,0.0068515358,-0.0053799753,-0.6294568,-0.40362543,-9.821233,96723248,2_7
0.0013261567,-0.009719581,0.0013712739,-0.43291956,0.52854997,-9.5802355,96727793,2_7
-0.0047679,-0.0014349613,-0.0008002041,-0.41341916,-0.58031386,-9.904497,96733747,2_7
-0.0042012446,-0.009713102,0.0046931873,-0.6031929,0.37466994,-9.531214,96738249,2_7
-0.0107583925,-0.009578814,-0.002405373,-0.26981756,-0.16761105,-9.89211,96742796,2_7
-0.007739683,0.0050322143,-0.0014243014,-0.72294384,-0.15448992,-9.715484,96748750,2_7
-0.017786335,0.00039489928,-0.002812651,-0.3334565,0.37601027,-9.62694,96753251,2_7
-0.019445667,0.0035819258,0.0018682434,-0.5428756,-0.51110417,-9.838181,96757798,2_7
-0.021461038,0.0059491084,-0.0013420071,-0.53326136,0.5753038,-9.57018,96762254,2_7
-0.021796573,-0.0011854185,-0.002207087,-0.2987873,-0.542308,-9.807459,96766753,2_7
-0.026540603,0.0042146267,-0.0033875895,-0.6550688,0.3209171,-9.68202,96771255,2_7
-0.019092575,-0.002880705,-0.0028753486,-0.40830255,-0.13870431,-9.840787,96781757,2_7
-0.008340678,-0.008492751,-0.0015902049,-0.39939606,0.2357836,-9.662776,96790761,2_7
0.0021526015,0.016230881,0.00042885888,-0.7149079,-0.17539898,-9.77584,96795306,2_7
-0.0031704854,-0.0024848313,-0.00778434,-0.3336567,0.44090807,-9.604476,96799760,2_7
0.00874411,0.000736154,0.0023886135,-0.51215225,-0.45347175,-9.912675,96805763,2_7
0.00964491,-0.0026229618,-0.0019903688,-0.49629867,0.5395953,-9.523798,96810308,2_7
0.018768368,0.00017415041,0.00034725427,-0.30822513,-0.39371103,-9.877847,96814763,2_7
0.011376077,0.0049564103,-0.001973721,-0.7275957,0.19055945,-9.685376,96820764,2_7
0.010826785,-0.00815849,-0.0037823496,-0.2195983,0.13010433,-9.730979,96825313,2_7
0.015365146,0.002291467,-0.00048675397,-0.69044995,-0.33010498,-9.795132,96829766,2_7
0.015407846,-0.0027237043,-0.0030174463,-0.38084766,0.46113738,-9.608633,96835767,2_7
0.0023749745,-0.0036655143,0.00380549,-0.44266143,-0.5258758,-9.91641,96840314,2_7
0.005767685,-0.0016103163,-0.004687173,-0.60148996,0.3872367,-9.562947,96844791,2_7
0.0056673884,-0.011131326,-0.0074968305,-0.30708227,-0.21229064,-9.8295965,96849270,2_7
-0.0049332054,0.0019734143,0.0050483774,-0.7879953,-0.07324292,-9.680791,96853770,2_7
-0.0150516145,0.004117908,-0.0006856144,-0.28021806,0.2315501,-9.65119,96858271,2_7
-0.022078084,-0.00020222907,-0.0011449847,-0.55006254,-0.04355357,-9.706309,96868773,2_7
-0.022594819,0.0043485207,-0.003371778,-0.47281018,-0.16798429,-9.852179,96877822,2_7
-0.014612036,-0.0007280299,-0.0059277685,-0.37802374,0.5453806,-9.572077,96882276,2_7
-0.015368916,0.0043467595,-0.00014352486,-0.41102535,-0.5092579,-9.833824,96886777,2_7
-0.019233966,-0.0052034366,0.0005865761,-0.56593597,0.4425048,-9.541924,96892825,2_7
-0.009269,-0.008822767,-0.005708902,-0.24220861,-0.13328561,-9.884363,96897279,2_7
-0.0057043787,0.0030221236,-0.006338815,-0.7435027,-0.06590508,-9.672412,96901780,2_7
-0.00050758966,-0.008382385,3.1144813e-05,-0.24846707,0.32388902,-9.67494,96907828,2_7
0.0022966992,0.01084942,0.0030120446,-0.5766512,-0.33555278,-9.955348,96912282,2_7
0.005771565,-0.010588229,-0.00034858307,-0.4340826,0.41895407,-9.535761,96916784,2_7
0.0059059486,0.0054194625,-0.0066709374,-0.31495973,-0.33400363,-9.871269,96922830,2_7
-2.296736e-05,0.004576921,-0.0073694517,-0.73096323,0.1730564,-9.60828,96927285,2_7
0.009952036,0.0005423907,-6.0299117e-05,-0.13124143,0.07756626,-9.80749,96931805,2_7
-0.0038565726,0.008137837,0.0019790635,-0.738644,-0.23014331,-9.747159,96936287,2_7
0.0010487208,-0.0028377199,-0.0038191956,-0.26303568,0.40659067,-9.627854,96940787,2_7
0.004423455,-0.009032189,-0.0023671587,-0.51800174,-0.4711766,-9.821808,96945335,2_7
-0.0018693431,-0.0004835925,-0.004044257,-0.4036314,0.17493513,-9.715931,96955791,2_7
-0.016384032,-0.0031472442,0.0017034442,-0.58482045,0.058790382,-9.651681,96964794,2_7
-0.007039643,0.0068980986,-0.0031605456,-0.3170247,-0.24341936,-9.919308,96969293,2_7
-0.006029931,0.0057606823,-0.0069424356,-0.7266819,0.13911447,-9.559099,96973794,2_7
-0.0074172826,-0.007843898,-0.003682329,-0.21032932,0.12978859,-9.817485,96979797,2_7
-0.004568609,0.0027746486,-0.0038260177,-0.6967282,-0.16603474,-9.805666,96984296,2_7
0.0020904166,-0.007859922,0.0023139575,-0.3118385,0.34033817,-9.597114,96988797,2_7
0.010461657,0.005437711,-0.005656779,-0.5135106,-0.42584646,-9.828839,96994798,2_7
0.0046922145,-0.0008925389,-0.0038645759,-0.5854914,0.40372416,-9.581485,96999299,2_7
0.014751384,0.0011447346,0.0019258681,-0.2478393,-0.17554967,-9.87974,97003800,2_7
-0.004678726,-0.0001314135,0.002474638,-0.78948873,-0.007688067,-9.639194,97009801,2_7
-0.008397396,-0.0037304757,-0.0049249595,-0.2259415,0.20364423,-9.752734,97014301,2_7
-0.00014358258,0.0033487752,-0.00019626223,-0.69553614,-0.3364016,-9.7960005,97018826,2_7
-0.00031590313,-0.00092658994,-0.0026956801,-0.4044581,0.39335534,-9.586634,97023303,2_7
-0.0068142605,0.0011585394,-0.005193224,-0.3589358,-0.24967927,-9.912612,97027851,2_7
0.0043753823,0.011224431,0.00294773,-0.68861514,0.21576151,-9.5756645,97032305,2_7
-0.005368412,-0.00067985745,-0.0035048742,-0.38457495,-0.15876128,-9.772987,97042854,2_7
-0.004864546,0.0019008284,-0.006377346,-0.36382204,0.12437378,-9.7046585,97051811,2_7
-0.0019738064,0.0057351436,0.006408139,-0.7843955,-0.062677555,-9.652721,97056310,2_7
-0.0062749847,-0.01581546,-0.007877567,-0.2508753,0.30403906,-9.718603,97060811,2_7
0.004192697,0.0023123955,0.0008590781,-0.6120555,-0.39010552,-9.815895,97066812,2_7
0.0034796945,-0.009018473,-0.0019223978,-0.4207274,0.49709183,-9.5797415,97071312,2_7
0.0043250904,-0.00026206183,0.0044936114,-0.3428541,-0.31378722,-9.954569,97075815,2_7
-0.00035744367,0.0039126677,-0.0042439294,-0.75427896,0.16490676,-9.521274,97081814,2_7
0.006790827,-0.005762297,-0.0025397101,-0.20593002,0.06847274,-9.786749,97086315,2_7
0.00039238782,0.0067466088,-0.0050544534,-0.73792887,-0.16366611,-9.750692,97090816,2_7
0.0050501986,-0.004425545,-0.0062010325,-0.2743804,0.35834646,-9.631632,97096822,2_7
0.0016821511,0.010301139,0.0031470591,-0.47300604,-0.38040385,-9.854182,97101318,2_7
-0.007328493,0.0012231413,-0.0044564838,-0.6093173,0.34798473,-9.556529,97105846,2_7
0.0023600026,-0.0047703627,-0.0061735115,-0.21719822,-0.18041039,-9.902842,97110367,2_7
0.00023283505,0.0032184713,0.00075634714,-0.7731153,0.03511497,-9.616464,97114821,2_7
-0.0033190243,-0.008010757,-0.006765873,-0.23631433,0.22886886,-9.7536745,97119322,2_7
-0.015556531,0.00024644556,0.0017474752,-0.61970603,-0.017106462,-9.725932,97129825,2_7
-0.007257777,0.0011558089,-0.004322851,-0.47487745,-0.10229525,-9.798127,97138827,2_7
-0.0018702528,-0.0066365404,-0.005580483,-0.31419012,0.33162954,-9.603012,97143330,2_7
-0.004952619,0.0093787005,0.0054786066,-0.47463277,-0.29110622,-9.86354,97147874,2_7
-0.005629663,-0.009959942,-0.00033432752,-0.62569904,0.31082067,-9.561631,97153829,2_7
-0.005451397,0.0034603674,0.00047110883,-0.17897424,-0.1773775,-9.867995,97158329,2_7
-0.0079514235,0.0038476484,-0.007190344,-0.7827128,0.05469992,-9.65567,97162878,2_7
-0.0060215234,-0.008862904,0.00025243766,-0.19251116,0.21861954,-9.738458,97168832,2_7
-0.009615382,0.011868087,0.0048873206,-0.64505357,-0.33371288,-9.783775,97173332,2_7
-0.0067654103,-0.004738304,0.0023576778,-0.38910687,0.40000483,-9.638515,97177880,2_7
-0.00093823223,0.00037356504,-0.0037319276,-0.3684493,-0.25144875,-9.923468,97183836,2_7
0.0011301708,0.0052696886,-0.004828942,-0.7098907,0.24929035,-9.548484,97188338,2_7
-0.0116184,-0.0059995013,0.0015958096,-0.1891726,-0.04594155,-9.832189,97192882,2_7
0.008306468,0.0025994203,0.0052840034,-0.7752512,-0.00019484034,-9.74302,97197337,2_7
0.0056211995,-0.011557166,0.0014857537,-0.23287524,0.21909595,-9.66452,97201839,2_7
0.014249145,0.006611761,-0.0022814532,-0.54718876,-0.30292165,-9.805012,97206339,2_7
0.0018874934,-0.004169906,-0.0048662894,-0.38781825,0.12448135,-9.683764,97216841,2_7
0.001005793,-0.0011585685,0.0023725687,-0.5591986,0.12228933,-9.669147,97225843,2_7
0.011109076,0.009629048,-0.010589962,-0.34049606,-0.33544675,-9.864361,97230390,2_7
0.0032328938,-0.0008415537,0.0033853992,-0.71346277,0.22899638,-9.5625925,97234844,2_7
-0.004506272,-0.00499006,-0.007680623,-0.15128027,-0.13751617,-9.8295,97240848,2_7
-0.0097913975,-0.0021627697,0.0051657083,-0.7994295,-0.045972086,-9.7002535,97245393,2_7
-0.010387633,-0.00365877,-0.00039755908,-0.23924458,0.19008556,-9.6540365,97249847,2_7
-0.009872983,0.009370056,-0.0022145223,-0.565932,-0.22760104,-9.846328,97255848,2_7
-0.015951347,-0.007935827,0.0032391902,-0.52328265,0.19912033,-9.567744,97260396,2_7
-0.0116751725,0.013764041,-0.0033417637,-0.24340005,-0.16832696,-9.878072,97264850,2_7
-0.021625564,0.0029424857,-0.004922761,-0.77796334,0.1291207,-9.629845,97270852,2_7
-0.01208255,-0.0074684164,-0.0013055719,-0.23181215,0.045666013,-9.719177,97275399,2_7
-0.00946109,0.010876324,-0.0040235342,-0.6255818,-0.23534575,-9.475241,97279854,2_7
