timestamp,timestamp_sample,xyz[0],xyz[1],xyz[2]
64160942,64160886,-0.24284989,0.2732197,-9.783486
64166011,64165953,-0.2533697,0.28702855,-9.793541
64210713,64210657,-0.26157692,0.27502772,-9.801269
64260533,64260475,-0.27687094,0.2768029,-9.812812
64310255,64310198,-0.27384,0.27703673,-9.811446
64360033,64359972,-0.269526,0.25396422,-9.804452
64409803,64409745,-0.2957962,0.29988515,-9.782907
64459576,64459514,-0.26988232,0.14559828,-9.858198
64509345,64509285,-0.29064414,0.13473953,-9.792173
64559114,64559057,-0.2991444,0.27951556,-9.801766
64608887,64608826,-0.31236956,0.26913777,-9.765364
64658662,64658601,-0.29103962,0.29788136,-9.765499
64708424,64708366,-0.23871319,0.31901202,-9.7985115
64758190,64758132,-0.2502116,0.15011138,-9.84219
64807957,64807902,-0.31164038,0.1808911,-9.808757
64857730,64857669,-0.2989583,0.31147078,-9.796317
64907496,64907440,-0.2598671,0.26053292,-9.806573
64962239,64962183,-0.29455587,0.22736217,-9.7870035
65012000,65011947,-0.22689334,0.24150315,-9.840447
65056797,65056736,-0.2799603,0.25805333,-9.793179
65111535,65111480,-0.31905866,0.20185183,-9.755104
65161302,65161246,-0.23594789,0.2697475,-9.797786
65211066,65211011,-0.31307244,0.19831139,-9.837492
65260831,65260775,-0.3142444,0.3160151,-9.799951
65310595,65310539,-0.27758217,0.2658274,-9.751145
65360360,65360306,-0.26260376,0.16561784,-9.804244
65410127,65410072,-0.3030542,0.24404106,-9.851279
65459896,65459842,-0.31432173,0.2961732,-9.76301
65509661,65509607,-0.27585688,0.2757843,-9.794287
65559427,65559373,-0.25335398,0.14475872,-9.84606
65609195,65609137,-0.31141934,0.20945048,-9.831207
65658960,65658902,-0.2745746,0.31239137,-9.730732
65708721,65708667,-0.25330657,0.27489278,-9.759617
65758490,65758434,-0.23396611,0.12751146,-9.8255205
65808256,65808202,-0.34511754,0.23464665,-9.790335
65858033,65857969,-0.30079916,0.3022171,-9.72515
65907806,65907733,-0.2520939,0.22995992,-9.810988
65962531,65962474,-0.30459446,0.3145684,-9.780785
66007323,66007265,-0.3243021,0.29943088,-9.783935
66062065,66062007,-0.22208111,0.1069565,-9.837013
66111824,66111770,-0.33697513,0.26153177,-9.7979355
66161587,66161532,-0.29650998,0.3246158,-9.774958
66211353,66211295,-0.26193422,0.2376233,-9.821845
66261123,66261059,-0.2668095,0.111105144,-9.816965
66310876,66310822,-0.30111048,0.30113673,-9.78738
66360644,66360587,-0.32452744,0.27805084,-9.750997
66410405,66410351,-0.21859999,0.15523365,-9.800115
66460167,66460112,-0.24849862,0.20931299,-9.798958
66509931,66509877,-0.335354,0.2815743,-9.765782
66559691,66559635,-0.29090416,0.28000468,-9.778481
66609451,66609396,-0.25793353,0.19262657,-9.810843
66659215,66659160,-0.26946798,0.20485973,-9.793163
66708977,66708923,-0.27370933,0.3289058,-9.770789
66758741,66758688,-0.30814493,0.15072687,-9.784949
66808506,66808449,-0.26313215,0.20670429,-9.812951
66858266,66858209,-0.26272836,0.28801128,-9.772224
66908028,66907973,-0.29654723,0.26742265,-9.7534075
66957791,66957735,-0.30631724,0.20708229,-9.813579
67007552,67007496,-0.29995775,0.229606,-9.821917
67057310,67057256,-0.24596554,0.3079873,-9.748891
67112047,67111993,-0.32319203,0.1991629,-9.798794
67156834,67156779,-0.31430617,0.14150442,-9.840598
67211576,67211518,-0.26360872,0.26325303,-9.794898
67261331,67261277,-0.31740832,0.11097557,-9.828103
67311092,67311035,-0.32670707,0.2618919,-9.818212
67360858,67360802,-0.26236507,0.27872983,-9.769408
67410617,67410561,-0.19417073,0.26674998,-9.792919
67460374,67460320,-0.3124056,0.13024004,-9.818887
67510138,67510081,-0.35968503,0.25928843,-9.762726
67559894,67559839,-0.2833766,0.28100416,-9.786732
67609652,67609595,-0.2225694,0.25200215,-9.81967
67659409,67659353,-0.29766405,0.16674656,-9.854494
67709171,67709115,-0.30927265,0.23458415,-9.77183
67758929,67758872,-0.28366432,0.2802875,-9.788616
67808690,67808636,-0.22775893,0.23943032,-9.819035
67858451,67858396,-0.33248252,0.19358642,-9.804281
67908212,67908158,-0.3268053,0.26732388,-9.745328
67957974,67957919,-0.24128883,0.14275137,-9.79666
68007738,68007680,-0.2489597,0.2881688,-9.8305235
68062490,68062435,-0.27582604,0.18566653,-9.796285
68107254,68107199,-0.31289655,0.23596762,-9.786167
68157018,68156962,-0.26462498,0.22278436,-9.808445
68211757,68211695,-0.3218982,0.2570639,-9.760131
68261509,68261455,-0.25377738,0.16815422,-9.798132
68311268,68311214,-0.24757779,0.17510337,-9.79843
68361081,68361024,-0.33126053,0.33184594,-9.795967
68410797,68410735,-0.28321856,0.19386937,-9.72495
68460554,68460498,-0.21784954,0.22556302,-9.768733
68510312,68510258,-0.27665606,0.16623308,-9.815433
68560076,68560021,-0.2803549,0.35426793,-9.7346945
68609839,68609784,-0.29212338,0.1585575,-9.811872
68659640,68659583,-0.24489287,0.16468884,-9.813927
68709361,68709307,-0.25610712,0.28268188,-9.79305
68759126,68759066,-0.30917865,0.3964815,-9.7744055
68808879,68808825,-0.2512985,0.31509146,-9.750356
68858647,68858587,-0.2579708,0.15451445,-9.807899
68908401,68908347,-0.29864845,0.3196203,-9.788823
68958261,68958207,-0.2771241,0.23559868,-9.777897
69007917,69007860,-0.24834773,0.13398667,-9.803862
69057671,69057614,-0.24322419,0.1986598,-9.793249
69107428,69107372,-0.2867339,0.32145604,-9.786279
69162268,69162209,-0.21819784,0.21666472,-9.817285
69211913,69211859,-0.26209623,0.28554875,-9.8309145
69261673,69261616,-0.2853673,0.3467602,-9.761932
69311426,69311372,-0.19705118,0.19191884,-9.807576
69361179,69361124,-0.24330327,0.17752013,-9.810146
69410935,69410877,-0.21390304,0.22928238,-9.815867
69460683,69460625,-0.21396832,0.14171463,-9.7913475
69510429,69510375,-0.25992456,0.1433961,-9.807531
69560186,69560128,-0.16644967,0.1695538,-9.775926
69609939,69609882,-0.2015045,0.25615108,-9.834913
69659693,69659634,-0.17814726,0.06350217,-9.743046
69709443,69709386,-0.2545607,0.11622669,-9.802219
69759192,69759138,-0.17990947,0.10571171,-9.745287
69808945,69808890,-0.2352303,0.048480008,-9.751893
69858702,69858647,-0.16213822,0.14869833,-9.53992
69908447,69908392,-0.21402395,-0.047612235,-9.758053
69958197,69958142,-0.15936488,0.20801356,-9.752822
70007950,70007893,-0.19901818,0.07929136,-9.83499
70057702,70057643,-0.098240875,0.075953744,-9.92888
70107491,70107437,-0.15699868,0.22887067,-9.782108
70157196,70157140,-0.11522893,-0.09730723,-9.790327
70211916,70211861,0.04755397,-0.03256486,-9.719934
70261665,70261607,0.0020636653,-0.10099344,-9.914117
70311424,70311353,0.21692005,-0.08037079,-9.776174
70361155,70361099,0.3920041,-0.1585876,-9.709852
70410901,70410844,0.45559916,-0.42638832,-10.008674
70460645,70460589,0.35451302,-0.15234685,-9.719659
70510395,70510339,0.17320141,-0.09616657,-10.226103
70560143,70560086,0.24613808,0.15764692,-10.405499
70609888,70609832,0.22991824,0.10680491,-10.672514
70659633,70659576,0.2271616,0.23246944,-10.535426
70709376,70709321,0.13722873,0.28851366,-10.350638
70759127,70759067,-0.017134303,0.23700319,-10.443211
70808874,70808817,0.11000806,0.16380763,-10.362101
70858621,70858565,0.07899742,0.109362036,-10.247941
70908371,70908307,0.0031693315,0.146281,-10.792087
70958190,70958133,0.22263084,0.20641832,-10.103842
71007851,71007795,0.106425,0.20827837,-10.365951
71057592,71057539,0.10687202,0.2291599,-10.432044
71107336,71107282,0.13070117,0.22626612,-10.056748
71157085,71157026,0.18484145,0.33581123,-9.7266035
71211803,71211749,0.12200952,0.22248463,-9.5315895
71261548,71261492,0.15188505,0.2986853,-9.405666
71311296,71311238,0.15511903,0.25718552,-9.470774
71361038,71360984,0.18875632,0.24442312,-9.455625
71410787,71410732,0.15537344,0.15969788,-9.545403
71460534,71460480,0.13521926,0.30288607,-9.495093
71510318,71510261,0.19899373,0.15583846,-9.483012
71560036,71559980,0.118677594,0.19623277,-9.574777
71609784,71609728,0.16233043,0.25828826,-9.45837
71659528,71659473,0.14733078,0.26188532,-9.517997
71709278,71709219,0.14668027,0.22652042,-9.650936
71759023,71758968,0.18338306,0.26396257,-9.657368
71808793,71808722,0.14344318,0.2529894,-9.752798
71858530,71858472,0.19093877,0.29367605,-9.748154
71908282,71908223,0.14827,0.2585827,-9.701209
71958027,71957973,0.17275313,0.2320827,-9.730953
72007773,72007718,0.15526085,0.21033213,-9.776509
72062494,72062441,0.17919049,0.26223812,-9.778083
72107271,72107216,0.1754862,0.24972244,-9.829591
72157021,72156963,0.17572436,0.23154612,-9.803839
72211742,72211688,0.18673904,0.3116056,-9.885432
72261494,72261439,0.1865804,0.30165786,-9.780368
72311244,72311189,0.109009646,0.22325192,-9.930654
72361008,72360952,0.16648643,0.31557435,-9.816513
72410748,72410690,0.13273174,0.2719369,-9.871212
72460492,72460438,0.20599805,0.33043265,-9.876066
72510239,72510183,0.19207498,0.27875116,-9.864759
72559987,72559930,0.16573264,0.29415065,-9.830544
72609732,72609676,0.17796224,0.17390016,-9.77467
72659579,72659524,0.18238303,0.21353512,-9.878404
72709245,72709176,0.17443305,0.30105662,-9.779498
72758979,72758925,0.14966574,0.25891626,-9.673997
72808735,72808677,0.13333616,0.2044255,-9.791782
72858482,72858427,0.14831004,0.19501151,-9.748491
72908233,72908179,0.16634394,0.26248178,-9.783263
72958013,72957930,0.12664531,0.223727,-9.783634
73007733,73007676,0.14340204,0.17361684,-9.825385
73062454,73062399,0.120560795,0.24199256,-9.727766
73107229,73107171,0.20299207,0.2801355,-9.727209
73156977,73156920,0.15808745,0.2618813,-9.776813
73211752,73211693,0.16867667,0.2665969,-9.627614
73261446,73261389,0.17180306,0.28281456,-9.728502
73311193,73311138,0.13664621,0.2655915,-9.638859
73360939,73360884,0.13929416,0.26141027,-9.718573
73410688,73410633,0.16774078,0.289709,-9.564738
73460436,73460379,0.11126898,0.231073,-9.724081
73510277,73510221,0.13504471,0.20178601,-9.713711
73559924,73559871,0.14882924,0.28152108,-9.738568
73609668,73609612,0.12044002,0.17102,-9.802857
73659417,73659359,0.15499476,0.16875535,-9.760911
73709161,73709105,0.16412906,0.30089554,-9.779126
73758907,73758851,0.15195987,0.11253846,-9.733605
73808652,73808596,0.13879187,0.3058397,-9.637122
73858393,73858340,0.14547825,0.2550181,-9.7890215
73908141,73908085,0.16089205,0.3270909,-9.743586
73957886,73957828,0.13665932,0.20587353,-9.799263
74007636,74007576,0.1667751,0.17550804,-9.78738
74062393,74062338,0.12811206,0.28753668,-9.720102
74112111,74112052,0.13726921,0.2585638,-9.770319
74156968,74156910,0.13875386,0.19742492,-9.798809
74211601,74211544,0.14469385,0.36046815,-9.73238
74261344,74261291,0.14895757,0.26942062,-9.8010645
74311090,74311036,0.18641134,0.271273,-9.760565
74360867,74360782,0.1479087,0.281639,-9.833521
74410579,74410525,0.16132995,0.3101779,-9.725642
74460323,74460269,0.1279342,0.20786121,-9.751882
74510072,74510014,0.08352779,0.17351185,-9.785231
74559810,74559754,0.12850201,0.2757746,-9.660721
74609553,74609499,0.15381065,0.19838315,-9.748221
74659301,74659244,0.12824781,0.25126126,-9.880559
74709043,74708990,0.1564731,0.19423534,-9.734528
74758790,74758736,0.17939201,0.21672833,-9.670391
74808535,74808481,0.17146824,0.27254754,-9.753777
74858279,74858225,0.19022517,0.25081745,-9.72067
74908026,74907971,0.1585392,0.20184931,-9.758023
74962754,74962694,0.14986652,0.14182197,-9.706158
75007600,75007547,0.1988712,0.2517619,-9.698949
75062242,75062184,0.14254135,0.2706424,-9.784084
75111982,75111928,0.17321448,0.2265008,-9.820731
75161728,75161669,0.15393393,0.12050269,-9.823697
75211473,75211417,0.15144444,0.12330591,-9.821465
75261215,75261158,0.13106036,0.16082291,-9.716009
75310958,75310902,0.19351539,0.3068467,-9.668579
75360697,75360641,0.1463363,0.20616709,-9.817857
75410439,75410383,0.16552076,0.21248072,-9.839014
75460182,75460124,0.13759394,0.24722467,-9.797739
75509922,75509863,0.15676107,0.20839782,-9.742795
75559672,75559601,0.1949912,0.21642923,-9.777275
75609393,75609338,0.13943039,0.07138522,-9.752602
75659132,75659073,0.16322842,0.2899008,-9.833058
75708868,75708812,0.13875262,0.36094928,-9.832729
75758611,75758551,0.18419965,0.07629102,-9.762789
75808344,75808289,0.16843992,0.016751561,-9.811035
75858085,75858028,0.14407684,0.2213603,-9.796207
75907825,75907770,0.1612041,0.05543844,-9.711399
75957564,75957507,0.15925659,0.12152892,-9.783004
76007297,76007242,0.16126859,0.20935291,-9.82192
76062007,76061953,0.11461232,0.15957265,-9.867808
76111848,76111790,0.14350976,0.20191622,-9.671631
76161485,76161432,0.12349113,0.14603148,-9.816698
76211222,76211168,0.1893931,0.18153647,-9.768186
76260960,76260903,0.19444624,0.22217879,-9.70983
76310696,76310641,0.12916547,0.2608593,-9.790461
76360429,76360375,0.12822704,0.24030961,-9.786812
76410163,76410109,0.13372277,0.3149974,-9.8363495
76459965,76459908,0.14589949,0.19247055,-9.819839
76509636,76509577,0.14255485,0.13007496,-9.882164
76559375,76559313,0.13457243,0.17129223,-9.817028
76609098,76609044,0.17441508,0.16929841,-9.771642
76658829,76658773,0.1343038,0.2611934,-9.754787
76708559,76708505,0.15639336,0.18682879,-9.745934
76758293,76758237,0.17876343,0.18520385,-9.714939
76808019,76807965,0.10222398,0.14226986,-9.7368145
76857755,76857695,0.12716386,0.16165182,-9.726911
76907481,76907424,0.19283909,0.0618161,-9.586704
76962180,76962124,0.1681017,0.19187257,-9.901191
77011919,77011852,0.17499797,0.13249359,-9.743446
77061633,77061577,0.15540242,0.19426842,-9.799999
77111359,77111301,0.09339452,0.21009251,-9.792623
77161083,77161027,0.14912744,0.30098438,-9.839097
77210813,77210757,0.15776215,0.1575891,-9.871245
77260544,77260489,0.14271404,0.0756078,-9.798332
77310268,77310213,0.13513291,0.17846422,-9.7221
77360009,77359935,0.14660239,0.23920482,-9.854431
77409714,77409658,0.11841077,0.16943148,-9.784064
77459439,77459383,0.087107494,0.09750618,-9.8676405
77509159,77509105,0.17671956,0.15382089,-9.854055
77558888,77558830,0.12577157,0.1426453,-9.747191
77608612,77608556,0.16566312,0.19975024,-9.753666
77658334,77658278,0.101204365,0.22683223,-10.023785
77708071,77708001,0.18562034,0.14070208,-9.73263
77757778,77757724,0.08656931,0.08650243,-10.002023
77807505,77807448,0.17023647,0.20981175,-9.788867
77862200,77862144,0.16018628,-0.002184642,-9.718768
77911922,77911867,0.14966302,0.118484706,-9.884663
77961719,77961663,0.16702455,0.16820683,-9.803715
78011376,78011317,0.16021933,0.2102236,-9.814336
78061099,78061041,0.15245956,0.21802644,-9.842688
78110824,78110765,0.14750117,0.19347048,-9.762552
78160548,78160491,0.1765966,0.16542111,-9.821961
78210276,78210218,0.22202408,0.122245505,-9.803418
78260000,78259942,0.20424275,0.18261516,-9.5433655
78309798,78309740,0.1393647,0.17150626,-9.701081
78359440,78359385,0.13249211,0.03185467,-9.747168
78409166,78409107,0.11541546,0.2244906,-9.615265
78458892,78458832,0.20437092,0.17610282,-9.718533
78508605,78508551,0.16045544,0.13714473,-9.629369
78558327,78558272,0.14715798,0.2053801,-9.7774725
78608051,78607996,0.14876936,0.18092191,-9.797023
78657787,78657720,0.13260117,0.25119442,-9.8953905
78707495,78707438,0.11232179,0.13041967,-9.866244
78762188,78762133,0.09346464,0.2322374,-9.842931
78811905,78811851,0.0924681,0.22497422,-9.876738
78861624,78861568,0.10961972,0.24473323,-9.866108
78911409,78911352,0.11080415,0.17431982,-9.799836
78961060,78961002,0.077194184,0.23606583,-9.902897
79010775,79010717,0.11764169,0.1967536,-9.763022
79060492,79060438,0.11260476,0.22406916,-9.771353
79110212,79110158,0.13346441,0.22375628,-9.871429
79159947,79159878,0.1117254,0.1296058,-9.851988
79209653,79209598,0.11759258,0.11639447,-9.806631
79259472,79259416,0.15632327,0.10867185,-9.90146
79309079,79309023,0.1425875,0.2985434,-9.779286
79358795,79358739,0.15555097,0.18298918,-9.806692
79408514,79408453,0.16490693,0.26316816,-9.821323
79458222,79458167,0.11676053,0.08455488,-9.743032
79507940,79507886,0.16732392,0.14185314,-9.730218
79557669,79557604,0.120038465,0.12439368,-9.768453
79607400,79607323,0.12497652,0.037563458,-9.804037
79657097,79657040,0.17641437,0.117939375,-9.87232
79711783,79711728,0.101021,0.20093645,-9.841402
79761500,79761446,0.17504454,0.3011404,-9.865604
79811219,79811165,0.18011762,0.22202809,-9.754825
79860946,79860877,0.07832184,0.19481991,-9.831819
79910648,79910593,0.11529391,0.24757831,-9.741618
79960378,79960312,0.11702258,0.2512222,-9.863681
80010081,80010027,0.10148581,0.1476024,-9.827219
80059802,80059744,0.22016075,0.32349563,-9.5407295
80109515,80109461,0.13613786,0.22191143,-9.886785
80159232,80159177,0.14317916,0.1958139,-9.79484
80208949,80208890,0.14007793,0.12843154,-9.772153
80258660,80258604,0.15527707,0.19234101,-9.794612
80308369,80308313,0.16903587,0.19983476,-9.694941
80358076,80358022,0.122904554,0.23538242,-9.830167
80407789,80407732,0.12437046,0.23375778,-9.987159
80462475,80462419,0.17269802,0.21713209,-9.846167
80507218,80507160,0.08749099,0.2605719,-9.791294
80561900,80561846,0.13083437,0.25924453,-9.875337
80611611,80611557,0.15007418,0.19066398,-9.765475
80661322,80661269,0.12695129,0.26151675,-9.752893
80711038,80710983,0.1222362,0.1913225,-9.82057
80760754,80760695,0.1309129,0.2555585,-9.774097
80810455,80810401,0.17147714,0.21425088,-9.763014
80860269,80860214,0.120954305,0.19807541,-9.841108
80909871,80909817,0.14554629,0.15586166,-9.859257
80959581,80959526,0.12609857,0.1634505,-9.780771
81009291,81009237,0.11857503,0.11035531,-9.772044
81059002,81058945,0.16360763,0.17699817,-9.763943
81108707,81108652,0.1728244,0.23178414,-9.783098
81158417,81158363,0.19286864,0.14960368,-9.829222
81208132,81208074,0.15087654,0.26021066,-9.829196
81257839,81257785,0.14946681,0.23885982,-9.726805
81307549,81307493,0.15465994,0.2711283,-9.821478
81362228,81362175,-0.00066760427,0.38567892,-8.65805
81411935,81411880,0.2569025,0.1281636,-7.3877406
81461640,81461586,0.18550767,0.1642304,-8.479879
81511383,81511329,0.18377975,0.16651577,-9.211872
81561057,81560998,0.15738818,0.15826948,-9.710087
81610759,81610705,0.17245385,0.1652555,-9.947106
81660465,81660411,0.19159043,0.21904416,-10.029294
81710171,81710117,0.20382257,0.12566802,-10.111493
81759877,81759823,0.20104684,0.05039856,-10.135713
81809580,81809526,0.2860281,0.04524023,-9.937791
81859299,81859226,0.16967511,0.14223948,-10.404718
81908982,81908928,0.22756015,0.18644023,-10.153073
81958686,81958630,0.23915215,0.24552773,-10.03416
82008383,82008329,0.17601839,0.1850076,-10.178494
82058083,82058026,0.15124582,0.15951985,-10.158839
82107781,82107727,0.17539567,0.042357758,-10.124359
82157483,82157426,0.1775378,0.16544092,-10.1329565
82212156,82212099,0.18303512,0.0737003,-10.090133
82261857,82261801,0.15878986,0.29015055,-10.160987
82311557,82311503,0.15114054,0.31990126,-10.145144
82361264,82361205,0.16873907,0.20848438,-10.245214
82410964,82410907,0.1595028,0.34164327,-10.148511
82460665,82460607,0.19960104,0.34778875,-10.088109
82510361,82510306,0.18847862,0.20981504,-9.997046
82560067,82560011,0.14031374,0.31600663,-9.956999
82609764,82609702,0.1526015,0.13038519,-9.907349
82659458,82659400,0.10393314,0.3548102,-9.86748
82709153,82709098,0.17808728,0.30193967,-9.8153105
82758859,82758799,0.20006467,0.16514704,-9.821966
82808551,82808497,0.15738206,0.29827553,-9.909972
82858252,82858195,0.14561142,0.24025686,-9.69738
82907953,82907897,0.1711403,0.13629846,-9.763341
82957654,82957598,0.18175976,0.18373117,-9.875342
83007356,83007299,0.13009796,0.29779112,-9.602236
83062030,83061973,0.15472978,0.14078279,-9.760847
83111731,83111673,0.15502867,0.16893946,-9.797921
83161426,83161372,0.15317373,0.19569992,-9.780989
83211218,83211165,0.15907203,0.18134093,-9.731132
83260817,83260764,0.12820545,0.24466327,-9.738535
83310516,83310460,0.13975589,0.28268507,-9.755788
83360216,83360159,0.13243054,0.2104942,-9.891264
83409914,83409860,0.13702253,0.23835701,-9.894756
83459617,83459563,0.19667931,0.20501229,-9.813509
83509319,83509263,0.15414117,0.05654245,-9.847986
83559016,83558962,0.18475771,0.10923375,-9.73306
83608789,83608732,0.12668823,0.24958722,-9.73008
83658417,83658360,0.18285798,0.20348687,-9.80321
83708122,83708063,0.13648166,0.20702791,-9.842431
83757820,83757763,0.11996391,0.11246577,-9.820076
83807512,83807455,0.18212816,0.18095599,-9.86752
83862188,83862120,0.16310586,0.07342357,-9.863563
83911867,83911812,0.15748619,0.15060326,-9.783836
83961557,83961501,0.1465719,0.17621748,-9.959464
84011251,84011194,0.17957619,0.24227017,-9.752704
84060944,84060886,0.16373119,0.19488929,-9.768305
84110636,84110578,0.14586166,0.20171557,-9.833179
84160318,84160263,0.15470836,0.197832,-9.7921295
84210009,84209952,0.16025688,0.19489376,-9.732189
84259714,84259642,0.1780835,0.19057854,-9.799736
84309383,84309329,0.2101599,0.19967657,-9.863135
84359072,84359016,0.1796029,0.1966231,-9.802224
84408763,84408704,0.1375132,0.23313756,-9.828487
84458446,84458392,0.11518873,0.26203963,-9.821497
84508135,84508080,0.18578762,0.2642239,-9.8582945
84557829,84557770,0.17197181,0.21423724,-9.86563
84607513,84607459,0.19119707,0.23562369,-9.810827
84662167,84662114,0.13421842,0.32656276,-9.76516
84711863,84711805,0.13005781,0.10307397,-9.731217
84761551,84761496,0.13731629,0.17399521,-9.924019
84811241,84811185,0.11308327,0.25094932,-9.868988
84860932,84860875,0.20747691,0.1455538,-9.816111
84910625,84910568,0.20960493,0.23667966,-9.838746
84960327,84960256,0.10769754,0.1367572,-9.81613
85010001,85009947,0.16183545,0.29656816,-9.798458
85059710,85059636,0.14177145,0.23252173,-9.965041
85109377,85109323,0.18678074,0.18372418,-9.7775755
85159067,85159009,0.17969234,0.1403769,-9.814673
85208753,85208693,0.20650616,0.20750785,-9.7404585
85258436,85258381,0.12097891,0.1598615,-9.936852
85308125,85308064,0.12269199,0.22561195,-9.84543
85357812,85357751,0.17691243,0.25705755,-9.802668
85407529,85407475,0.13590717,0.08617003,-9.622161
85462147,85462091,0.14532371,0.1625655,-9.89777
85511836,85511781,0.14079179,0.1710471,-9.752538
85561521,85561466,0.17891318,0.27212027,-9.745955
85611208,85611152,0.157248,0.14314874,-9.865422
85660891,85660838,0.13771118,0.13549386,-9.790159
85710583,85710527,0.1255903,0.16869834,-9.827032
85760263,85760210,0.1597466,0.15964682,-9.902142
85809955,85809900,0.18106045,0.12829341,-9.795894
85859632,85859576,0.2102142,0.20738895,-9.7793255
85909312,85909257,0.14347048,0.19825111,-9.773775
85958990,85958936,0.15581162,0.21466869,-9.802341
86008670,86008616,0.15724255,0.26772985,-9.77608
86058353,86058296,0.1762301,0.17469999,-9.746071
86108134,86108077,0.18922238,0.1883557,-9.788847
86157717,86157659,0.20795275,0.15946564,-9.747169
86207394,86207341,0.22808644,0.10865773,-9.708814
86262044,86261990,0.16241993,0.21994095,-9.752844
86311726,86311670,0.1499312,0.028972842,-9.7249775
86361407,86361352,0.15300387,0.13912015,-9.841143
86411178,86411124,0.16330351,0.13368788,-9.832296
86460767,86460710,0.14925067,0.1781043,-9.828145
86510445,86510389,0.18896498,0.1619234,-9.7537
86560129,86560071,0.1543538,0.16643289,-9.745126
86609808,86609751,0.20266925,0.22273278,-9.676089
86659489,86659435,0.15088457,0.1818707,-9.799678
86709170,86709115,0.15082458,0.15759581,-9.83178
86758855,86758799,0.24769309,0.21133676,-9.782137
86808537,86808483,0.18291785,0.17009722,-9.859364
86858244,86858190,0.2101643,0.26129735,-9.78424
86907902,86907848,0.19667189,0.18072847,-9.801694
86957584,86957530,0.163002,0.22551467,-9.747463
87007266,87007211,0.14423679,0.17938396,-9.819418
87061917,87061861,0.15319696,0.1698926,-9.709565
87111597,87111543,0.12038614,0.1992707,-9.825008
87161296,87161241,0.19655477,0.21601483,-9.779948
87210958,87210905,0.15091988,0.15113828,-9.85148
87260642,87260585,0.2099273,0.1291891,-9.841306
87310320,87310266,0.19869281,0.18887646,-9.59542
87360000,87359943,0.20331663,0.23151244,-9.807447
87409679,87409621,0.2012257,0.27034196,-9.791568
87459383,87459299,0.14969671,0.1395592,-9.781688
87509030,87508975,0.1737959,0.13690795,-9.81001
87558721,87558649,0.15546253,0.19428302,-9.796669
87608380,87608316,0.15541394,0.08988872,-9.804296
87658052,87657991,0.20461655,0.2924311,-9.708007
87707719,87707664,0.1249447,0.1292034,-9.924787
87757392,87757336,0.21846221,0.15318209,-9.827202
87812034,87811977,0.15680417,0.1435714,-9.862969
87861702,87861647,0.17010312,0.16455239,-9.911745
87911390,87911336,0.17218885,0.21054976,-9.791144
87961049,87960987,0.16686994,0.20092371,-9.726551
88010724,88010656,0.20091887,0.18301946,-9.727934
88060385,88060330,0.17260994,0.25108927,-9.824204
88110054,88109999,0.1852226,0.22521827,-9.683963
88159728,88159672,0.1838636,0.14412422,-9.622423
88209392,88209337,0.18782693,0.25233614,-9.639256
88259065,88259008,0.19245146,0.28179693,-9.850998
88308726,88308672,0.18508898,0.16072756,-9.838441
88358454,88358396,0.18333043,0.20541056,-9.889807
88408064,88408007,0.16161469,0.20480491,-9.876088
88457736,88457677,0.17890258,0.25999045,-9.863864
88507400,88507345,0.16891071,0.32058766,-9.76867
88562036,88561977,0.13120513,0.26087612,-9.806145
88611699,88611642,0.20353432,0.20839316,-9.825814
88661375,88661305,0.21809731,0.2441218,-9.763725
88711024,88710969,0.21011665,0.220067,-9.780653
88760691,88760637,0.1542926,0.18151078,-9.702334
88810362,88810305,0.18776459,0.19273464,-9.741108
88860026,88859971,0.1486479,0.2640475,-9.937036
88909690,88909635,0.20266062,0.25022143,-9.741535
88959349,88959296,0.21163018,0.25679788,-9.8033
89009025,89008961,0.21330924,0.16194737,-9.799414
89058678,89058622,0.1664946,0.25560609,-9.809328
89108341,89108285,0.19284603,0.25469556,-9.839072
89158062,89158006,0.23630016,0.22424312,-9.824506
89207659,89207605,0.2588329,0.29012784,-9.800706
89262287,89262232,0.22484683,0.28047773,-9.762242
89311948,89311892,0.21257792,0.17671314,-9.809117
89361606,89361553,0.21014057,0.2766505,-9.81
89411270,89411213,0.19417247,0.18052809,-9.753727
89460933,89460874,0.14686227,0.2562869,-9.746786
89510606,89510552,0.2940057,0.40679663,-9.62511
89560251,89560195,0.19814701,0.18424147,-9.734514
89609911,89609857,0.21833898,0.21042275,-9.880934
89659575,89659519,0.19728692,0.2619772,-9.801531
89709233,89709179,0.24110055,0.34013057,-9.685321
89758895,89758841,0.25909108,0.31074128,-9.843325
89808555,89808501,0.19609478,0.2996003,-9.909751
89858211,89858157,0.23993427,0.3798757,-9.823321
89907869,89907815,0.18037468,0.2886274,-9.956758
89962493,89962439,0.2710356,0.3028677,-9.794057
90007209,90007156,0.19979909,0.22309911,-9.790857
90061819,90061760,0.23931475,0.30333772,-9.709838
90111476,90111418,0.21188822,0.23429914,-9.84657
90161132,90161076,0.18201752,0.25595334,-9.752956
90210791,90210737,0.21704148,0.1637367,-9.777329
90260452,90260396,0.25297788,0.18881594,-9.697602
90310209,90310155,0.22562008,0.18193895,-9.867129
90359762,90359709,0.21193144,0.28654185,-9.74052
90409422,90409368,0.18669301,0.19205685,-9.775726
90459079,90459021,0.25138637,0.3544625,-9.752648
90508754,90508686,0.20644611,0.2859534,-9.919947
90558399,90558344,0.19795103,0.17952454,-9.848767
90608061,90608005,0.23838823,0.3347763,-9.745558
90657724,90657666,0.22873417,0.26186764,-9.796347
90707386,90707329,0.20491724,0.29191208,-9.941367
90757050,90756990,0.1669407,0.21177424,-9.778079
90811675,90811620,0.22237973,0.24399774,-9.884163
90861340,90861283,0.21361315,0.3003411,-9.854945
90910998,90910940,0.22244294,0.29241684,-9.879758
90960652,90960598,0.21705253,0.3078729,-9.766322
91010310,91010254,0.22344683,0.28671506,-9.829018
91059962,91059909,0.2553999,0.2594895,-9.657231
91109626,91109568,0.22687168,0.27800766,-9.781535
91159319,91159262,0.19080573,0.25546595,-9.821607
91208939,91208883,0.206797,0.25300565,-9.819575
91258595,91258540,0.22410345,0.2919526,-9.842639
91308247,91308192,0.21817993,0.3169138,-9.848452
91357900,91357845,0.24523947,0.37474233,-9.7989025
91407552,91407497,0.22235289,0.24541411,-9.829916
91462172,91462117,0.23422728,0.31900147,-9.7446575
91511854,91511800,0.1764437,0.2504381,-9.90708
91561482,91561427,0.2247597,0.36635655,-9.74098
91611137,91611082,0.22624473,0.44055015,-9.799576
91660789,91660735,0.18329677,0.32698464,-9.754512
91710442,91710388,0.20369427,0.2642069,-9.836099
91760095,91760041,0.22039697,0.3169636,-9.915807
91809753,91809697,0.21526623,0.39511177,-9.717045
91859409,91859352,0.23459905,0.3770561,-9.797689
91909065,91909008,0.25226158,0.26744434,-9.81214
91958722,91958665,0.23540184,0.32037246,-9.795065
92008418,92008361,0.25148952,0.31875297,-9.74349
92058028,92057975,0.2097434,0.3327392,-9.911112
92107712,92107631,0.21033481,0.3097151,-9.832855
92157340,92157284,0.2342744,0.31716084,-9.866546
92211956,92211901,0.19447047,0.28618106,-9.801901
92261606,92261552,0.23669748,0.2816982,-9.798824
92311262,92311205,0.20178775,0.4460182,-9.856545
92360963,92360903,0.22099185,0.3365826,-9.811169
92410566,92410512,0.25124013,0.40268478,-9.781604
92460219,92460165,0.19366874,0.3267366,-9.787597
92509875,92509820,0.20684357,0.254698,-9.780916
92559526,92559473,0.19422588,0.34014848,-9.752173
92609183,92609127,0.23793027,0.4237697,-9.667935
92658837,92658780,0.2252992,0.35759223,-9.822583
92708487,92708433,0.2155801,0.37051493,-9.927628
92758138,92758084,0.21591581,0.3085526,-9.70432
92807794,92807738,0.20117131,0.35113996,-9.791819
92862412,92862359,0.18677995,0.27361867,-9.904241
92912065,92912012,0.19448978,0.31159145,-9.761959
92961726,92961668,0.18786891,0.23369846,-9.777071
93011376,93011318,0.22644693,0.3533609,-9.765813
93061026,93060969,0.16870101,0.36796832,-9.806003
93110672,93110618,0.25256106,0.34585395,-9.800003
93160325,93160269,0.16983432,0.33586237,-9.8093405
93209987,93209919,0.19836925,0.24497345,-9.797011
93259632,93259574,0.22690707,0.27907947,-9.705734
93309278,93309224,0.14348438,0.3053783,-9.733242
93358931,93358875,0.19171356,0.32548776,-9.809591
93408582,93408525,0.1921064,0.36053517,-9.804117
93458231,93458175,0.27398667,0.2155751,-9.725446
93507882,93507824,0.2097226,0.22552645,-9.755112
93557531,93557475,0.20576833,0.28976223,-9.853836
93612144,93612089,0.22902057,0.21693207,-9.80556
93661794,93661739,0.18964836,0.29278257,-9.7909565
93711445,93711388,0.16800477,0.31410062,-9.987935
93761094,93761038,0.21023898,0.306272,-9.741468
93810744,93810689,0.21631494,0.30073768,-9.815944
93860391,93860336,0.20655721,0.31061327,-9.837548
93910037,93909982,0.17790115,0.30603588,-9.913092
93959684,93959628,0.21652181,0.21780786,-9.697797
94009332,94009274,0.22752552,0.22309953,-9.762176
94058982,94058922,0.22110179,0.23709841,-9.85598
94108652,94108595,0.24508023,0.31995293,-9.7812
94158275,94158220,0.19000264,0.34982926,-9.777123
94207925,94207871,0.17284884,0.14690669,-9.779568
94262536,94262482,0.23249607,0.27833143,-9.809119
94307220,94307167,0.18185325,0.227886,-9.777413
94356870,94356816,0.21346863,0.27917808,-9.834794
94411481,94411427,0.16901301,0.34569833,-9.687307
94461191,94461137,0.1981989,0.29314232,-9.673444
94510781,94510726,0.20768274,0.22919346,-9.913826
94560430,94560373,0.20601085,0.16860536,-9.866033
94610077,94610022,0.16972953,0.14960779,-9.924464
94659726,94659669,0.25146294,0.1779898,-9.788538
94709368,94709314,0.26825458,0.31325567,-9.664628
94759022,94758964,0.1623519,0.26130775,-9.89525
94808664,94808610,0.25898963,0.24792044,-9.653784
94858310,94858255,0.2130715,0.17897305,-9.879298
94907957,94907902,0.1904479,0.20241265,-9.783502
94957601,94957547,0.19501562,0.21490382,-9.853862
95007244,95007190,0.23763001,0.23529984,-9.738215
95061853,95061797,0.18650663,0.24119814,-9.787787
95111497,95111442,0.2362594,0.25837237,-9.944675
95161155,95161086,0.21734339,0.314746,-9.868685
95210788,95210731,0.18013403,0.17321414,-9.816706
95260428,95260371,0.2627078,0.1954869,-9.748598
95310074,95310015,0.16310477,0.18955311,-9.914222
95359784,95359728,0.19963752,0.18512085,-9.791344
95409367,95409310,0.24393904,0.2111424,-9.694677
95459013,95458956,0.15336573,0.18826543,-9.81394
95508657,95508598,0.22201219,0.2511101,-9.773447
95558298,95558241,0.20653881,0.17434752,-9.759903
95607950,95607884,0.1770059,0.3555689,-9.959072
95657582,95657526,0.16419074,0.27943498,-9.920822
95707224,95707170,0.1960038,0.24986792,-9.913629
95756869,95756813,0.2391815,0.23303977,-9.807037
95811474,95811417,0.20732851,0.30247742,-9.862135
95861115,95861059,0.19841473,0.2553958,-9.818383
95910757,95910701,0.22259758,0.2669504,-9.745673
95960395,95960339,0.18618062,0.16662753,-9.893358
96010037,96009977,0.17851914,0.1822119,-9.729459
96059672,96059615,0.1730414,0.21595627,-9.84228
96109310,96109256,0.16305882,0.16244555,-9.881442
96158964,96158900,0.18073566,0.15047927,-9.81195
96208593,96208539,0.19033395,0.27161503,-9.769195
96258250,96258177,0.19364794,0.3521707,-9.818091
96307927,96307871,0.21401316,0.27954182,-9.783622
96357516,96357459,0.19985007,0.35028985,-9.845896
96412124,96412066,0.22387819,0.20977384,-9.787417
96456814,96456744,0.15640418,0.19124427,-9.864021
96511404,96511348,0.2151332,0.35739455,-9.81328
96561047,96560992,0.15367973,0.22595632,-9.908071
96610685,96610631,0.19018276,0.18745522,-9.775765
96660339,96660271,0.16309546,0.19140676,-9.797917
96709965,96709910,0.17278281,0.28608388,-9.806408
96759605,96759551,0.19177614,0.18472116,-9.7505
96809241,96809187,0.21235639,0.2411596,-9.736669
96858891,96858824,0.223306,0.2386879,-9.758925
96908516,96908461,0.15334143,0.29150152,-9.904402
96958156,96958101,0.15925506,0.26718116,-9.7719145
97007796,97007740,0.20526257,0.13252465,-9.849886
97062448,97062394,0.23288907,0.28694826,-9.808907
97112046,97111989,0.18633997,0.21016093,-9.854168
97161690,97161634,0.19249962,0.25755945,-9.673558
97211329,97211269,0.2044951,0.2655077,-9.816663
97260975,97260909,0.19583371,0.15435542,-9.813545
97310597,97310543,0.22659285,0.2926663,-9.631838
97360235,97360180,0.194867,0.35766286,-9.863218
97409878,97409822,0.18035209,0.23972997,-9.8206415
97459515,97459460,0.17548673,0.0748677,-9.789777
97509154,97509097,0.10177066,0.22091421,-9.848997
97558788,97558730,0.2006243,0.3058687,-9.806022
97608499,97608443,0.14339848,0.18277745,-9.775118
97658061,97658008,0.15283133,0.27210948,-9.748939
97707704,97707648,0.21630353,0.30103955,-9.815924
97762309,97762251,0.1769997,0.2266824,-9.882983
97811942,97811884,0.17471969,0.20260602,-9.727231
97861574,97861516,0.18702225,0.19280115,-9.795285
97911203,97911149,0.19046305,0.29481277,-9.83039
97960837,97960781,0.18609715,0.25055575,-9.774335
98010488,98010419,0.23030546,0.28249374,-9.66968
98060108,98060050,0.20902097,0.336973,-9.838198
98109735,98109681,0.2529995,0.3613544,-9.825242
98159368,98159314,0.19479679,0.2796938,-9.877545
98209007,98208948,0.16028899,0.3328853,-9.789188
98258641,98258583,0.176755,0.2378072,-9.694762
98308270,98308213,0.2077267,0.19551586,-9.800462
98357903,98357846,0.21187736,0.27816778,-9.774745
98407535,98407476,0.14976819,0.17932644,-9.795707
98462131,98462071,0.20796558,0.17204107,-9.744069
98511756,98511700,0.19909936,0.077996634,-9.746989
98561383,98561330,0.16528274,0.27893063,-9.865935
98611017,98610958,0.16195436,0.23520681,-9.923303
98660644,98660588,0.21140245,0.22455363,-9.769569
98710275,98710220,0.16619685,0.29940376,-9.805707
98759911,98759855,0.12886138,0.24497634,-9.974175
98809545,98809486,0.18559681,0.19938418,-9.893015
98859168,98859113,0.16374195,0.27644745,-9.841487
98908796,98908742,0.14734323,0.3339773,-9.839881
98958428,98958372,0.13707013,0.28671736,-9.739572
99008072,99008003,0.12205341,0.26028413,-9.87815
99057691,99057634,0.18953809,0.18965338,-9.854769
99107336,99107264,0.16665047,0.22071919,-9.688572
99156949,99156891,0.20428172,0.21068797,-9.697858
99211539,99211484,0.14957981,0.30851552,-9.751568
99261168,99261111,0.16498594,0.2450796,-9.866842
99310790,99310736,0.1965802,0.3497667,-9.715956
99360419,99360360,0.17291486,0.26940918,-9.782468
99410062,99409988,0.15913756,0.33275855,-9.722621
99459675,99459619,0.18413591,0.2217775,-9.741916
99509305,99509247,0.16936123,0.3207266,-9.847986
99558938,99558879,0.15567009,0.35807756,-9.75288
99608559,99608501,0.1493592,0.23094001,-9.860764
99658187,99658126,0.2184961,0.2515478,-9.823762
99707812,99707755,0.14897591,0.33199674,-9.760764
99757438,99757381,0.15904671,0.24438204,-9.745193
99812023,99811969,0.19418348,0.27193063,-9.86678
99861698,99861641,0.16855823,0.23521963,-9.882911
99911280,99911225,0.14239621,0.17645551,-9.775315
99960928,99960853,0.164976,0.22551736,-9.850723
100010533,100010478,0.16833583,0.2733011,-9.786507
100060167,100060103,0.14555596,0.40170458,-9.802652
100109786,100109729,0.17577164,0.32106298,-9.751297
100159412,100159353,0.1482761,0.22550415,-9.722011
100209033,100208977,0.1812043,0.2536898,-9.744572
100258658,100258600,0.17049845,0.28073257,-9.764418
100308277,100308221,0.1423453,0.2427026,-9.725972
100357896,100357841,0.1512906,0.2666809,-9.877791
100407522,100407466,0.17045023,0.29040596,-9.745617
100457249,100457193,0.16961643,0.31283814,-9.838864
100511732,100511676,0.1355112,0.2303211,-9.812838
100561357,100561300,0.16605723,0.23673874,-9.835995
100610978,100610923,0.14647657,0.24979436,-9.771439
100660605,100660546,0.13732052,0.34217125,-9.730446
100710229,100710175,0.2007939,0.35717738,-9.762076
100759857,100759802,0.17516676,0.2252072,-9.857694
100809485,100809429,0.17257957,0.18356003,-9.837359
100859134,100859057,0.18788444,0.2560578,-9.848293
100908779,100908724,0.11392116,0.16625807,-9.872831
100958367,100958309,0.1648537,0.16650523,-9.880899
101007991,101007935,0.18908782,0.29512206,-9.765589
101057638,101057564,0.16471513,0.2840245,-9.828552
101107245,101107189,0.18190105,0.300528,-9.737825
101161828,101161774,0.17991243,0.27328587,-9.801878
101211449,101211393,0.20660982,0.18509592,-9.74336
101261063,101261009,0.14407082,0.25208074,-9.836022
101310681,101310626,0.17492452,0.19944452,-9.752915
101360316,101360262,0.18773735,0.31992954,-9.841185
101409917,101409861,0.19553769,0.34941435,-9.863439
101459536,101459482,0.09153838,-1.0737381,-9.676594
101509155,101509101,0.21033803,0.6738389,-9.698024
101558772,101558718,0.05562168,-0.30040044,-9.541788
101608387,101608332,0.18008064,0.36046675,-9.112587
101658002,101657947,0.15125147,0.31478485,-8.700445
101707620,101707566,0.19136843,0.19500212,-8.384439
101762213,101762143,0.16046603,0.30642483,-8.294285
101811848,101811791,0.13422346,0.1657,-8.170954
101861432,101861378,0.13784313,0.29646102,-7.846262
101911053,101910994,0.1566498,0.26587138,-7.820587
101960662,101960604,0.11688793,0.21655221,-8.314726
102010278,102010222,0.15383354,0.22105613,-8.612806
102059889,102059835,0.15076107,0.23933502,-9.018117
102109505,102109450,0.2101738,0.1885871,-9.241166
102159118,102159063,0.14831796,0.22495171,-9.589961
102208730,102208676,0.17516945,0.3354439,-9.814967
102258345,102258288,0.14486203,0.32548705,-10.204423
102307953,102307898,0.123658635,0.26643392,-10.48165
102362527,102362471,0.16376768,0.2613535,-10.768983
102412142,102412086,0.11710831,0.2271108,-10.725867
102456898,102456842,0.11325865,0.36090866,-10.290425
102511378,102511321,0.15968417,0.3814559,-10.099182
102560990,102560933,0.13325612,0.41837102,-10.106733
102610607,102610547,0.14483285,0.25432327,-9.881845
102660219,102660164,0.15420872,0.35218164,-9.8017235
102709833,102709777,0.08525134,0.3644692,-9.931732
102759450,102759394,0.13752116,0.34518975,-9.729827
102809068,102809010,0.14432056,0.41553658,-9.766381
102858684,102858627,0.11781289,0.23536123,-9.613656
102908296,102908241,0.09996651,0.40073642,-9.647779
102957937,102957880,0.09009197,0.34650582,-9.650647
103007530,103007476,0.15152006,0.42973426,-9.615255
103057147,103057092,0.09994736,0.3565819,-9.616938
103111723,103111664,0.096417576,0.3386185,-9.872262
103161334,103161279,0.029014353,0.33961836,-10.214634
103210949,103210894,0.14310299,0.23370825,-10.351766
103260562,103260505,0.13629304,0.37662864,-10.758642
103310173,103310117,0.07249759,0.31141412,-11.070161
103359782,103359728,-0.55848724,0.6662711,-31.258444
103409469,103409412,0.049914453,0.37524605,-7.5564795
103459012,103458956,0.0032985802,0.08839312,-6.152059
103508624,103508568,0.015265439,0.14387333,-6.41936
103558237,103558182,-0.47150186,2.243796,-23.330244
103607887,103607796,-0.047903392,0.20054975,-5.9779835
103657467,103657412,-0.25971264,-0.4711234,-8.066007
103712044,103711986,-0.43205574,0.5612262,-6.8270054
103761655,103761598,0.021654032,0.70194495,-12.823229
103811267,103811210,-0.022371348,0.32814837,-8.335988
103860916,103860824,-0.25524518,0.46111366,-9.537654
103910498,103910444,-0.055619627,0.44769326,-10.192048
103960102,103960048,-0.0064118714,0.5086169,-9.758488
104009721,104009663,-0.19741072,0.31000075,-9.791356
104059331,104059272,-0.10207346,0.2608996,-9.806379
104108940,104108884,-0.05353583,0.34036478,-9.75743
104158549,104158494,-0.09775834,0.41112304,-9.784048
104208171,104208112,-0.12492445,0.43856418,-9.829974
104257780,104257722,-0.05472574,0.28389117,-9.815933
104307396,104307336,-0.07701944,0.31011745,-9.767361
104362030,104361973,-0.043948215,0.26645556,-9.8152485
104411584,104411525,-0.033468455,0.22626819,-9.7639065
104461199,104461144,-0.19046354,0.39541948,-9.848181
104510821,104510763,-0.060190715,0.2900978,-9.80527
104560437,104560380,-0.08225227,0.2551265,-9.795922
104610061,104609996,-0.05292638,0.29893962,-9.8018265
104659668,104659612,-0.29152864,0.5810913,-9.6248045
104709282,104709227,-0.020778894,-0.017177727,-9.825883
104758897,104758839,0.22748391,0.15418884,-9.770247
104808510,104808453,-0.008317785,0.287109,-9.804817
104858126,104858068,-0.12230492,0.3649662,-9.8680725
104907738,104907683,0.0027438866,0.21595208,-9.801064
104962315,104962261,-0.036222517,0.21556255,-9.801755
105011929,105011873,-0.10101052,0.34874812,-9.782256
105061557,105061486,-0.021441044,0.32483748,-9.764582
105111154,105111097,0.012898113,0.20254765,-9.78052
105160772,105160707,-0.005494656,0.22516923,-9.854587
105210372,105210318,-0.019227685,0.26486567,-9.813749
105259987,105259930,-0.038791154,0.21298264,-9.809879
105309602,105309542,-0.068248026,0.24795954,-9.799198
105359206,105359151,-0.053640515,0.23159343,-9.7332945
105408820,105408760,-0.042558033,0.1939594,-9.76543
105458422,105458367,-0.03538914,0.21262701,-9.815295
105508126,105508067,-0.037043836,0.19328184,-9.800188
105557638,105557581,-0.08032803,0.22114834,-9.788869
105607242,105607187,-0.09571742,0.27645624,-9.756162
105656846,105656792,-0.116321534,0.3226209,-9.75978
105711416,105711361,0.0024245454,0.13526925,-9.798231
105761017,105760962,-0.04512996,0.16821691,-9.8159685
105810621,105810567,-0.07902153,0.1924345,-9.808046
105860225,105860171,-0.086148895,0.24494499,-9.762944
105909836,105909779,-0.06687042,0.24616233,-9.751577
105959438,105959383,-0.033055793,0.24731185,-9.798662
106009150,106009096,-0.04295601,0.28828397,-9.811307
106058704,106058648,-0.09895294,0.2546254,-9.804065
106108258,106108202,-0.09902788,0.3224283,-9.7837305
106157871,106157814,-0.110313885,0.33163863,-9.73654
106207471,106207417,-0.087477684,0.30590785,-9.746321
106262035,106261980,-0.0642053,0.13341458,-9.790155
106311642,106311586,-0.08208807,0.24155784,-9.77436
106361246,106361192,-0.10926515,0.27644423,-9.781164
106410856,106410800,-0.07058424,0.3171701,-9.762245
106460469,106460412,0.10328789,0.29627773,-9.913106
106510206,106510139,-0.26527745,0.40071696,-9.922794
106559698,106559639,-0.19406429,0.44431895,-9.847302
106609296,106609239,-0.04926409,0.21785025,-9.751262
106658904,106658849,-0.15503708,0.33855015,-9.797831
106708514,106708457,-0.15038833,0.41776827,-9.782264
106758119,106758064,-0.08988139,0.3039397,-9.782643
106807731,106807673,-0.14846288,0.32258958,-9.794415
106862298,106862240,-0.115495205,0.35900384,-9.771742
106911905,106911848,-0.14136899,0.35383806,-9.77505
106961510,106961455,-0.10697497,0.34657204,-9.779515
107011134,107011063,-0.123873495,0.3445142,-9.779873
107060732,107060675,-0.1438836,0.36366516,-9.807029
107110339,107110284,-0.10129632,0.35540542,-9.788686
107159953,107159896,-0.13256502,0.34389102,-9.776711
107209559,107209504,-0.15318592,0.34718138,-9.807414
107259171,107259115,-0.14701045,0.34123266,-9.800761
107308793,107308725,-0.116773814,0.37529624,-9.787663
107358398,107358341,-0.15899791,0.3400809,-9.791091
107408009,107407952,-0.12306702,0.34834346,-9.784642
