timestamp,timestamp_sample,vibe[0],vibe[1],vibe[2],output_tracking_error[0],output_tracking_error[1],output_tracking_error[2],control_mode_flags,filter_fault_flags,pos_horiz_accuracy,pos_vert_accuracy,mag_test_ratio,vel_test_ratio,pos_test_ratio,hgt_test_ratio,tas_test_ratio,hagl_test_ratio,beta_test_ratio,time_slip,accel_device_id,gyro_device_id,baro_device_id,mag_device_id,gps_check_fail_flags,innovation_check_flags,solution_status_flags,reset_count_vel_ne,reset_count_vel_d,reset_count_pos_ne,reset_count_pod_d,reset_count_quat,pre_flt_fail_innov_heading,pre_flt_fail_innov_vel_horiz,pre_flt_fail_innov_vel_vert,pre_flt_fail_innov_height,pre_flt_fail_mag_field_disturbed,health_flags,timeout_flags
812000,812000,2.3344402e-09,4.9063616e-05,0.0008010557,0.00019365612,0.0012281453,7.41002e-06,512,0,0.70622146,3.5000029,0.0,nan,nan,1.1754944e-38,0.0,0.0,0.0,0.0,1311004,1311004,6620172,197388,0,0,228,1,0,1,0,1,0,0,0,0,0,0,0
824000,824000,2.3200384e-09,4.959363e-05,0.00079612975,0.0002830684,0.0016320939,8.461706e-06,512,0,0.7097526,3.5000114,0.0,nan,nan,1.1754944e-38,0.0,0.0,0.0,0.0,1311004,1311004,6620172,197388,0,0,228,1,0,1,0,1,0,0,0,0,0,0,0
1004000,1004000,2.5051232e-09,5.4279473e-05,0.0008472083,0.0006582893,0.0028967618,0.013479841,512,0,1.3338485,1.7505233,0.0,nan,nan,0.00079981744,0.0,0.0,0.0,0.0,1311004,1311004,6620172,197388,0,0,228,1,0,1,0,1,0,0,0,0,0,0,0
1208000,1196000,2.7761766e-09,5.8571e-05,0.0008934796,0.00026086532,0.001555588,0.009445536,512,0,1.1756018,1.2397153,0.0,nan,nan,0.0047359997,0.0,0.0,0.0,0.0,1311004,1311004,6620172,197388,0,0,228,1,0,1,0,1,0,0,0,0,0,0,0
1412000,1404000,3.1177414e-09,6.2822e-05,0.0009064671,6.191998e-06,0.0033336065,0.00483916,512,0,0.96366614,1.0166322,0.0,nan,nan,0.005537958,0.0,0.0,0.0,0.004,1311004,1311004,6620172,197388,0,0,228,1,0,1,0,1,0,0,0,0,0,0,0
1612000,1604000,3.0362168e-09,6.751185e-05,0.00092816586,1.02905315e-05,0.0035590848,0.005420588,512,0,0.83630586,0.88882196,0.0,nan,nan,0.004090103,0.0,0.0,0.0,0.004,1311004,1311004,6620172,197388,0,0,228,1,0,1,0,1,0,0,0,0,0,0,0
1808000,1796000,2.9586016e-09,6.6717286e-05,0.0009139156,7.077346e-05,0.003683873,0.004228402,512,0,0.7484768,0.8086359,0.0,nan,nan,0.00047638224,0.0,0.0,0.0,0.008,1311004,1311004,6620172,197388,0,0,228,1,0,1,0,1,0,0,0,0,0,0,0
2008000,2008000,3.080626e-09,6.820425e-05,0.0028336085,0.0001393782,0.0030669621,0.0032322994,512,0,0.70950407,0.75991184,0.0,nan,nan,0.001696911,0.0,0.0,0.0,0.008,1311004,1311004,6620172,197388,0,0,228,1,0,1,0,1,0,0,0,0,0,0,0
2216000,2212000,3.1175087e-09,6.776228e-05,0.0020789963,0.00030851935,0.003683642,0.0046381573,512,0,0.6797375,0.7298422,0.0,nan,nan,0.0020138468,0.0,0.0,0.0,0.012,1311004,1311004,6620172,197388,0,0,228,1,0,1,0,1,0,0,0,0,0,0,0
2404000,2400000,3.1769598e-09,6.885535e-05,0.0016803779,0.00047972324,0.004254666,0.0037135547,512,0,0.66507345,0.7267454,0.0,nan,nan,0.0052593723,0.0,0.0,0.0,0.012,1311004,1311004,6620172,197388,0,0,228,1,0,1,0,1,0,0,0,0,0,0,0
2616000,2612000,3.1394154e-09,6.784685e-05,0.0013866868,0.0006034764,0.0047587655,0.0046749893,512,0,0.6821891,0.72367793,0.0,nan,nan,0.003894383,0.0,0.0,0.0,0.012,1311004,1311004,6620172,197388,0,0,228,1,0,1,0,1,0,0,0,0,0,0,0
2808000,2800000,3.1268355e-09,6.9063855e-05,0.0012659216,0.0006865017,0.005035353,0.0037256875,512,0,0.67014647,0.72234017,0.0,nan,nan,0.0004054926,0.0,0.0,0.0,0.012,1311004,1311004,6620172,197388,0,0,228,1,0,1,0,1,0,0,0,0,0,0,0
3012000,3012000,3.3619523e-09,7.1221824e-05,0.0023169527,0.00044557138,0.0037047174,0.0049043465,512,0,0.676546,0.7325473,0.0,nan,nan,0.0031111478,0.0,0.0,0.0,0.012,1311004,1311004,6620172,197388,0,0,228,1,0,1,0,1,0,0,0,0,0,0,0
3204000,3200000,3.4277394e-09,7.432552e-05,0.0049674646,0.0003647797,0.0034767124,0.0060716216,512,0,0.6495517,0.7383693,0.0,nan,nan,0.007391491,0.0,0.0,0.0,0.012,1311004,1311004,6620172,197388,0,0,228,1,0,1,0,1,0,0,0,0,0,0,0
3416000,3412000,3.4750158e-09,7.622429e-05,0.0049705785,0.00035276977,0.0033855715,0.0026420404,512,0,0.6436624,0.7519638,0.0,nan,nan,0.0024863693,0.0,0.0,0.0,0.012,1311004,1311004,6620172,197388,0,0,228,1,0,1,0,1,0,0,0,0,0,0,0
3616000,3616000,3.1476883e-09,7.328873e-05,0.009350984,0.00027131598,0.0031594508,0.0032217302,512,0,0.6233319,0.7792841,0.0,nan,nan,0.002574442,0.0,0.0,0.0,0.012,1311004,1311004,6620172,197388,0,0,228,1,0,1,0,1,0,0,0,0,0,0,0
3812000,3812000,3.1405414e-09,7.1735645e-05,0.006121339,0.00019499024,0.0028562855,0.0035673121,512,0,0.6098066,0.7872401,0.0,nan,nan,0.004127229,0.0,0.0,0.0,0.012,1311004,1311004,6620172,197388,0,0,228,1,0,1,0,1,0,0,0,0,0,0,0
4012000,4012000,3.1338923e-09,6.881621e-05,0.004065739,6.286745e-05,0.0038130363,0.0054237978,512,0,0.5938447,0.79333836,0.0,nan,nan,0.0043321154,0.0,0.0,0.0,0.012,1311004,1311004,6620172,197388,0,0,228,1,0,1,0,1,0,0,0,0,0,0,0
4216000,4200000,2.9606133e-09,6.987402e-05,0.0028681348,8.9068424e-05,0.0074226013,0.012682607,512,0,0.5684348,0.79287916,0.0,nan,nan,0.0068351603,0.0,0.0,0.0,0.012,1311004,1311004,6620172,197388,0,0,228,1,0,1,0,1,0,0,0,0,0,0,0
4412000,4412000,3.274156e-09,7.696081e-05,0.0090110395,0.00026160336,0.007114576,0.009996156,512,0,0.54515666,0.8115166,0.0,nan,nan,0.004181163,0.0,0.0,0.0,0.016,1311004,1311004,6620172,197388,0,0,228,1,0,1,0,1,0,0,0,0,0,0,0
4616000,4616000,3.3502574e-09,7.36677e-05,0.005791287,0.00042039558,0.008077831,0.009133164,512,0,0.5532619,0.8197237,0.0,nan,nan,0.002065858,0.0,0.0,0.0,0.016,1311004,1311004,6620172,197388,0,0,228,1,0,1,0,1,0,0,0,0,0,0,0
4808000,4804000,3.2200445e-09,7.2789975e-05,0.003973221,0.0004543563,0.008487845,0.0072172866,512,0,0.5327601,0.80989605,0.0,nan,nan,0.0040270244,0.0,0.0,0.0,0.016,1311004,1311004,6620172,197388,0,0,228,1,0,1,0,1,0,0,0,0,0,0,0
5008000,5004000,3.2842815e-09,7.217224e-05,0.0027578122,0.0005861981,0.010008426,0.008688099,512,0,0.5207062,0.8010208,0.0,nan,nan,0.000915461,0.0,0.0,0.0,0.016,1311004,1311004,6620172,197388,0,0,228,1,0,1,0,1,0,0,0,0,0,0,0
5212000,5212000,3.709764e-09,7.605811e-05,0.00486606,0.0006113611,0.010220994,0.009818514,512,0,0.5159954,0.7898686,0.0,nan,nan,0.0031795583,0.0,0.0,0.0,0.02,1311004,1311004,6620172,197388,0,0,228,1,0,1,0,1,0,0,0,0,0,0,0
5412000,5408000,3.462334e-09,7.3107694e-05,0.0033431794,0.0005819106,0.0101884045,0.0095356265,512,0,0.5047693,0.77811414,0.0,nan,nan,3.740484e-05,0.0,0.0,0.0,0.02,1311004,1311004,6620172,197388,0,0,228,1,0,1,0,1,0,0,0,0,0,0,0
5612000,5608000,3.3142498e-09,7.237896e-05,0.0023929235,0.0005757019,0.009686174,0.008329006,512,0,0.49317366,0.7658326,0.0,nan,nan,0.0037197059,0.0,0.0,0.0,0.02,1311004,1311004,6620172,197388,0,0,228,1,0,1,0,1,0,0,0,0,0,0,0
5812000,5808000,3.3088294e-09,7.103555e-05,0.001863805,0.0005605591,0.009270144,0.0083146375,512,0,0.481888,0.77195156,0.0,nan,nan,0.003920158,0.0,0.0,0.0,0.02,1311004,1311004,6620172,197388,0,0,228,1,0,1,0,1,0,0,0,0,0,0,0
6012000,6008000,3.1995753e-09,6.827298e-05,0.0014712845,0.00056789216,0.0090144295,0.008228095,512,0,0.47105312,0.7598959,0.0,nan,nan,6.216852e-05,0.0,0.0,0.0,0.02,1311004,1311004,6620172,197388,0,0,228,1,0,1,0,1,0,0,0,0,0,0,0
6216000,6212000,3.284057e-09,6.968548e-05,0.0031243965,0.00052903494,0.0081868265,0.009132204,512,0,0.4632486,0.7490558,0.0,nan,nan,0.0055917604,0.0,0.0,0.0,0.024,1311004,1311004,6620172,197388,0,0,228,1,0,1,0,1,0,0,0,0,0,0,0
6416000,6412000,3.2387657e-09,7.0532165e-05,0.0022607737,0.00017206931,0.0031182552,0.0051545855,512,0,0.59908503,0.7398083,0.0,nan,nan,0.003961112,0.0,0.0,0.0,0.024,1311004,1311004,6620172,197388,0,0,228,1,0,1,0,1,0,0,0,0,0,0,0
6616000,6612000,3.036903e-09,6.696764e-05,0.0017383443,0.00017870967,0.0044531007,0.0103844665,512,0,0.58402824,0.73216844,0.0,nan,nan,0.0052604536,0.0,0.0,0.0,0.024,1311004,1311004,6620172,197388,0,0,228,1,0,1,0,1,0,0,0,0,0,0,0
6816000,6812000,3.3405052e-09,6.925781e-05,0.0014914138,0.00020090926,0.0027173695,0.0028383462,512,0,0.5688169,0.72621477,0.0,nan,nan,0.0009806851,0.0,0.0,0.0,0.024,1311004,1311004,6620172,197388,0,0,228,1,0,1,0,1,0,0,0,0,0,0,0
7016000,7012000,3.158209e-09,6.9243026e-05,0.0012928526,0.0040675933,0.0027806284,0.004702674,531,0,0.54934716,0.7219425,0.0070983465,nan,nan,0.0011362226,0.0,0.0,0.0,0.024,1311004,1311004,6620172,197388,0,0,229,1,0,1,0,2,0,0,0,0,0,0,0
7212000,7212000,3.5682945e-09,7.290869e-05,0.0038264354,0.0002694456,0.002740883,0.0057628416,531,0,0.5220775,0.7349497,0.0009634573,nan,nan,0.003746143,0.0,0.0,0.0,0.024,1311004,1311004,6620172,197388,0,0,229,1,0,1,0,2,0,0,0,0,0,0,0
7412000,7412000,3.553113e-09,7.188232e-05,0.0027080332,1.9940031e-05,0.0023266778,0.0045148153,531,0,0.4964761,0.7336252,0.004666173,nan,nan,0.002218602,0.0,0.0,0.0,0.024,1311004,1311004,6620172,197388,0,0,229,1,0,1,0,2,0,0,0,0,0,0,0
7616000,7612000,3.6024617e-09,7.1921495e-05,0.0020217048,0.00020846938,0.0022666105,0.0031486836,531,0,0.4766115,0.7333371,0.0019355064,nan,nan,0.003934735,0.0,0.0,0.0,0.024,1311004,1311004,6620172,197388,0,0,229,1,0,1,0,2,0,0,0,0,0,0,0
7812000,7804000,3.6430625e-09,7.2870775e-05,0.001614785,0.00041000155,0.002237249,0.0034437175,531,0,0.45951387,0.7307675,0.01937562,nan,nan,0.00048135692,0.0,0.0,0.0,0.024,1311004,1311004,6620172,197388,0,0,229,1,0,1,0,2,0,0,0,0,0,0,0
8012000,8004000,3.5344545e-09,7.0171816e-05,0.0013276468,0.0006839132,0.0019529692,0.0026842828,531,0,0.45303836,0.74890184,0.018291667,nan,nan,0.0032403078,0.0,0.0,0.0,0.024,1311004,1311004,6620172,197388,0,0,229,1,0,1,0,2,0,0,0,0,0,0,0
8208000,8200000,3.513555e-09,7.2142924e-05,0.0035468205,0.0006459429,0.001725537,0.002615594,531,0,0.44831517,0.7473582,0.0026829978,nan,nan,0.002940514,0.0,0.0,0.0,0.032,1311004,1311004,6620172,197388,0,0,229,1,0,1,0,2,0,0,0,0,0,0,0
8412000,8412000,3.484967e-09,7.179753e-05,0.004929313,0.000210507,0.0013196579,0.0019414165,531,0,0.4548053,0.7534517,0.012882694,nan,nan,0.0050151134,0.0,0.0,0.0,0.032,1311004,1311004,6620172,197388,0,0,229,1,0,1,0,2,0,0,0,0,0,0,0
8612000,8612000,3.3102652e-09,7.025799e-05,0.0033626517,0.0003944326,0.0034238377,0.0067822523,531,0,0.45645395,0.7559911,0.0018864735,nan,nan,0.0010668393,0.0,0.0,0.0,0.032,1311004,1311004,6620172,197388,0,0,229,1,0,1,0,2,0,0,0,0,0,0,0
8812000,8812000,3.1076939e-09,6.883527e-05,0.002413632,0.00015763851,0.0028863426,0.004540728,531,0,0.45607325,0.75792766,0.002003257,nan,nan,0.0010573117,0.0,0.0,0.0,0.032,1311004,1311004,6620172,197388,0,0,229,1,0,1,0,2,0,0,0,0,0,0,0
9012000,9012000,3.0099776e-09,6.720667e-05,0.0018671459,0.0002490839,0.0038468738,0.005198717,531,0,0.4530504,0.75925595,0.0051814555,nan,nan,0.002370212,0.0,0.0,0.0,0.032,1311004,1311004,6620172,197388,0,0,229,1,0,1,0,2,0,0,0,0,0,0,0
9204000,9200000,3.149043e-09,6.7144334e-05,0.0015393337,0.00037656544,0.0052972212,0.00694116,531,0,0.4430142,0.75604284,0.0076122093,nan,nan,0.00078770705,0.0,0.0,0.0,0.032,1311004,1311004,6620172,197388,0,0,229,1,0,1,0,2,0,0,0,0,0,0,0
9408000,9400000,3.2663474e-09,6.865571e-05,0.0012824368,0.000596445,0.006514699,0.0079857875,531,0,0.43576494,0.7741491,0.0079803495,nan,nan,0.00048026518,0.0,0.0,0.0,0.032,1311004,1311004,6620172,197388,0,0,229,1,0,1,0,2,0,0,0,0,0,0,0
9616000,9592000,3.2410656e-09,7.065025e-05,0.0011453106,0.00065391586,0.007600686,0.009096432,531,0,0.4232116,0.76943517,0.020227915,nan,nan,0.00077420386,0.0,0.0,0.0,0.032,1311004,1311004,6620172,197388,0,0,229,1,0,1,0,2,0,0,0,0,0,0,0
9804000,9800000,3.0277887e-09,7.083438e-05,0.00408764,0.0003516232,0.0076619512,0.009830426,531,0,0.41800892,0.77100694,0.004179248,nan,nan,0.0012943239,0.0,0.0,0.0,0.032,1311004,1311004,6620172,197388,0,0,229,1,0,1,0,2,0,0,0,0,0,0,0
10012000,10012000,3.5260315e-09,7.344664e-05,0.004691347,0.00024853728,0.007777283,0.012513985,535,0,0.36380342,0.7690371,0.016271558,1.1754944e-38,1.1754944e-38,0.0054678805,0.0,0.0,0.0,0.032,1311004,1311004,6620172,197388,0,0,895,2,1,2,0,2,0,0,0,0,0,0,0
10208000,10204000,3.602563e-09,7.240991e-05,0.0060754754,0.00011840502,0.042863175,0.026440792,535,0,0.27290136,0.7046488,0.019307205,0.08822759,0.023692,0.00041081104,0.0,0.0,0.0,0.036,1311004,1311004,6620172,197388,0,0,895,2,1,2,0,2,0,0,0,0,0,0,0
10416000,10416000,3.5789347e-09,7.221312e-05,0.005096129,0.0010343719,0.025473816,0.016530054,535,0,0.20860757,0.6546623,0.00956685,0.07353842,0.018346744,0.0007430486,0.0,0.0,0.0,0.036,1311004,1311004,6620172,197388,0,0,895,2,1,2,0,2,0,0,0,0,0,0,0
10604000,10604000,3.2810934e-09,7.0402435e-05,0.0035513856,0.0021380887,0.030262155,0.02323852,535,0,0.18892469,0.6241082,0.0103487,0.07531156,0.0385848,0.0014688537,0.0,0.0,0.0,0.036,1311004,1311004,6620172,197388,0,0,895,2,1,2,0,2,0,0,0,0,0,0,0
10804000,10804000,3.2242358e-09,6.751974e-05,0.0025734503,0.0012866204,0.019508097,0.02444564,535,0,0.17042041,0.5892404,0.0034856575,0.04693888,0.0433065,0.0016912814,0.0,0.0,0.0,0.036,1311004,1311004,6620172,197388,0,0,895,2,1,2,0,2,0,0,0,0,0,0,0
11004000,11004000,3.3367142e-09,6.708065e-05,0.0019340055,0.000646072,0.013062246,0.017153593,535,0,0.15796238,0.5599354,0.013275281,0.05092486,0.03216423,1.1619594e-05,0.0,0.0,0.0,0.036,1311004,1311004,6620172,197388,0,0,895,2,1,2,0,2,0,0,0,0,0,0,0
11216000,11204000,3.4455467e-09,7.08098e-05,0.007176023,0.0011635969,0.017018558,0.017996449,535,0,0.1479463,0.5408391,0.010547218,0.043245394,0.03273052,0.002182102,0.0,0.0,0.0,0.052,1311004,1311004,6620172,197388,0,0,895,2,1,2,0,2,0,0,0,0,0,0,0
11412000,11400000,3.5651802e-09,7.254011e-05,0.004738566,0.0027015796,0.023748515,0.013140688,535,0,0.14232293,0.5185476,0.0030652303,0.025831874,0.027337594,0.00057108066,0.0,0.0,0.0,0.052,1311004,1311004,6620172,197388,0,0,895,2,1,2,0,2,0,0,0,0,0,0,0
11620000,11620000,3.426581e-09,7.623257e-05,0.010479957,0.0005016129,0.011440369,0.010803744,535,0,0.13897404,0.49423286,0.015111494,0.06965365,0.030998183,0.0024907459,0.0,0.0,0.0,0.052,1311004,1311004,6620172,197388,0,0,895,2,1,2,0,2,0,0,0,0,0,0,0
11805000,11800000,3.4983485e-09,7.809018e-05,0.011788521,0.001424509,0.019669447,0.01704112,535,0,0.13773865,0.4819058,0.026401874,0.044798527,0.02596813,0.0014675354,0.0,0.0,0.0,0.052,1311004,1311004,6620172,197388,0,0,895,2,1,2,0,2,0,0,0,0,0,0,0
12008000,12000000,3.1561236e-09,7.3618976e-05,0.008978152,0.0020105399,0.015374676,0.0035268813,535,0,0.13454442,0.4665019,0.0186642,0.057719864,0.04786031,0.0020795926,0.0,0.0,0.0,0.052,1311004,1311004,6620172,197388,0,0,895,2,1,2,0,2,0,0,0,0,0,0,0
12216000,12216000,3.3206298e-09,7.657896e-05,0.008268121,0.004867866,0.043007582,0.023188831,535,0,0.12898545,0.45256898,0.017656364,0.052678358,0.029004116,0.0027416658,0.0,0.0,0.0,0.055999998,1311004,1311004,6620172,197388,0,0,895,2,1,2,0,2,0,0,0,0,0,0,0
12404000,12404000,3.7616865e-09,7.911162e-05,0.0079965545,0.00243044,0.03497041,0.02877411,535,0,0.13020211,0.4403169,0.032185383,0.08499283,0.02541065,0.00012326377,0.0,0.0,0.0,0.055999998,1311004,1311004,6620172,197388,0,0,895,2,1,2,0,2,0,0,0,0,0,0,0
12604000,12604000,3.5107037e-09,7.2962204e-05,0.005201226,0.0014470922,0.021977244,0.02620257,535,0,0.12868127,0.43236563,0.011984813,0.050057027,0.037434764,0.00031041738,0.0,0.0,0.0,0.055999998,1311004,1311004,6620172,197388,0,0,895,2,1,2,0,2,0,0,0,0,0,0,0
12816000,12816000,3.2022025e-09,6.777327e-05,0.0034556391,0.001522892,0.018599719,0.010218881,535,0,0.124633245,0.42175812,0.0034501352,0.07723996,0.034176733,0.0022386431,0.0,0.0,0.0,0.055999998,1311004,1311004,6620172,197388,0,0,895,2,1,2,0,2,0,0,0,0,0,0,0
13008000,13004000,3.37564e-09,7.0578884e-05,0.0024983892,0.0010775187,0.019021425,0.0118200565,535,0,0.12660263,0.41248074,0.014381453,0.06842659,0.028595502,0.0014092075,0.0,0.0,0.0,0.055999998,1311004,1311004,6620172,197388,0,0,895,2,1,2,0,2,0,0,0,0,0,0,0
13212000,13200000,3.5712362e-09,7.260083e-05,0.0019166361,0.0030198887,0.028384458,0.016120939,535,0,0.12529132,0.4036076,0.030083591,0.042677276,0.030165492,0.0016051371,0.0,0.0,0.0,0.06,1311004,1311004,6620172,197388,0,0,895,2,1,2,0,2,0,0,0,0,0,0,0
13408000,13408000,3.6188337e-09,7.559231e-05,0.005290768,0.0009355523,0.020694317,0.016476799,535,0,0.12549655,0.39588737,0.0028577864,0.036256757,0.031918272,0.0050572683,0.0,0.0,0.0,0.06,1311004,1311004,6620172,197388,0,0,895,2,1,2,0,2,0,0,0,0,0,0,0
13608000,13608000,3.5809347e-09,7.584259e-05,0.0035478175,0.000664973,0.012340279,0.011814655,535,0,0.12501584,0.38856682,0.0006272459,0.044755578,0.036730457,0.010684231,0.0,0.0,0.0,0.06,1311004,1311004,6620172,197388,0,0,895,2,1,2,0,2,0,0,0,0,0,0,0
13808000,13808000,3.6191528e-09,7.581533e-05,0.0025323585,0.0006321375,0.012217165,0.015114361,535,0,0.12463912,0.38178885,0.021249369,0.07664944,0.03574764,0.009213532,0.0,0.0,0.0,0.06,1311004,1311004,6620172,197388,0,0,895,2,1,2,0,2,0,0,0,0,0,0,0
14008000,14008000,3.480733e-09,7.1674964e-05,0.0018473944,0.0005949748,0.027131146,0.032036416,535,0,0.124371044,0.37768313,0.017127752,0.08404591,0.0029289052,0.0019422076,0.0,0.0,0.0,0.06,1311004,1311004,6620172,197388,0,0,895,2,1,2,0,2,0,0,0,0,0,0,0
14212000,14204000,3.3843952e-09,6.919161e-05,0.0015136382,0.0010662611,0.03449554,0.04146847,535,0,0.12351545,0.37151492,0.00598903,0.08440002,0.0057864427,0.0008722188,0.0,0.0,0.0,0.064,1311004,1311004,6620172,197388,0,0,895,2,1,2,0,2,0,0,0,0,0,0,0
14408000,14392000,3.32744e-09,6.9939895e-05,0.0013520438,0.00050889386,0.021647219,0.028922712,535,0,0.12276128,0.36575338,0.0051787905,0.03178956,0.04689967,0.0046960874,0.0,0.0,0.0,0.064,1311004,1311004,6620172,197388,0,0,895,2,1,2,0,2,0,0,0,0,0,0,0
14612000,14612000,3.3875138e-09,7.023712e-05,0.0059108655,0.00058117125,0.008131207,0.0104093775,535,0,0.12075678,0.36060703,0.017125119,0.04784757,0.028970346,0.0015448716,0.0,0.0,0.0,0.064,1311004,1311004,6620172,197388,0,0,895,2,1,2,0,2,0,0,0,0,0,0,0
14812000,14812000,3.0681486e-09,6.616083e-05,0.003882738,0.0009968267,0.014468435,0.017213205,535,0,0.12067842,0.3557922,0.0057594287,0.065838896,0.03827387,0.0013609725,0.0,0.0,0.0,0.064,1311004,1311004,6620172,197388,0,0,895,2,1,2,0,2,0,0,0,0,0,0,0
15012000,15012000,3.4267482e-09,6.966921e-05,0.0027247549,0.0008330141,0.013401916,0.016210562,535,0,0.1206081,0.35307288,0.00784547,0.07726405,0.028654821,0.0025135654,0.0,0.0,0.0,0.064,1311004,1311004,6620172,197388,0,0,895,2,1,2,0,2,0,0,0,0,0,0,0
15216000,15212000,3.4802403e-09,7.110108e-05,0.0020020583,0.0004872502,0.008351663,0.011884602,535,0,0.12054891,0.34879005,0.012698302,0.01512901,0.019895518,0.004604581,0.0,0.0,0.0,0.064,1311004,1311004,6620172,197388,0,0,895,2,1,2,0,2,0,0,0,0,0,0,0
15416000,15412000,3.4545589e-09,7.0434e-05,0.0016029145,0.00055026147,0.011316428,0.010041195,535,0,0.12049914,0.34477144,0.004273039,0.052647818,0.030754885,0.006815969,0.0,0.0,0.0,0.064,1311004,1311004,6620172,197388,0,0,895,2,1,2,0,2,0,0,0,0,0,0,0
15616000,15612000,3.2340128e-09,6.909066e-05,0.0013026353,0.0013178972,0.017901892,0.01683199,535,0,0.1204572,0.3410007,0.010760465,0.03500635,0.02743903,0.003590668,0.0,0.0,0.0,0.064,1311004,1311004,6620172,197388,0,0,895,2,1,2,0,2,0,0,0,0,0,0,0
15816000,15812000,2.9737353e-09,6.514751e-05,0.0011691118,0.00093741855,0.013065224,0.009949178,535,0,0.12041819,0.33746198,0.00016547886,0.020293694,0.040075887,0.0015413242,0.0,0.0,0.0,0.064,1311004,1311004,6620172,197388,0,0,895,2,1,2,0,2,0,0,0,0,0,0,0
16008000,15992000,3.1187075e-09,6.775019e-05,0.0010834979,0.00037176526,0.007952998,0.010065856,535,0,0.12232026,0.33567995,0.0031280066,0.05404667,0.02859267,0.0051444643,0.0,0.0,0.0,0.064,1311004,1311004,6620172,197388,0,0,895,2,1,2,0,2,0,0,0,0,0,0,0
16208000,16208000,3.7409165e-09,7.198254e-05,0.006070393,0.00054326205,0.010481498,0.01378546,535,0,0.122324996,0.33252627,0.016043594,0.01880934,0.049483586,0.010016702,0.0,0.0,0.0,0.064,1311004,1311004,6620172,197388,0,0,895,2,1,2,0,2,0,0,0,0,0,0,0
16412000,16412000,3.615158e-09,7.192388e-05,0.0040122056,0.00131014,0.023970984,0.026922168,535,0,0.1203896,0.3295581,0.011499672,0.0603952,0.024725962,0.0080105355,0.0,0.0,0.0,0.064,1311004,1311004,6620172,197388,0,0,895,2,1,2,0,2,0,0,0,0,0,0,0
16612000,16612000,3.2978533e-09,7.081136e-05,0.0028163542,0.0016524123,0.027182462,0.03033332,535,0,0.12034926,0.32676652,0.0066687437,0.06639662,0.02349374,0.0025436154,0.0,0.0,0.0,0.064,1311004,1311004,6620172,197388,0,0,895,2,1,2,0,2,0,0,0,0,0,0,0
16812000,16812000,3.027051e-09,7.118226e-05,0.002038516,0.00083773094,0.017622132,0.020444661,535,0,0.12031119,0.324131,0.014279483,0.07582971,0.030309772,0.00767713,0.0,0.0,0.0,0.064,1311004,1311004,6620172,197388,0,0,895,2,1,2,0,2,0,0,0,0,0,0,0
17020000,17012000,3.0556502e-09,7.0091744e-05,0.0016097034,0.0022981106,0.03637067,0.035683643,535,0,0.12027396,0.32164028,0.0011280885,0.057011683,0.04648869,0.0015450245,0.0,0.0,0.0,0.064,1311004,1311004,6620172,197388,0,0,895,2,1,2,0,2,0,0,0,0,0,0,0
17216000,17212000,3.0855183e-09,6.7612964e-05,0.0013552934,0.0008874955,0.020008853,0.02662327,535,0,0.120238565,0.3192854,0.014480014,0.0535769,0.021729974,0.010588642,0.0,0.0,0.0,0.064,1311004,1311004,6620172,197388,0,0,895,2,1,2,0,2,0,0,0,0,0,0,0
17416000,17412000,3.3513177e-09,7.051239e-05,0.0012587715,0.0005167469,0.011665608,0.018624548,535,0,0.12020471,0.31705907,0.019674467,0.021665161,0.018236779,0.008852134,0.0,0.0,0.0,0.064,1311004,1311004,6620172,197388,0,0,895,2,1,2,0,2,0,0,0,0,0,0,0
17612000,17604000,3.2029317e-09,6.9085654e-05,0.0011232755,0.00017632676,0.015288838,0.023130719,535,0,0.122671574,0.3165155,0.0044061276,0.06521929,0.041449945,0.00078566314,0.0,0.0,0.0,0.064,1311004,1311004,6620172,197388,0,0,895,2,1,2,0,2,0,0,0,0,0,0,0
17812000,17804000,3.4267762e-09,7.172472e-05,0.0010517118,0.00045775733,0.012893299,0.019483875,535,0,0.122669086,0.31451252,0.0025438077,0.024782795,0.010791724,0.005683344,0.0,0.0,0.0,0.064,1311004,1311004,6620172,197388,0,0,895,2,1,2,0,2,0,0,0,0,0,0,0
18012000,18004000,3.0901863e-09,6.8917456e-05,0.0010173293,0.00045475617,0.008900797,0.01165769,535,0,0.12266017,0.31262434,0.0062623685,0.03630199,0.058161363,0.0015901349,0.0,0.0,0.0,0.064,1311004,1311004,6620172,197388,0,0,895,2,1,2,0,2,0,0,0,0,0,0,0
18212000,18212000,3.4385434e-09,7.100193e-05,0.0027048483,0.0005087928,0.012533626,0.01706645,535,0,0.12018547,0.3105409,0.023399588,0.040338024,0.0048827906,0.0037974785,0.0,0.0,0.0,0.064,1311004,1311004,6620172,197388,0,0,895,2,1,2,0,2,0,0,0,0,0,0,0
18412000,18412000,3.4716314e-09,7.147409e-05,0.0020091813,0.0010712664,0.030571796,0.03770109,535,0,0.120134786,0.30884862,0.015875828,0.06537536,0.045094065,0.001108669,0.0,0.0,0.0,0.064,1311004,1311004,6620172,197388,0,0,895,2,1,2,0,2,0,0,0,0,0,0,0
18612000,18612000,3.2431917e-09,7.008389e-05,0.0015768324,0.00037340465,0.02410012,0.03330366,535,0,0.12008562,0.3072509,0.006485102,0.03260956,0.012546745,0.009595685,0.0,0.0,0.0,0.064,1311004,1311004,6620172,197388,0,0,895,2,1,2,0,2,0,0,0,0,0,0,0
18812000,18812000,3.1217433e-09,6.942342e-05,0.0013473349,0.001023731,0.024856994,0.027474752,535,0,0.120037705,0.30691716,0.020512735,0.046450637,0.016354335,0.004205898,0.0,0.0,0.0,0.064,1311004,1311004,6620172,197388,0,0,895,2,1,2,0,2,0,0,0,0,0,0,0
19016000,19012000,2.892753e-09,6.78713e-05,0.001174066,0.0010842172,0.023764864,0.026083363,535,0,0.11999055,0.30547664,0.034359492,0.043062385,0.029182745,0.005604303,0.0,0.0,0.0,0.064,1311004,1311004,6620172,197388,0,0,895,2,1,2,0,2,0,0,0,0,0,0,0
19216000,19212000,2.8765705e-09,6.6568835e-05,0.0010994272,0.0004829452,0.011720382,0.011053818,535,0,0.11994425,0.30410975,0.01643506,0.07910739,0.046368517,0.0016410627,0.0,0.0,0.0,0.064,1311004,1311004,6620172,197388,0,0,895,2,1,2,0,2,0,0,0,0,0,0,0
19416000,19412000,2.779051e-09,6.49748e-05,0.0010198869,0.00011967612,0.010425975,0.015563425,535,0,0.1199008,0.3028157,0.0031554578,0.043973695,0.04615349,0.003419045,0.0,0.0,0.0,0.064,1311004,1311004,6620172,197388,0,0,895,2,1,2,0,2,0,0,0,0,0,0,0
19616000,19612000,2.897714e-09,6.6785964e-05,0.0009989771,0.0010105453,0.02006206,0.02144416,535,0,0.11985795,0.3015873,0.008534371,0.059318855,0.021157555,0.004963853,0.0,0.0,0.0,0.064,1311004,1311004,6620172,197388,0,0,895,2,1,2,0,2,0,0,0,0,0,0,0
19808000,19804000,2.970064e-09,6.672659e-05,0.0010188813,0.0010821581,0.021174315,0.022397442,535,0,0.122164994,0.30192617,0.0044871476,0.049689926,0.0231829,0.005977788,0.0,0.0,0.0,0.064,1311004,1311004,6620172,197388,0,0,895,2,1,2,0,2,0,0,0,0,0,0,0
20008000,20004000,3.228811e-09,7.110928e-05,0.0009816281,0.0005181395,0.019398049,0.025853854,535,0,0.12211382,0.30081627,0.006445045,0.063179664,0.04152496,0.0076586725,0.0,0.0,0.0,0.064,1311004,1311004,6620172,197388,0,0,895,2,1,2,0,2,0,0,0,0,0,0,0
20216000,20208000,3.1521155e-09,6.9572045e-05,0.0009911178,0.00065822597,0.016911747,0.026518302,535,0,0.119212165,0.29905602,0.015141217,0.036370225,0.048359163,0.004058134,0.0,0.0,0.0,0.067999996,1311004,1311004,6620172,197388,0,0,895,2,1,2,0,2,0,0,0,0,0,0,0
20404000,20396000,3.1557512e-09,7.113865e-05,0.0009507743,0.000489077,0.014737443,0.022828095,535,0,0.12153887,0.2984475,0.004165228,0.057392515,0.03985231,0.00039289752,0.0,0.0,0.0,0.067999996,1311004,1311004,6620172,197388,0,0,895,2,1,2,0,2,0,0,0,0,0,0,0
20608000,20596000,3.3832466e-09,7.147246e-05,0.0009521918,0.00020256433,0.014442622,0.023466486,535,0,0.12156978,0.29749385,0.01533373,0.033290826,0.053862747,0.003169727,0.0,0.0,0.0,0.067999996,1311004,1311004,6620172,197388,0,0,895,2,1,2,0,2,0,0,0,0,0,0,0
20808000,20808000,3.3817795e-09,7.1874805e-05,0.0027911076,0.00036576996,0.007551464,0.0095471,535,0,0.12215889,0.29690516,0.019851048,0.06194391,0.010340412,0.00223454,0.0,0.0,0.0,0.067999996,1311004,1311004,6620172,197388,0,0,895,2,1,2,0,2,0,0,0,0,0,0,0
21008000,21008000,3.2718128e-09,6.9184774e-05,0.0020822953,0.00056838983,0.018533597,0.021228166,535,0,0.12208211,0.2971013,0.017557606,0.043379508,0.02602241,0.0028175241,0.0,0.0,0.0,0.067999996,1311004,1311004,6620172,197388,0,0,895,2,1,2,0,2,0,0,0,0,0,0,0
21208000,21208000,3.1987568e-09,6.972436e-05,0.0015985662,0.00013503792,0.016854566,0.022813637,535,0,0.122007556,0.2962612,0.0009932726,0.0471962,0.030266218,0.00032798274,0.0,0.0,0.0,0.067999996,1311004,1311004,6620172,197388,0,0,895,2,1,2,0,2,0,0,0,0,0,0,0
21416000,21416000,3.076692e-09,6.920594e-05,0.0013844817,0.001013319,0.023170954,0.025605837,535,0,0.11964052,0.2950293,0.0016095531,0.055812173,0.022230528,0.0024075522,0.0,0.0,0.0,0.067999996,1311004,1311004,6620172,197388,0,0,895,2,1,2,0,2,0,0,0,0,0,0,0
21608000,21608000,3.3096768e-09,6.901219e-05,0.0012362201,0.00028596638,0.013305314,0.018521408,535,0,0.12186977,0.29469195,0.0042158277,0.059898593,0.026237423,0.0028978263,0.0,0.0,0.0,0.067999996,1311004,1311004,6620172,197388,0,0,895,2,1,2,0,2,0,0,0,0,0,0,0
21808000,21808000,3.285122e-09,6.721181e-05,0.0011512793,0.00040657073,0.015047683,0.024280565,535,0,0.121806845,0.29395854,0.010137669,0.06231159,0.03484018,0.00079261465,0.0,0.0,0.0,0.067999996,1311004,1311004,6620172,197388,0,0,895,2,1,2,0,2,0,0,0,0,0,0,0
22016000,22004000,2.8998448e-09,6.441135e-05,0.0010915967,0.0003442351,0.014688981,0.024645366,535,0,0.1212379,0.29293597,0.015234669,0.029284157,0.034546487,0.0016276134,0.0,0.0,0.0,0.076,1311004,1311004,6620172,197388,0,0,895,2,1,2,0,2,0,0,0,0,0,0,0
22216000,22204000,2.9787868e-09,6.830264e-05,0.0009822014,0.0005468943,0.011384123,0.017959127,535,0,0.118544236,0.29153967,0.0075397063,0.03626562,0.01454069,0.00043510197,0.0,0.0,0.0,0.076,1311004,1311004,6620172,197388,0,0,895,2,1,2,0,2,0,0,0,0,0,0,0
22408000,22396000,3.3189733e-09,7.2351075e-05,0.0009800731,0.00020470984,0.0053996947,0.010120478,535,0,0.120835185,0.29234433,0.018121107,0.05529956,0.013607573,0.0024639943,0.0,0.0,0.0,0.076,1311004,1311004,6620172,197388,0,0,895,2,1,2,0,2,0,0,0,0,0,0,0
22604000,22604000,3.3285235e-09,7.284001e-05,0.0029372778,0.00075613824,0.013331071,0.014142419,535,0,0.12146309,0.29206124,0.015840607,0.061392903,0.0404614,0.008247476,0.0,0.0,0.0,0.076,1311004,1311004,6620172,197388,0,0,895,2,1,2,0,2,0,0,0,0,0,0,0
22804000,22804000,3.1857128e-09,7.173685e-05,0.0021418233,0.0010549003,0.023125133,0.026216049,535,0,0.121446714,0.2914732,0.011467976,0.069333725,0.02757928,0.003880577,0.0,0.0,0.0,0.076,1311004,1311004,6620172,197388,0,0,895,2,1,2,0,2,0,0,0,0,0,0,0
23016000,23016000,3.379505e-09,7.0789436e-05,0.0016859362,0.0011239819,0.03265351,0.040356718,535,0,0.1191905,0.2904779,0.0004737195,0.0707953,0.04119006,0.0037950398,0.0,0.0,0.0,0.076,1311004,1311004,6620172,197388,0,0,895,2,1,2,0,2,0,0,0,0,0,0,0
23216000,23216000,3.0291256e-09,6.703381e-05,0.001385527,0.00083222176,0.025102278,0.03322171,535,0,0.11917213,0.28993416,0.016096769,0.048596922,0.021686673,0.00015858006,0.0,0.0,0.0,0.076,1311004,1311004,6620172,197388,0,0,895,2,1,2,0,2,0,0,0,0,0,0,0
23404000,23404000,3.274912e-09,6.669448e-05,0.001165413,0.00053347996,0.013284074,0.018989742,535,0,0.12137722,0.28984,0.0038027319,0.033459064,0.02165794,0.0077986997,0.0,0.0,0.0,0.076,1311004,1311004,6620172,197388,0,0,895,2,1,2,0,2,0,0,0,0,0,0,0
23616000,23616000,3.386851e-09,6.80369e-05,0.0011056006,0.0006153632,0.015808893,0.020086557,535,0,0.11912897,0.28890887,0.01684079,0.06572162,0.019903192,0.0009187028,0.0,0.0,0.0,0.076,1311004,1311004,6620172,197388,0,0,895,2,1,2,0,2,0,0,0,0,0,0,0
23816000,23816000,3.2756595e-09,6.939099e-05,0.0010451634,0.00055909774,0.017871946,0.022479562,535,0,0.11910634,0.28941157,0.011371282,0.033737548,0.044830244,0.0034095922,0.0,0.0,0.0,0.076,1311004,1311004,6620172,197388,0,0,895,2,1,2,0,2,0,0,0,0,0,0,0
24016000,24016000,2.9124931e-09,6.520029e-05,0.0010434433,0.00023441899,0.012595033,0.015168683,535,0,0.119083114,0.28894082,0.0025155467,0.020650107,0.027896443,0.003841046,0.0,0.0,0.0,0.076,1311004,1311004,6620172,197388,0,0,895,2,1,2,0,2,0,0,0,0,0,0,0
24216000,24216000,3.1130591e-09,6.6811066e-05,0.0010478164,0.0004018076,0.01810468,0.026402095,535,0,0.119058646,0.28848702,0.038176976,0.072413094,0.03417009,0.002070969,0.0,0.0,0.0,0.076,1311004,1311004,6620172,197388,0,0,895,2,1,2,0,2,0,0,0,0,0,0,0
24416000,24416000,3.1154042e-09,6.798481e-05,0.0009999201,0.0003807064,0.020594992,0.033507258,535,0,0.1190335,0.28804937,0.0017994667,0.07875944,0.022286054,0.0012167763,0.0,0.0,0.0,0.076,1311004,1311004,6620172,197388,0,0,895,2,1,2,0,2,0,0,0,0,0,0,0
24604000,24604000,3.4547372e-09,6.9063186e-05,0.0009629558,0.0006226911,0.016357081,0.022818705,535,0,0.12120837,0.28805253,0.008242001,0.03489588,0.039671514,0.0064925305,0.0,0.0,0.0,0.076,1311004,1311004,6620172,197388,0,0,895,2,1,2,0,2,0,0,0,0,0,0,0
24804000,24804000,3.6030832e-09,7.0900365e-05,0.00097238005,0.00013760752,0.009404098,0.01653829,535,0,0.121180676,0.28764275,0.0043170545,0.053374395,0.01942179,0.007169747,0.0,0.0,0.0,0.076,1311004,1311004,6620172,197388,0,0,895,2,1,2,0,2,0,0,0,0,0,0,0
25004000,25004000,3.4518806e-09,6.8856156e-05,0.0010050948,0.0005776146,0.0081851585,0.011922684,535,0,0.121153675,0.28821895,0.017665457,0.073993966,0.0263014,0.007300219,0.0,0.0,0.0,0.076,1311004,1311004,6620172,197388,0,0,895,2,1,2,0,2,0,0,0,0,0,0,0
25204000,25204000,3.1774352e-09,6.53283e-05,0.0010055546,0.00070532196,0.016015645,0.02200693,535,0,0.12112724,0.2878319,0.019573394,0.060348544,0.03784438,0.0015967827,0.0,0.0,0.0,0.076,1311004,1311004,6620172,197388,0,0,895,2,1,2,0,2,0,0,0,0,0,0,0
25416000,25416000,3.1631444e-09,6.568208e-05,0.0009509095,0.0005821287,0.016044104,0.023676291,535,0,0.118917115,0.2870327,0.012597491,0.04557555,0.034789275,0.005549641,0.0,0.0,0.0,0.076,1311004,1311004,6620172,197388,0,0,895,2,1,2,0,2,0,0,0,0,0,0,0
25604000,25604000,3.2469316e-09,6.752427e-05,0.00091837865,0.00049282314,0.01584012,0.026163151,535,0,0.1210746,0.28709456,0.021945028,0.07836419,0.021046475,0.00011775029,0.0,0.0,0.0,0.076,1311004,1311004,6620172,197388,0,0,895,2,1,2,0,2,0,0,0,0,0,0,0
25808000,25804000,3.095324e-09,6.819941e-05,0.00092247775,0.0004704384,0.016524827,0.02953279,535,0,0.12107173,0.28674206,0.0034862538,0.056502715,0.03542125,0.004850142,0.0,0.0,0.0,0.076,1311004,1311004,6620172,197388,0,0,895,2,1,2,0,2,0,0,0,0,0,0,0
26008000,26004000,2.9026586e-09,6.753765e-05,0.0009504255,0.00028289465,0.011758207,0.022922458,535,0,0.121088244,0.2864015,0.013076478,0.046292536,0.02686872,0.004015028,0.0,0.0,0.0,0.076,1311004,1311004,6620172,197388,0,0,895,2,1,2,0,2,0,0,0,0,0,0,0
26208000,26204000,2.9185878e-09,6.654756e-05,0.0009595967,0.0005293278,0.009272687,0.014571129,535,0,0.12110092,0.28703365,0.004668174,0.06459411,0.04203863,0.0028521246,0.0,0.0,0.0,0.076,1311004,1311004,6620172,197388,0,0,895,2,1,2,0,2,0,0,0,0,0,0,0
26408000,26404000,3.0016531e-09,6.682644e-05,0.00094938243,0.00048847304,0.007634889,0.009206717,535,0,0.12110928,0.2867118,0.0037612298,0.025114853,0.025159108,0.009449146,0.0,0.0,0.0,0.076,1311004,1311004,6620172,197388,0,0,895,2,1,2,0,2,0,0,0,0,0,0,0
26608000,26604000,3.1216791e-09,7.071552e-05,0.00091275026,0.0002503709,0.007986054,0.012342287,535,0,0.12111493,0.286397,0.0015243588,0.05786578,0.008379193,0.0021056517,0.0,0.0,0.0,0.076,1311004,1311004,6620172,197388,0,0,895,2,1,2,0,2,0,0,0,0,0,0,0
26808000,26804000,2.9145402e-09,6.838484e-05,0.00093503343,0.00029277772,0.010983636,0.017662853,535,0,0.121118344,0.28609097,0.0072223255,0.07156879,0.03869585,0.013986111,0.0,0.0,0.0,0.076,1311004,1311004,6620172,197388,0,0,895,2,1,2,0,2,0,0,0,0,0,0,0
27008000,27004000,2.9201133e-09,6.569788e-05,0.00093431614,0.000628019,0.011281441,0.011953089,535,0,0.121118926,0.2857933,0.015763013,0.05771788,0.026172288,0.0005785539,0.0,0.0,0.0,0.076,1311004,1311004,6620172,197388,0,0,895,2,1,2,0,2,0,0,0,0,0,0,0
27208000,27204000,2.9829226e-09,6.763518e-05,0.0009314675,0.00048520233,0.013292428,0.016894767,535,0,0.12111701,0.28550366,0.004372108,0.056818303,0.01805348,0.003750712,0.0,0.0,0.0,0.076,1311004,1311004,6620172,197388,0,0,895,2,1,2,0,2,0,0,0,0,0,0,0
27408000,27404000,3.1064449e-09,6.659904e-05,0.0009806675,0.00063363026,0.014767156,0.018715361,535,0,0.12111351,0.2852216,0.0019573446,0.050854284,0.02824481,0.0050249533,0.0,0.0,0.0,0.076,1311004,1311004,6620172,197388,0,0,895,2,1,2,0,2,0,0,0,0,0,0,0
27612000,27604000,2.8662126e-09,7.007822e-05,0.0061880667,0.0006137162,0.01376171,0.02278306,535,0,0.12092478,0.28588542,0.004145637,0.08320062,0.017241266,0.0041561285,0.0,0.0,0.0,0.076,1311004,1311004,6620172,197388,0,0,895,2,1,2,0,2,0,0,0,0,0,0,0
27812000,27804000,2.9990872e-09,7.4837844e-05,0.010524367,0.0006117384,0.017664291,0.03018263,535,0,0.12333756,0.2863629,0.008614608,0.041744936,0.063826896,0.006091603,0.0,0.0,0.0,0.076,1311004,1311004,6620172,197388,0,0,895,2,1,2,0,2,0,0,0,0,0,0,0
28013000,28004000,2.9529703e-09,7.559736e-05,0.013437842,0.00049810065,0.01790482,0.025240455,535,0,0.12560946,0.28685513,0.016390925,0.052848846,0.015751546,0.008490742,0.0,0.0,0.0,0.076,1311004,1311004,6620172,197388,0,0,895,2,1,2,0,2,0,0,0,0,0,0,0
28212000,28196000,2.9927645e-09,7.804527e-05,0.013949804,0.00032478423,0.018464537,0.026980124,535,0,0.12705691,0.2870045,0.0075791636,0.03197617,0.029664189,0.0005355221,0.0,0.0,0.0,0.076,1311004,1311004,6620172,197388,0,0,895,2,1,2,0,2,0,0,0,0,0,0,0
28404000,28384000,3.1969605e-09,7.798621e-05,0.010508145,0.00022311635,0.015565695,0.028324293,1049111,0,0.12540716,0.28728458,0.031621303,0.07634487,0.043472245,1.1754944e-38,0.0,0.0,0.0,0.076,1311004,1311004,6620172,197388,0,0,895,2,1,2,0,2,0,0,0,0,0,0,0
28604000,28584000,3.3189658e-09,7.6610675e-05,0.0067113503,0.00058809994,0.015583634,0.03086615,1049111,0,0.12451334,0.28694814,0.011360917,0.050916098,0.05241911,0.0013065658,0.0,0.0,0.0,0.076,1311004,1311004,6620172,197388,0,0,895,2,1,2,0,2,0,0,0,0,0,0,0
28812000,28812000,3.6307546e-09,7.908168e-05,0.008093519,0.0007737094,0.020591602,0.025254326,1049111,0,0.121958256,0.28649095,0.0013201286,0.06397389,0.02678729,0.001126462,0.0,0.0,0.0,0.076,1311004,1311004,6620172,197388,0,0,895,2,1,2,0,2,0,0,0,0,0,0,0
29016000,29016000,3.563733e-09,7.553637e-05,0.005248797,0.0009733083,0.030365512,0.037437245,1049111,0,0.121816985,0.2865083,0.021495905,0.07259256,0.04440803,0.0048408513,0.0,0.0,0.0,0.076,1311004,1311004,6620172,197388,0,0,895,2,1,2,0,2,0,0,0,0,0,0,0
29204000,29204000,3.5196408e-09,7.298734e-05,0.0036405283,0.00042985223,0.0145862335,0.02065121,1049111,0,0.12353008,0.28665778,0.009555211,0.043935735,0.02606095,0.0009157248,0.0,0.0,0.0,0.076,1311004,1311004,6620172,197388,0,0,895,2,1,2,0,2,0,0,0,0,0,0,0
29416000,29416000,3.3479173e-09,6.984206e-05,0.002529044,0.00040763294,0.015258503,0.023272783,1049111,0,0.12074924,0.28589126,0.00049332745,0.08136047,0.0172522,1.1754944e-38,0.0,0.0,0.0,0.076,1311004,1311004,6620172,197388,0,0,895,2,1,2,0,2,0,0,0,0,0,0,0
29616000,29616000,3.2583218e-09,6.9906244e-05,0.0018801165,0.0004729153,0.015313198,0.019424351,1049111,0,0.120336786,0.28559127,0.021283261,0.052676592,0.036883045,1.1754944e-38,0.0,0.0,0.0,0.076,1311004,1311004,6620172,197388,0,0,895,2,1,2,0,2,0,0,0,0,0,0,0
29816000,29816000,3.3238388e-09,7.040567e-05,0.0014790841,0.00062319695,0.017254679,0.02177428,1049111,0,0.11999098,0.285298,0.0045233313,0.039770775,0.030818246,1.1754944e-38,0.0,0.0,0.0,0.076,1311004,1311004,6620172,197388,0,0,895,2,1,2,0,2,0,0,0,0,0,0,0
30004000,30004000,3.3939243e-09,7.2538074e-05,0.0012841899,0.0004355703,0.013392646,0.014282522,1049111,0,0.12188751,0.28640494,0.029873375,0.055806983,0.027805898,1.1754944e-38,0.0,0.0,0.0,0.076,1311004,1311004,6620172,197388,0,0,895,2,1,2,0,2,0,0,0,0,0,0,0
30204000,30204000,3.5566214e-09,7.224955e-05,0.0011404537,0.00029614376,0.012134422,0.013719268,1049111,0,0.12163401,0.28611878,0.015600538,0.03146391,0.034968745,1.1754944e-38,0.0,0.0,0.0,0.076,1311004,1311004,6620172,197388,0,0,895,2,1,2,0,2,0,0,0,0,0,0,0
30404000,30404000,3.1575151e-09,6.7305846e-05,0.0010616317,0.00025832103,0.007337625,0.0132114,1049111,0,0.121424444,0.28583685,0.0146390535,0.06954876,0.043617077,1.1754944e-38,0.0,0.0,0.0,0.076,1311004,1311004,6620172,197388,0,0,895,2,1,2,0,2,0,0,0,0,0,0,0
30604000,30604000,3.1539846e-09,6.6886256e-05,0.0010331505,0.00043678549,0.014380015,0.024353145,1049111,0,0.12125228,0.28556114,0.0038583006,0.03558887,0.023278847,1.1754944e-38,0.0,0.0,0.0,0.076,1311004,1311004,6620172,197388,0,0,895,2,1,2,0,2,0,0,0,0,0,0,0
30804000,30804000,3.0164504e-09,6.496419e-05,0.0009804219,0.00021107789,0.007339017,0.016263116,1049111,0,0.12111123,0.28529134,0.028553436,0.035499733,0.030108947,0.00084817916,0.0,0.0,0.0,0.076,1311004,1311004,6620172,197388,0,0,895,2,1,2,0,2,0,0,0,0,0,0,0
31004000,31004000,3.3633183e-09,6.7742374e-05,0.00097207935,0.00015471064,0.007677423,0.014979086,1049111,0,0.12099772,0.2850274,0.004589749,0.059063107,0.03878606,1.1754944e-38,0.0,0.0,0.0,0.076,1311004,1311004,6620172,197388,0,0,895,2,1,2,0,2,0,0,0,0,0,0,0
31216000,31216000,3.3552372e-09,6.998668e-05,0.00096698786,0.00017200898,0.01384009,0.0240485,1049111,0,0.11877407,0.284349,0.01198428,0.040618274,0.012300429,1.1754944e-38,0.0,0.0,0.0,0.076,1311004,1311004,6620172,197388,0,0,895,2,1,2,0,2,0,0,0,0,0,0,0
31404000,31404000,3.3964147e-09,6.8167195e-05,0.00095150265,0.00034988488,0.012981336,0.014389959,1049111,0,0.12083219,0.2854607,0.008782572,0.07158431,0.0015948511,1.1754944e-38,0.0,0.0,0.0,0.076,1311004,1311004,6620172,197388,0,0,895,2,1,2,0,2,0,0,0,0,0,0,0
31604000,31604000,3.0391938e-09,6.608427e-05,0.00091833825,0.00052392,0.017448291,0.020655675,1049111,0,0.120772645,0.2852104,0.004932248,0.073740594,0.021545926,1.1754944e-38,0.0,0.0,0.0,0.076,1311004,1311004,6620172,197388,0,0,895,2,1,2,0,2,0,0,0,0,0,0,0
31804000,31804000,3.183961e-09,6.4084015e-05,0.0009277497,0.0004249014,0.017556036,0.028159386,1049111,0,0.12072426,0.28496516,0.0050021326,0.03383729,0.042907875,1.1754944e-38,0.0,0.0,0.0,0.076,1311004,1311004,6620172,197388,0,0,895,2,1,2,0,2,0,0,0,0,0,0,0
32004000,32004000,3.3160419e-09,6.612758e-05,0.0009205507,0.000296027,0.015224375,0.023572696,1049111,0,0.120685466,0.28472483,0.014255267,0.057916682,0.031109896,1.1754944e-38,0.0,0.0,0.0,0.076,1311004,1311004,6620172,197388,0,0,895,2,1,2,0,2,0,0,0,0,0,0,0
32216000,32216000,3.061847e-09,6.510172e-05,0.000933473,0.00031289452,0.008200909,0.006456908,1049111,0,0.11853369,0.28407377,0.02902733,0.06739958,0.03442842,1.1754944e-38,0.0,0.0,0.0,0.076,1311004,1311004,6620172,197388,0,0,895,2,1,2,0,2,0,0,0,0,0,0,0
32416000,32416000,3.2241474e-09,6.7485045e-05,0.0009848179,0.00054550153,0.012420556,0.013913915,1049111,0,0.118509546,0.2838427,0.0048972922,0.044005696,0.016811648,1.1754944e-38,0.0,0.0,0.0,0.076,1311004,1311004,6620172,197388,0,0,895,2,1,2,0,2,0,0,0,0,0,0,0
32604000,32604000,3.3715017e-09,7.047183e-05,0.0009442323,0.00047439494,0.013352619,0.01439765,1049111,0,0.12060847,0.28496718,0.006485141,0.058867153,0.048906505,1.1754944e-38,0.0,0.0,0.0,0.076,1311004,1311004,6620172,197388,0,0,895,2,1,2,0,2,0,0,0,0,0,0,0
32804000,32804000,3.7297805e-09,7.135176e-05,0.0009688572,0.00014345684,0.014297552,0.025371404,1049111,0,0.120591894,0.2847405,0.0077186697,0.068445496,0.012401856,9.103407e-05,0.0,0.0,0.0,0.076,1311004,1311004,6620172,197388,0,0,895,2,1,2,0,2,0,0,0,0,0,0,0
33016000,33016000,3.5513172e-09,6.985159e-05,0.00091415114,0.00066531764,0.015553489,0.022573363,1049111,0,0.11846115,0.28410405,0.0013015132,0.057666432,0.057134584,1.1754944e-38,0.0,0.0,0.0,0.076,1311004,1311004,6620172,197388,0,0,895,2,1,2,0,2,0,0,0,0,0,0,0
33216000,33216000,3.3116125e-09,6.7066416e-05,0.0009700697,0.0005650985,0.0171757,0.024605265,1049111,0,0.11844964,0.2838853,0.0026170386,0.06550799,0.045372315,1.1754944e-38,0.0,0.0,0.0,0.076,1311004,1311004,6620172,197388,0,0,895,2,1,2,0,2,0,0,0,0,0,0,0
33416000,33416000,3.4246281e-09,6.8974034e-05,0.00097006944,0.0004683028,0.0144486865,0.022817263,1049111,0,0.11843962,0.28366837,0.0055631087,0.061485015,0.015308933,0.0008764476,0.0,0.0,0.0,0.076,1311004,1311004,6620172,197388,0,0,895,2,1,2,0,2,0,0,0,0,0,0,0
33616000,33616000,3.377028e-09,6.823845e-05,0.0010114823,0.00047608477,0.014220076,0.02045958,1049111,0,0.11843028,0.2834552,0.0035735741,0.06350236,0.055384807,0.003474061,0.0,0.0,0.0,0.076,1311004,1311004,6620172,197388,0,0,895,2,1,2,0,2,0,0,0,0,0,0,0
33804000,33804000,3.2579386e-09,6.8294896e-05,0.00097311137,0.000276488,0.008086562,0.013459234,1049111,0,0.12053376,0.28458965,0.023923716,0.021364052,0.038579058,0.003952964,0.0,0.0,0.0,0.076,1311004,1311004,6620172,197388,0,0,895,2,1,2,0,2,0,0,0,0,0,0,0
34016000,34016000,3.1098377e-09,6.8355024e-05,0.00091948494,0.0004119001,0.012823478,0.019233696,1049111,0,0.118413456,0.28397185,0.007807521,0.047389477,0.050083995,0.000683744,0.0,0.0,0.0,0.076,1311004,1311004,6620172,197388,0,0,895,2,1,2,0,2,0,0,0,0,0,0,0
34216000,34216000,3.3603171e-09,6.994261e-05,0.00097103155,0.00032847087,0.008643579,0.015394117,1049111,0,0.118406795,0.28376725,0.014562126,0.020489749,0.05504643,1.1754944e-38,0.0,0.0,0.0,0.076,1311004,1311004,6620172,197388,0,0,895,2,1,2,0,2,0,0,0,0,0,0,0
34408000,34408000,3.420212e-09,7.041447e-05,0.0009654217,0.00026651393,0.011515227,0.021644253,1049111,0,0.120551646,0.28397626,0.010198475,0.090098105,0.033309314,1.1754944e-38,0.0,0.0,0.0,0.08,1311004,1311004,6620172,197388,0,0,895,2,1,2,0,2,0,0,0,0,0,0,0
34612000,34596000,3.4326764e-09,7.022482e-05,0.00094896124,0.00023773748,0.012544137,0.02400575,1049111,0,0.119550936,0.28313765,0.0080552045,0.02932469,0.008722688,1.1754944e-38,0.0,0.0,0.0,0.088,1311004,1311004,6620172,197388,0,0,895,2,1,2,0,2,0,0,0,0,0,0,0
34812000,34796000,3.1961418e-09,6.879781e-05,0.0009369848,0.00029673733,0.009724305,0.011148374,1049239,0,0.119684644,0.28296062,0.010041469,0.046630558,0.032852307,0.0029933173,0.0,0.0,0.0,0.088,1311004,1311004,6620172,197388,0,0,895,2,1,2,0,2,0,0,0,0,0,0,0
35012000,34996000,3.546974e-09,7.1595576e-05,0.0009669688,0.00039344764,0.014668066,0.012167166,1049239,0,0.11985905,0.2837138,0.007547936,0.0481906,0.014735732,1.1754944e-38,0.0,0.0,0.0,0.088,1311004,1311004,6620172,197388,0,0,895,2,1,2,0,2,0,0,0,0,0,0,0
35212000,35196000,3.3671184e-09,7.048799e-05,0.0009824063,9.9667464e-05,0.0018460755,0.009272964,1049239,0,0.120184906,0.28354025,0.009133159,0.057953537,0.03504646,1.1754944e-38,0.0,0.0,0.0,0.088,1311004,1311004,6620172,197388,0,0,895,2,1,2,0,2,0,0,0,0,0,0,0
35408000,35388000,3.4290657e-09,6.9571615e-05,0.0011394657,0.00036939234,0.02169699,0.018636772,1049239,0,0.120003626,0.28304622,0.0033282388,0.021418571,0.012807995,1.1754944e-38,0.0,0.0,0.0,0.088,1311004,1311004,6620172,197388,0,0,895,2,1,2,0,2,0,0,0,0,0,0,0
35608000,35588000,4.709312e-09,6.811449e-05,0.001731039,0.00011487828,0.018701827,0.023526823,1049239,0,0.1204506,0.28287733,0.0031445958,0.027486622,0.023001118,1.1754944e-38,0.0,0.0,0.0,0.088,1311004,1311004,6620172,197388,0,0,895,2,1,2,0,2,0,0,0,0,0,0,0
35812000,35792000,6.153014e-09,7.1678944e-05,0.0014244405,8.457515e-05,0.031291243,0.02863964,1049239,0,0.120860584,0.28270853,0.011531564,0.059065007,0.015162782,0.0048314426,0.0,0.0,0.0,0.092,1311004,1311004,6620172,197388,0,0,895,2,1,2,0,2,0,0,0,0,0,0,0
36012000,35992000,5.9750462e-09,7.05451e-05,0.0012319188,9.190181e-05,0.023129895,0.018393897,1049239,0,0.121204175,0.28346902,0.0053454707,0.115135565,0.060364682,0.0011030769,0.0,0.0,0.0,0.092,1311004,1311004,6620172,197388,0,0,895,2,1,2,0,2,0,0,0,0,0,0,0
36212000,36212000,8.02909e-09,8.76118e-05,0.004078181,0.00013648931,0.031368207,0.04638241,1049239,0,0.1195469,0.2823075,0.012688215,0.08465696,0.04507585,1.1754944e-38,0.0,0.0,0.0,0.092,1311004,1311004,6620172,197388,0,0,895,2,1,2,0,2,0,0,0,0,0,0,0
36412000,36412000,7.1926607e-09,7.889885e-05,0.0028587354,9.3811796e-05,0.021235794,0.034777615,1049239,0,0.119807586,0.28307587,0.014698339,0.04438142,0.0147788385,1.1754944e-38,0.0,0.0,0.0,0.092,1311004,1311004,6620172,197388,0,0,895,2,1,2,0,2,0,0,0,0,0,0,0
36612000,36612000,7.109407e-09,7.622229e-05,0.002123632,0.00014835197,0.018820578,0.029123805,1049239,0,0.11992865,0.28290743,0.0005517995,0.04653613,0.03576006,1.1754944e-38,0.0,0.0,0.0,0.092,1311004,1311004,6620172,197388,0,0,895,2,1,2,0,2,0,0,0,0,0,0,0
36812000,36812000,6.5096293e-09,7.443785e-05,0.0016582959,0.00020360954,0.018611986,0.023452833,663,0,0.119933136,0.28273138,0.007959135,0.049994823,0.026089825,0.009333773,0.0,0.0,0.0,0.092,1311004,1311004,6620172,197388,0,0,895,2,1,2,0,2,0,0,0,0,0,0,0
37012000,37012000,6.0486385e-09,7.29347e-05,0.0014133289,0.00031191346,0.022046113,0.013060238,663,0,0.11986197,0.28254625,0.0018668653,0.062665544,0.028055973,0.006038614,0.0,0.0,0.0,0.092,1311004,1311004,6620172,197388,0,0,895,2,1,2,0,2,0,0,0,0,0,0,0
37212000,37212000,6.06445e-09,7.180832e-05,0.0012071733,0.00024698852,0.016434375,0.031157551,663,0,0.1197459,0.28235477,0.0018232791,0.088434085,0.023804398,0.0035141332,0.0,0.0,0.0,0.092,1311004,1311004,6620172,197388,0,0,895,2,1,2,0,2,0,0,0,0,0,0,0
37412000,37412000,5.9201586e-09,7.1473085e-05,0.0011255378,8.890868e-05,0.013884904,0.03066898,663,0,0.119662486,0.28215757,0.008856227,0.027819352,0.054059494,0.002798479,0.0,0.0,0.0,0.092,1311004,1311004,6620172,197388,0,0,895,2,1,2,0,2,0,0,0,0,0,0,0
37612000,37612000,5.4052607e-09,7.260951e-05,0.0010385965,6.7359964e-05,0.008927459,0.021852009,663,0,0.11961219,0.28287718,0.0047078175,0.029660147,0.027653044,0.011258485,0.0,0.0,0.0,0.092,1311004,1311004,6620172,197388,0,0,895,2,1,2,0,2,0,0,0,0,0,0,0
37812000,37812000,4.8949342e-09,7.256822e-05,0.00097214436,0.00023324498,0.017622821,0.02272141,663,0,0.11957648,0.28266972,0.0071251444,0.077152655,0.047384024,0.0048664925,0.0,0.0,0.0,0.092,1311004,1311004,6620172,197388,0,0,895,2,1,2,0,2,0,0,0,0,0,0,0
38012000,38012000,4.5243356e-09,7.078379e-05,0.0010049025,0.00041610905,0.028227486,0.033492684,663,0,0.11959116,0.28245986,0.0034146518,0.05168936,0.047581073,0.0047259075,0.0,0.0,0.0,0.092,1311004,1311004,6620172,197388,0,0,895,2,1,2,0,2,0,0,0,0,0,0,0
38212000,38212000,5.263045e-09,7.11489e-05,0.0009641372,3.1123993e-05,0.0034469864,0.014479895,663,0,0.11960156,0.2822486,0.002382948,0.054341555,0.028893972,0.009768797,0.0,0.0,0.0,0.092,1311004,1311004,6620172,197388,0,0,895,2,1,2,0,2,0,0,0,0,0,0,0
38412000,38412000,5.438099e-09,7.286198e-05,0.0009753039,0.00023051816,0.011552358,0.016799893,663,0,0.11964319,0.28203723,0.02296383,0.0535775,0.029820282,0.007814197,0.0,0.0,0.0,0.092,1311004,1311004,6620172,197388,0,0,895,2,1,2,0,2,0,0,0,0,0,0,0
38612000,38612000,4.8809743e-09,7.049054e-05,0.00094287546,0.00032029173,0.016874492,0.015130411,663,0,0.119683966,0.28182682,0.010750972,0.046453904,0.038443357,0.009913747,0.0,0.0,0.0,0.092,1311004,1311004,6620172,197388,0,0,895,2,1,2,0,2,0,0,0,0,0,0,0
38812000,38812000,5.0732836e-09,7.200903e-05,0.0009392277,0.00037876613,0.025341446,0.028910605,663,0,0.11971815,0.2816165,0.004645629,0.080433205,0.024072312,0.0040485025,0.0,0.0,0.0,0.092,1311004,1311004,6620172,197388,0,0,895,2,1,2,0,2,0,0,0,0,0,0,0
39012000,39012000,5.219349e-09,7.325207e-05,0.0009606014,0.00030814795,0.018689452,0.016366456,663,0,0.119721495,0.28232473,0.0019323339,0.055759348,0.027418492,0.0025983949,0.0,0.0,0.0,0.092,1311004,1311004,6620172,197388,0,0,895,2,1,2,0,2,0,0,0,0,0,0,0
39212000,39212000,5.1549374e-09,7.2948125e-05,0.0008945096,0.00024638386,0.01548163,0.014136576,663,0,0.119735286,0.28212065,0.0018874035,0.039130244,0.03610936,0.0056945556,0.0,0.0,0.0,0.092,1311004,1311004,6620172,197388,0,0,895,2,1,2,0,2,0,0,0,0,0,0,0
39412000,39412000,5.4151874e-09,7.365255e-05,0.0009648682,0.00019879792,0.010664506,0.013947121,663,0,0.11973614,0.2819209,0.018319553,0.049087487,0.03508089,0.007534691,0.0,0.0,0.0,0.092,1311004,1311004,6620172,197388,0,0,895,2,1,2,0,2,0,0,0,0,0,0,0
39612000,39612000,5.2332623e-09,7.104512e-05,0.0009820596,0.00026805367,0.008563193,0.010290725,663,0,0.11972353,0.28172398,0.00726183,0.03904018,0.041923683,0.011850849,0.0,0.0,0.0,0.092,1311004,1311004,6620172,197388,0,0,895,2,1,2,0,2,0,0,0,0,0,0,0
39812000,39812000,4.541398e-09,6.8591544e-05,0.00093895127,0.00030522872,0.014070343,0.018865194,663,0,0.11969697,0.28153217,0.008521957,0.09203749,0.015682885,0.0051689674,0.0,0.0,0.0,0.092,1311004,1311004,6620172,197388,0,0,831,2,1,2,0,2,0,0,0,0,0,0,0
40012000,40012000,4.8156426e-09,7.025564e-05,0.0009524184,0.00010351881,0.011446647,0.015368143,663,0,0.11965764,0.28134564,1.6908016e-05,0.04733559,0.049154554,0.008200045,0.0,0.0,0.0,0.092,1311004,1311004,6620172,197388,0,0,831,2,1,2,0,2,0,0,0,0,0,0,0
40212000,40212000,4.5559068e-09,6.901467e-05,0.0009136816,0.00025375013,0.014740511,0.019864788,663,0,0.119586736,0.28207767,0.0032675727,0.045444578,0.01604018,0.005246754,0.0,0.0,0.0,0.092,1311004,1311004,6620172,197388,0,0,831,2,1,2,0,2,0,0,0,0,0,0,0
40412000,40412000,4.565362e-09,6.6797395e-05,0.00094731123,0.0003714542,0.02150195,0.023735855,663,0,0.11952829,0.2819002,0.012761479,0.07494515,0.014135834,0.0060857222,0.0,0.0,0.0,0.092,1311004,1311004,6620172,197388,0,0,831,2,1,2,0,2,0,0,0,0,0,0,0
40612000,40612000,4.890918e-09,6.684919e-05,0.0009374324,0.00034876235,0.020777315,0.024584765,663,0,0.1194614,0.28172812,0.0013719463,0.050602514,0.01667292,0.0015856858,0.0,0.0,0.0,0.092,1311004,1311004,6620172,197388,0,0,831,2,1,2,0,2,0,0,0,0,0,0,0
40812000,40812000,5.141128e-09,6.7312794e-05,0.0009871008,0.00019862047,0.014548382,0.025462717,663,0,0.119387135,0.28156126,0.012968117,0.06902958,0.062231883,0.0049073976,0.0,0.0,0.0,0.092,1311004,1311004,6620172,197388,0,0,831,2,1,2,0,2,0,0,0,0,0,0,0
41012000,41012000,4.7190705e-09,6.606076e-05,0.0010345149,0.0004928263,0.018735524,0.027202867,663,0,0.11930744,0.28139943,0.01740866,0.038976967,0.047416706,0.0020612914,0.0,0.0,0.0,0.092,1311004,1311004,6620172,197388,0,0,831,2,1,2,0,2,0,0,0,0,0,0,0
41212000,41212000,4.4502784e-09,6.7485365e-05,0.0009659302,0.00023604165,0.014583115,0.026775405,663,0,0.11922431,0.28124243,0.0027727406,0.036547612,0.04709972,0.006790314,0.0,0.0,0.0,0.092,1311004,1311004,6620172,197388,0,0,831,2,1,2,0,2,0,0,0,0,0,0,0
41412000,41412000,5.149345e-09,6.9013826e-05,0.0009530138,0.00031401007,0.01399308,0.022274775,663,0,0.11913937,0.28108802,0.019706586,0.043892957,0.014071935,0.015730754,0.0,0.0,0.0,0.092,1311004,1311004,6620172,197388,0,0,831,2,1,2,0,2,0,0,0,0,0,0,0
41612000,41612000,5.1334177e-09,7.0723385e-05,0.00095777895,0.0003028597,0.012525906,0.021663295,663,0,0.119053155,0.28184924,0.0035806294,0.07378962,0.0613553,0.008165076,0.0,0.0,0.0,0.092,1311004,1311004,6620172,197388,0,0,831,2,1,2,0,2,0,0,0,0,0,0,0
41812000,41812000,4.8570636e-09,6.934622e-05,0.00091441977,0.00017619562,0.015227454,0.028740646,663,0,0.11896743,0.28170353,0.0138771245,0.057562638,0.05554293,0.006404452,0.0,0.0,0.0,0.092,1311004,1311004,6620172,197388,0,0,831,2,1,2,0,2,0,0,0,0,0,0,0
42012000,42012000,4.846567e-09,7.3114796e-05,0.0009262764,0.00013403602,0.012816601,0.024223488,663,0,0.118883245,0.2815615,0.02528644,0.036636695,0.038951453,0.0053291665,0.0,0.0,0.0,0.092,1311004,1311004,6620172,197388,0,0,831,2,1,2,0,2,0,0,0,0,0,0,0
42212000,42212000,4.5270827e-09,7.191989e-05,0.00095216715,9.3314266e-05,0.00498351,0.009538514,663,0,0.11880251,0.28142086,0.006715243,0.01671545,0.01574342,0.002422418,0.0,0.0,0.0,0.092,1311004,1311004,6620172,197388,0,0,831,2,1,2,0,2,0,0,0,0,0,0,0
42412000,42412000,4.0863273e-09,7.012431e-05,0.00089503167,0.00030908317,0.010971318,0.010266839,663,0,0.11872654,0.28128326,0.016015958,0.074669704,0.027044805,0.0033590843,0.0,0.0,0.0,0.092,1311004,1311004,6620172,197388,0,0,831,2,1,2,0,2,0,0,0,0,0,0,0
42612000,42612000,4.7101256e-09,7.2967836e-05,0.00090982753,0.0004534981,0.014227103,0.018287938,663,0,0.118655935,0.2811484,0.02187654,0.050017186,0.023648892,0.0019361669,0.0,0.0,0.0,0.092,1311004,1311004,6620172,197388,0,0,831,2,1,2,0,2,0,0,0,0,0,0,0
42812000,42812000,5.703865e-09,7.7272045e-05,0.0009287225,0.0002301767,0.013293579,0.019952495,663,0,0.118590735,0.2819283,0.019386502,0.039760582,0.05689239,0.00038045514,0.0,0.0,0.0,0.092,1311004,1311004,6620172,197388,0,0,831,2,1,2,0,2,0,0,0,0,0,0,0
43012000,43012000,6.0858216e-09,7.5494776e-05,0.00092337123,0.00023206105,0.004261705,0.0069510224,663,0,0.11853161,0.28179696,0.002404815,0.03493438,0.0104312785,0.0009618892,0.0,0.0,0.0,0.092,1311004,1311004,6620172,197388,0,0,831,2,1,2,0,2,0,0,0,0,0,0,0
43212000,43212000,5.091777e-09,7.241845e-05,0.0009983992,0.0003415487,0.019205809,0.03181958,663,0,0.11847707,0.28166765,0.040333614,0.08477541,0.034815434,0.0052444143,0.0,0.0,0.0,0.092,1311004,1311004,6620172,197388,0,0,831,2,1,2,0,2,0,0,0,0,0,0,0
43412000,43412000,4.8968722e-09,7.320175e-05,0.0009847697,0.00036057146,0.013745951,0.026776511,663,0,0.118412025,0.28153932,0.00015098188,0.025020514,0.009784953,0.0039361725,0.0,0.0,0.0,0.092,1311004,1311004,6620172,197388,0,0,831,2,1,2,0,2,0,0,0,0,0,0,0
43612000,43612000,4.5314903e-09,7.065792e-05,0.0010034736,0.000375675,0.0042396146,0.006643278,663,0,0.11836996,0.28141332,0.022476865,0.0739997,0.05251346,0.0019598212,0.0,0.0,0.0,0.092,1311004,1311004,6620172,197388,0,0,831,2,1,2,0,2,0,0,0,0,0,0,0
43812000,43812000,4.879494e-09,7.305583e-05,0.0009799247,0.00038122563,0.007910974,0.012392338,663,0,0.11833153,0.28128874,0.0042256843,0.059079826,0.015423845,0.0013766589,0.0,0.0,0.0,0.092,1311004,1311004,6620172,197388,0,0,831,2,1,2,0,2,0,0,0,0,0,0,0
44012000,44012000,4.66121e-09,7.382632e-05,0.0010076952,0.00015625561,0.01115271,0.021827102,663,0,0.11829702,0.28116333,0.0015032749,0.028835101,0.023601785,0.003530771,0.0,0.0,0.0,0.092,1311004,1311004,6620172,197388,0,0,831,2,1,2,0,2,0,0,0,0,0,0,0
44212000,44212000,5.6273968e-09,7.083069e-05,0.0009688186,0.00024346558,0.012434028,0.025556175,663,0,0.11826706,0.28195146,0.008799259,0.05450253,0.041408684,0.00066095695,0.0,0.0,0.0,0.092,1311004,1311004,6620172,197388,0,0,831,2,1,2,0,2,0,0,0,0,0,0,0
44412000,44412000,5.179126e-09,6.930992e-05,0.0009479436,0.00025024766,0.0071337237,0.019815804,663,0,0.118240535,0.28182882,0.015358454,0.027494188,0.05860454,0.004901315,0.0,0.0,0.0,0.092,1311004,1311004,6620172,197388,0,0,831,2,1,2,0,2,0,0,0,0,0,0,0
44612000,44612000,4.8830353e-09,6.8980466e-05,0.0009969727,0.00030676762,0.009394641,0.017702365,663,0,0.118217155,0.28170702,0.0051543773,0.045283943,0.032317575,0.0021564718,0.0,0.0,0.0,0.092,1311004,1311004,6620172,197388,0,0,831,2,1,2,0,2,0,0,0,0,0,0,0
44812000,44812000,4.5729096e-09,7.028315e-05,0.0009762073,0.00035734684,0.008701194,0.013535417,663,0,0.11819689,0.28158385,0.0009476205,0.057456423,0.03745226,0.0022924766,0.0,0.0,0.0,0.092,1311004,1311004,6620172,197388,0,0,831,2,1,2,0,2,0,0,0,0,0,0,0
45012000,45012000,4.0362247e-09,6.865559e-05,0.0009994572,0.0002611442,0.0060380823,0.00809994,663,0,0.11818068,0.28146124,0.023348806,0.040502638,0.024872983,0.00022118572,0.0,0.0,0.0,0.092,1311004,1311004,6620172,197388,0,0,831,2,1,2,0,2,0,0,0,0,0,0,0
45212000,45212000,3.7138352e-09,6.916176e-05,0.00095198734,0.00033258225,0.0054056663,0.0078037437,663,0,0.118169636,0.28133905,0.009924442,0.009631524,0.025723562,0.0040007276,0.0,0.0,0.0,0.092,1311004,1311004,6620172,197388,0,0,831,2,1,2,0,2,0,0,0,0,0,0,0
45412000,45412000,3.969793e-09,7.1766844e-05,0.0009378981,0.00045340662,0.015722113,0.024075637,663,0,0.11816363,0.2821315,0.0014069246,0.08616821,0.019669337,0.0050932085,0.0,0.0,0.0,0.092,1311004,1311004,6620172,197388,0,0,831,2,1,2,0,2,0,0,0,0,0,0,0
45612000,45612000,4.1917936e-09,7.458418e-05,0.0009875775,0.0007262654,0.020942476,0.032328337,663,0,0.118160784,0.28200877,0.0036273596,0.044789426,0.023914155,0.0028934753,0.0,0.0,0.0,0.092,1311004,1311004,6620172,197388,0,0,831,2,1,2,0,2,0,0,0,0,0,0,0
45812000,45812000,4.8397317e-09,7.183812e-05,0.0009845187,0.0002863573,0.008345272,0.016606823,663,0,0.11816061,0.28188637,0.01692274,0.064981245,0.041943032,0.00087410066,0.0,0.0,0.0,0.092,1311004,1311004,6620172,197388,0,0,831,2,1,2,0,2,0,0,0,0,0,0,0
46012000,46012000,5.0754676e-09,7.251418e-05,0.0009450425,0.0004953472,0.012528012,0.022339009,663,0,0.11816015,0.28176415,0.0068753003,0.04102999,0.036704637,0.0013140782,0.0,0.0,0.0,0.092,1311004,1311004,6620172,197388,0,0,831,2,1,2,0,2,0,0,0,0,0,0,0
46216000,46216000,4.4338413e-09,7.3171235e-05,0.00093836745,0.0003241228,0.009950679,0.018381208,663,0,0.11815943,0.28164402,0.0047903466,0.032480754,0.040836517,0.0009216824,0.0,0.0,0.0,0.096,1311004,1311004,6620172,197388,0,0,831,2,1,2,0,2,0,0,0,0,0,0,0
46404000,46404000,4.949301e-09,7.074342e-05,0.00095591816,0.00023809013,0.0030528293,0.010000191,663,0,0.1202392,0.2819187,0.007182709,0.03520476,0.036334097,0.0042785676,0.0,0.0,0.0,0.096,1311004,1311004,6620172,197388,0,0,831,2,1,2,0,2,0,0,0,0,0,0,0
46604000,46604000,4.4263473e-09,7.066171e-05,0.0009866001,0.00024868647,0.00518903,0.014117391,663,0,0.12024291,0.28271848,0.0017748837,0.07897886,0.056615714,0.004960648,0.0,0.0,0.0,0.096,1311004,1311004,6620172,197388,0,0,831,2,1,2,0,2,0,0,0,0,0,0,0
46816000,46816000,3.77959e-09,6.856004e-05,0.0009582896,0.00020513446,0.013665138,0.027878001,663,0,0.11816585,0.2821981,0.0036571412,0.022688165,0.04018025,0.0022861934,0.0,0.0,0.0,0.096,1311004,1311004,6620172,197388,0,0,831,2,1,2,0,2,0,0,0,0,0,0,0
47004000,47004000,3.933478e-09,7.057717e-05,0.0013380668,0.00033066623,0.008226378,0.015054077,663,0,0.12025266,0.28247744,0.008821921,0.06839827,0.03696635,0.000994909,0.0,0.0,0.0,0.096,1311004,1311004,6620172,197388,0,0,831,2,1,2,0,2,0,0,0,0,0,0,0
47208000,47204000,1.4901438e-08,7.185166e-05,0.0035813418,0.00076226686,0.017240332,0.023784028,663,0,0.1202767,0.28235665,0.010772732,0.063280776,0.036488634,0.0051398682,0.0,0.0,0.0,0.096,1311004,1311004,6620172,197388,0,0,831,2,1,2,0,2,0,0,0,0,0,0,0
47408000,47404000,1.8112669e-08,7.489821e-05,0.0054643922,0.0003175832,0.007503727,0.013263051,663,0,0.120316945,0.28223667,0.0036600286,0.10681691,0.009303809,0.00422186,0.0,0.0,0.0,0.096,1311004,1311004,6620172,197388,0,0,831,2,1,2,0,2,0,0,0,0,0,0,0
47608000,47604000,1.4771842e-08,7.750146e-05,0.005682699,0.0011961437,0.019504193,0.02466417,663,0,0.12035295,0.28211647,0.0161974,0.1099167,0.024327714,0.00039826217,0.0,0.0,0.0,0.096,1311004,1311004,6620172,197388,0,0,831,2,1,2,0,2,0,0,0,0,0,0,0
47808000,47804000,1.6063447e-08,7.982836e-05,0.0066155926,0.0012005499,0.029807594,0.039582983,663,0,0.12038607,0.28199604,0.014216305,0.0912778,0.023117753,0.005814253,0.0,0.0,0.0,0.096,1311004,1311004,6620172,197388,0,0,831,2,1,2,0,2,0,0,0,0,0,0,0
48008000,48004000,1.721267e-08,8.132932e-05,0.0065797237,0.00040960105,0.013758211,0.018943196,663,0,0.12041605,0.28279406,0.00430067,0.058513973,0.019312946,1.7599397e-05,0.0,0.0,0.0,0.096,1311004,1311004,6620172,197388,0,0,831,2,1,2,0,2,0,0,0,0,0,0,0
48208000,48204000,1.59497e-08,8.1672675e-05,0.007123608,0.00035599392,0.01088095,0.018230425,663,0,0.12044498,0.28267196,0.0041337567,0.07860101,0.032299496,0.0038290464,0.0,0.0,0.0,0.096,1311004,1311004,6620172,197388,0,0,831,2,1,2,0,2,0,0,0,0,0,0,0
48408000,48404000,1.3977613e-08,7.983294e-05,0.007050197,0.00063985155,0.01729138,0.025393829,663,0,0.12047088,0.28254962,0.012675641,0.10302269,0.026179979,0.0033462446,0.0,0.0,0.0,0.096,1311004,1311004,6620172,197388,0,0,831,2,1,2,0,2,0,0,0,0,0,0,0
48608000,48604000,1.4901152e-08,8.205856e-05,0.0071321987,0.00069944834,0.018063067,0.023772877,663,0,0.12049183,0.28242496,0.0051091476,0.06474016,0.039126165,0.0033371039,0.0,0.0,0.0,0.096,1311004,1311004,6620172,197388,0,0,831,2,1,2,0,2,0,0,0,0,0,0,0
48808000,48804000,1.6879806e-08,8.1743376e-05,0.0065773292,0.00015735994,0.013887517,0.02385067,663,0,0.12050714,0.28229797,0.00153476,0.035196457,0.026593717,0.004615954,0.0,0.0,0.0,0.096,1311004,1311004,6620172,197388,0,0,831,2,1,2,0,2,0,0,0,0,0,0,0
49008000,49004000,1.3970964e-08,8.125548e-05,0.0064598187,0.00020745279,0.008835274,0.013483451,663,0,0.120516226,0.2821709,0.0041386317,0.041332085,0.033570476,0.0010116238,0.0,0.0,0.0,0.096,1311004,1311004,6620172,197388,0,0,831,2,1,2,0,2,0,0,0,0,0,0,0
49208000,49204000,1.5953947e-08,8.298194e-05,0.0068783094,0.0004910053,0.0097895255,0.016772367,663,0,0.120520964,0.28296393,0.008593049,0.0386423,0.05572025,0.00052754534,0.0,0.0,0.0,0.096,1311004,1311004,6620172,197388,0,0,831,2,1,2,0,2,0,0,0,0,0,0,0
49408000,49404000,2.3497103e-08,8.381658e-05,0.006746286,0.0004342543,0.010486522,0.017600331,663,0,0.12052324,0.28283533,0.01574993,0.044670966,0.010858665,0.0026099037,0.0,0.0,0.0,0.096,1311004,1311004,6620172,197388,0,0,831,2,1,2,0,2,0,0,0,0,0,0,0
49608000,49604000,2.467006e-08,7.8607794e-05,0.006907299,0.0005610001,0.015699571,0.024513256,663,0,0.120525174,0.28270665,0.018800635,0.060586173,0.037048828,0.00088191405,0.0,0.0,0.0,0.096,1311004,1311004,6620172,197388,0,0,831,2,1,2,0,2,0,0,0,0,0,0,0
49808000,49804000,2.9980775e-08,8.030056e-05,0.0065451297,0.00038786532,0.012931298,0.023211334,663,0,0.120527975,0.2825778,0.01039645,0.039166946,0.014526621,0.0018581304,0.0,0.0,0.0,0.096,1311004,1311004,6620172,197388,0,0,831,2,1,2,0,2,0,0,0,0,0,0,0
50008000,50004000,2.7597126e-08,8.2435996e-05,0.0069121122,0.00020052133,0.0031717112,0.0053406307,663,0,0.12053203,0.28244677,0.0037815578,0.051936094,0.031643648,8.6909364e-05,0.0,0.0,0.0,0.096,1311004,1311004,6620172,197388,0,0,831,2,1,2,0,2,0,0,0,0,0,0,0
50208000,50204000,2.2919288e-08,8.156862e-05,0.007198445,0.00035526935,0.00681649,0.00807185,663,0,0.120515965,0.2823145,0.03242367,0.043644845,0.0073481374,0.0033874942,0.0,0.0,0.0,0.096,1311004,1311004,6620172,197388,0,0,831,2,1,2,0,2,0,0,0,0,0,0,0
50408000,50404000,2.283851e-08,7.872994e-05,0.00715622,0.0013805489,0.025675498,0.030752234,663,0,0.120521665,0.28310493,0.008610758,0.19381887,0.04966925,0.003971135,0.0,0.0,0.0,0.096,1311004,1311004,6620172,197388,0,0,831,2,1,2,0,2,0,0,0,0,0,0,0
50608000,50604000,2.3477437e-08,7.686028e-05,0.0070912736,0.0021603808,0.043522235,0.051124815,663,0,0.12052768,0.28297037,0.015921524,0.18155214,0.018808058,0.004134942,0.0,0.0,0.0,0.096,1311004,1311004,6620172,197388,0,0,831,2,1,2,0,2,0,0,0,0,0,0,0
50808000,50804000,2.6062265e-08,8.12986e-05,0.006605686,0.00078347704,0.027746709,0.039366398,663,0,0.12053388,0.28283584,0.0055848877,0.04527087,0.038851835,0.003479194,0.0,0.0,0.0,0.096,1311004,1311004,6620172,197388,0,0,831,2,1,2,0,2,0,0,0,0,0,0,0
51008000,51004000,2.5805198e-08,7.987287e-05,0.0063128364,0.0006045716,0.019859351,0.03166083,663,0,0.120538905,0.28270137,0.009027404,0.07832486,0.025914147,0.0024404188,0.0,0.0,0.0,0.096,1311004,1311004,6620172,197388,0,0,831,2,1,2,0,2,0,0,0,0,0,0,0
51208000,51204000,2.711694e-08,7.980476e-05,0.006526858,0.00038420953,0.010851901,0.017909532,663,0,0.12054227,0.28256485,0.025492502,0.018316912,0.055333268,0.0035413294,0.0,0.0,0.0,0.096,1311004,1311004,6620172,197388,0,0,831,2,1,2,0,2,0,0,0,0,0,0,0
51408000,51404000,2.7345513e-08,8.162985e-05,0.0072585405,0.00051187194,0.009074787,0.011029962,663,0,0.12054381,0.28242844,0.0036104626,0.07454504,0.015998734,0.005032233,0.0,0.0,0.0,0.096,1311004,1311004,6620172,197388,0,0,831,2,1,2,0,2,0,0,0,0,0,0,0
51608000,51604000,2.9295204e-08,8.456134e-05,0.0073377485,0.00081818074,0.009160519,0.010096343,663,0,0.120524526,0.28321573,0.012938789,0.040777627,0.013956385,0.001168719,0.0,0.0,0.0,0.096,1311004,1311004,6620172,197388,0,0,831,2,1,2,0,2,0,0,0,0,0,0,0
51808000,51804000,2.3236284e-08,7.938364e-05,0.007170579,0.00058546575,0.01098059,0.013741453,663,0,0.12052657,0.28308025,0.006422189,0.058313604,0.04881105,0.0011387387,0.0,0.0,0.0,0.096,1311004,1311004,6620172,197388,0,0,831,2,1,2,0,2,0,0,0,0,0,0,0
52008000,52004000,2.6085702e-08,8.0452075e-05,0.0073268753,0.000519088,0.018032294,0.024647553,663,0,0.12052566,0.2829428,0.0083600385,0.026942166,0.046279706,0.0016643201,0.0,0.0,0.0,0.096,1311004,1311004,6620172,197388,0,0,831,2,1,2,0,2,0,0,0,0,0,0,0
52212000,52204000,2.4298341e-08,7.9730904e-05,0.007384826,0.00040117314,0.018995075,0.027018495,663,0,0.11793238,0.28207454,0.00561314,0.018884545,0.0077291396,0.002162303,0.0,0.0,0.0,0.096,1311004,1311004,6620172,197388,0,0,831,2,1,2,0,2,0,0,0,0,0,0,0
52412000,52404000,1.9211644e-08,7.626806e-05,0.0074872365,0.00036658553,0.01877717,0.024503332,663,0,0.11796123,0.2819402,0.011011365,0.056078948,0.021499151,0.013546926,0.0,0.0,0.0,0.096,1311004,1311004,6620172,197388,0,0,831,2,1,2,0,2,0,0,0,0,0,0,0
52612000,52604000,1.9202378e-08,7.916342e-05,0.0066626,0.0007513567,0.025254505,0.033669226,663,0,0.11798725,0.28180605,0.020834867,0.050335117,0.054103624,0.008747056,0.0,0.0,0.0,0.096,1311004,1311004,6620172,197388,0,0,831,2,1,2,0,2,0,0,0,0,0,0,0
52812000,52804000,1.585244e-08,7.775973e-05,0.006383256,0.00074822805,0.028821163,0.03857771,663,0,0.11801044,0.28167218,0.010404123,0.08208783,0.02022721,0.0012276074,0.0,0.0,0.0,0.096,1311004,1311004,6620172,197388,0,0,831,2,1,2,0,2,0,0,0,0,0,0,0
53012000,53004000,1.819343e-08,7.859312e-05,0.0062343287,0.0010572304,0.032534912,0.03865647,663,0,0.11803005,0.28245375,0.0027764605,0.08775987,0.031430215,0.00012341196,0.0,0.0,0.0,0.096,1311004,1311004,6620172,197388,0,0,831,2,1,2,0,2,0,0,0,0,0,0,0
53212000,53204000,1.7985078e-08,7.5187156e-05,0.007174446,0.0015137687,0.043329395,0.047806233,663,0,0.11804589,0.28231892,0.016761478,0.16305487,0.020442214,0.0031765404,0.0,0.0,0.0,0.096,1311004,1311004,6620172,197388,0,0,831,2,1,2,0,2,0,0,0,0,0,0,0
53412000,53404000,1.5282392e-08,7.635427e-05,0.0075060013,0.0016564423,0.04537877,0.05152969,663,0,0.11805876,0.28218427,0.00092463096,0.16922146,0.04872999,0.0011191715,0.0,0.0,0.0,0.096,1311004,1311004,6620172,197388,0,0,831,2,1,2,0,2,0,0,0,0,0,0,0
53612000,53604000,1.5298978e-08,7.903101e-05,0.007378081,0.0019884654,0.052037664,0.061644714,663,0,0.11807037,0.2820499,0.014004344,0.1288031,0.041195057,0.0057718665,0.0,0.0,0.0,0.096,1311004,1311004,6620172,197388,0,0,831,2,1,2,0,2,0,0,0,0,0,0,0
53812000,53804000,1.928853e-08,7.8477206e-05,0.007117084,0.0013564802,0.039751593,0.052896358,663,0,0.11808154,0.2819136,0.016865782,0.090971455,0.045006804,0.0010157485,0.0,0.0,0.0,0.096,1311004,1311004,6620172,197388,0,0,831,2,1,2,0,2,0,0,0,0,0,0,0
54012000,54004000,1.8650764e-08,8.037312e-05,0.006958806,0.0014713171,0.040114377,0.055710524,663,0,0.11809034,0.2817775,0.0009848413,0.117811725,0.07167999,0.005497495,0.0,0.0,0.0,0.096,1311004,1311004,6620172,197388,0,0,831,2,1,2,0,2,0,0,0,0,0,0,0
54212000,54204000,2.1611491e-08,8.2014805e-05,0.0075248424,0.0009361843,0.023438668,0.04094904,663,0,0.11809784,0.28255996,0.0008282438,0.056522503,0.07062894,0.010645558,0.0,0.0,0.0,0.096,1311004,1311004,6620172,197388,0,0,831,2,1,2,0,2,0,0,0,0,0,0,0
54412000,54404000,1.8301204e-08,8.129432e-05,0.007891751,0.00035870261,0.005870679,0.009394934,663,0,0.11810456,0.28242502,0.0101061165,0.06293925,0.031305313,0.00046844425,0.0,0.0,0.0,0.096,1311004,1311004,6620172,197388,0,0,831,2,1,2,0,2,0,0,0,0,0,0,0
54612000,54604000,3.047311e-08,8.0119076e-05,0.0077516753,0.00058063807,0.01857024,0.0163861,663,0,0.118109055,0.28228816,0.0049970658,0.0541465,0.043189976,0.0019172237,0.0,0.0,0.0,0.096,1311004,1311004,6620172,197388,0,0,831,2,1,2,0,2,0,0,0,0,0,0,0
54812000,54804000,3.1038855e-08,7.8672034e-05,0.007537921,0.00068910443,0.025807826,0.025997,663,0,0.11811348,0.28215152,0.030005233,0.07086213,0.052937053,0.006979021,0.0,0.0,0.0,0.096,1311004,1311004,6620172,197388,0,0,831,2,1,2,0,2,0,0,0,0,0,0,0
55012000,55004000,2.5359352e-08,7.768278e-05,0.0070344815,0.0002806242,0.015623564,0.023175038,663,0,0.1181169,0.28201503,0.0016118106,0.045650687,0.04658032,0.009367677,0.0,0.0,0.0,0.096,1311004,1311004,6620172,197388,0,0,831,2,1,2,0,2,0,0,0,0,0,0,0
55212000,55204000,2.0208827e-08,7.8688e-05,0.007492269,0.0011802616,0.020134304,0.030090725,663,0,0.118120186,0.28187862,0.02851801,0.09294193,0.02038943,0.0052532656,0.0,0.0,0.0,0.096,1311004,1311004,6620172,197388,0,0,831,2,1,2,0,2,0,0,0,0,0,0,0
55412000,55404000,2.507987e-08,8.0278325e-05,0.0072121685,0.00066472916,0.0042646504,0.006960194,663,0,0.1181224,0.28174242,0.005454074,0.053641405,0.046240296,0.00408999,0.0,0.0,0.0,0.096,1311004,1311004,6620172,197388,0,0,831,2,1,2,0,2,0,0,0,0,0,0,0
55612000,55604000,2.271293e-08,7.905125e-05,0.0072633866,0.0003631849,0.008932639,0.013572191,663,0,0.11812351,0.2825223,0.008895665,0.033654127,0.051912267,0.0033401565,0.0,0.0,0.0,0.096,1311004,1311004,6620172,197388,0,0,831,2,1,2,0,2,0,0,0,0,0,0,0
55808000,55796000,2.5045038e-08,7.885464e-05,0.0072352095,0.00014393873,0.008331299,0.012641579,663,0,0.120197035,0.28279388,0.007714348,0.021421313,0.040276363,0.012687674,0.0,0.0,0.0,0.096,1311004,1311004,6620172,197388,0,0,831,2,1,2,0,2,0,0,0,0,0,0,0
56008000,55996000,2.23369e-08,7.896778e-05,0.0073750904,0.00041502225,0.014573737,0.018517097,663,0,0.12019621,0.2826539,0.0017630892,0.06590173,0.0060975016,0.0020501819,0.0,0.0,0.0,0.096,1311004,1311004,6620172,197388,0,0,831,2,1,2,0,2,0,0,0,0,0,0,0
56208000,56196000,1.8602876e-08,7.984332e-05,0.0073052486,0.0008084816,0.024084114,0.029255,663,0,0.12019523,0.28251633,0.0005524075,0.074613094,0.027257832,0.015276684,0.0,0.0,0.0,0.096,1311004,1311004,6620172,197388,0,0,831,2,1,2,0,2,0,0,0,0,0,0,0
56416000,56404000,3.0665962e-08,8.713988e-05,0.0071542547,0.00021440338,0.008163882,0.012658495,663,0,0.11812071,0.28197062,0.030845298,0.051999886,0.042196896,0.010781259,0.0,0.0,0.0,0.096,1311004,1311004,6620172,197388,0,0,831,2,1,2,0,2,0,0,0,0,0,0,0
56616000,56604000,2.8639471e-08,8.202057e-05,0.006474536,0.0008889056,0.008965451,0.009137949,663,0,0.11812206,0.28183228,0.0043128375,0.076878004,0.029539617,0.005270219,0.0,0.0,0.0,0.096,1311004,1311004,6620172,197388,0,0,831,2,1,2,0,2,0,0,0,0,0,0,0
56808000,56796000,2.3774616e-08,7.772441e-05,0.006367452,0.0010217348,0.01608207,0.013022577,663,0,0.12019766,0.2830237,0.028401416,0.1603229,0.047956504,0.011838377,0.0,0.0,0.0,0.096,1311004,1311004,6620172,197388,0,0,831,2,1,2,0,2,0,0,0,0,0,0,0
57008000,56996000,3.2464918e-08,7.668577e-05,0.006975094,0.0020104188,0.037450057,0.035141762,663,0,0.12019794,0.28288573,0.009064611,0.2455416,0.040087353,0.018397063,0.0,0.0,0.0,0.096,1311004,1311004,6620172,197388,0,0,831,2,1,2,0,2,0,0,0,0,0,0,0
57216000,57216000,3.1181315e-08,8.952363e-05,0.009183805,0.0025374722,0.055536628,0.053994052,663,0,0.11861732,0.28265774,0.004507805,0.24071938,0.022859322,0.016637502,0.0,0.0,0.0,0.096,1311004,1311004,6620172,197388,0,0,831,2,1,2,0,2,0,0,0,0,0,0,0
57416000,57416000,2.4876478e-08,8.433421e-05,0.008943948,0.0021316577,0.05105335,0.0607607,663,0,0.11855201,0.282517,0.012715939,0.0884661,0.06660175,0.015809624,0.0,0.0,0.0,0.096,1311004,1311004,6620172,197388,0,0,831,2,1,2,0,2,0,0,0,0,0,0,0
57604000,57604000,2.2056334e-08,7.872142e-05,0.008495569,0.0008877125,0.02536554,0.03884962,663,0,0.120586656,0.28278717,0.01671199,0.10128518,0.04544272,0.018873738,0.0,0.0,0.0,0.096,1311004,1311004,6620172,197388,0,0,831,2,1,2,0,2,0,0,0,0,0,0,0
57804000,57804000,2.740064e-08,7.91779e-05,0.0074363807,0.00043730604,0.023913573,0.048994623,663,0,0.1205244,0.28264323,0.0086457925,0.11805806,0.06555385,0.018833248,0.0,0.0,0.0,0.096,1311004,1311004,6620172,197388,0,0,831,2,1,2,0,2,0,0,0,0,0,0,0
58004000,58004000,2.5953993e-08,7.859835e-05,0.007222447,0.00024189263,0.022783007,0.04446569,663,0,0.12046779,0.28249958,0.0052369316,0.034676272,0.030890368,0.015226821,0.0,0.0,0.0,0.096,1311004,1311004,6620172,197388,0,0,831,2,1,2,0,2,0,0,0,0,0,0,0
58204000,58204000,3.0495627e-08,7.6862125e-05,0.0065429914,0.00046184688,0.024704913,0.027243625,663,0,0.120415315,0.28327948,0.0036931229,0.047015063,0.06593143,0.014791804,0.0,0.0,0.0,0.096,1311004,1311004,6620172,197388,0,0,831,2,1,2,0,2,0,0,0,0,0,0,0
58412000,58404000,2.6021933e-08,7.8818e-05,0.0065853116,0.0006954123,0.03380039,0.034548044,663,0,0.117852,0.28240398,0.017092265,0.065765664,0.04408978,0.012552524,0.0,0.0,0.0,0.096,1311004,1311004,6620172,197388,0,0,831,2,1,2,0,2,0,0,0,0,0,0,0
58612000,58604000,2.1171624e-08,7.939019e-05,0.0073965704,0.0010021656,0.04466171,0.04934809,663,0,0.1178745,0.28226516,0.00041449105,0.14248312,0.022945372,0.010721952,0.0,0.0,0.0,0.096,1311004,1311004,6620172,197388,0,0,831,2,1,2,0,2,0,0,0,0,0,0,0
58812000,58804000,1.7304655e-08,7.679009e-05,0.007801588,0.0019508926,0.063508116,0.0679362,663,0,0.11789585,0.28212675,0.0055670915,0.20789444,0.02305006,0.01344246,0.0,0.0,0.0,0.096,1311004,1311004,6620172,197388,0,0,831,2,1,2,0,2,0,0,0,0,0,0,0
59012000,59004000,1.6458625e-08,7.5651595e-05,0.0075649233,0.0022685246,0.072663404,0.07858255,663,0,0.11791712,0.28198662,0.029011378,0.2227249,0.036351632,0.009858936,0.0,0.0,0.0,0.096,1311004,1311004,6620172,197388,0,0,831,2,1,2,0,2,0,0,0,0,0,0,0
59212000,59204000,1.635157e-08,7.946533e-05,0.006605359,0.0017991505,0.06537348,0.08486114,663,0,0.11793827,0.2818468,0.02842024,0.07476883,0.056075327,0.015761113,0.0,0.0,0.0,0.096,1311004,1311004,6620172,197388,0,0,831,2,1,2,0,2,0,0,0,0,0,0,0
59416000,59416000,1.8090118e-08,8.294304e-05,0.008074394,0.0012704467,0.051865067,0.0710681,663,0,0.1184305,0.282026,0.014063114,0.103296734,0.041828334,0.0041777417,0.0,0.0,0.0,0.096,1311004,1311004,6620172,197388,0,0,831,2,1,2,0,2,0,0,0,0,0,0,0
59612000,59612000,2.0971218e-08,0.00011797943,0.0132167665,0.0009914979,0.0368657,0.052448448,663,0,0.12041057,0.2832154,0.0012319013,0.08829014,0.05081519,0.009096689,0.0,0.0,0.0,0.096,1311004,1311004,6620172,197388,0,0,831,2,1,2,0,2,0,0,0,0,0,0,0
59808000,59804000,1.6396005e-08,0.00011425457,0.014832643,0.00045904942,0.01834957,0.03156425,663,0,0.122793235,0.28382146,0.0027386218,0.024943473,0.012362039,0.014489292,0.0,0.0,0.0,0.096,1311004,1311004,6620172,197388,0,0,831,2,1,2,0,2,0,0,0,0,0,0,0
60012000,60008000,1.6010933e-08,0.00014136624,0.017928956,0.00040971144,0.017898533,0.030342313,663,0,0.12207659,0.28362924,0.00016142498,0.0773024,0.034329113,0.015849927,0.0,0.0,0.0,0.096,1311004,1311004,6620172,197388,0,0,831,2,1,2,0,2,0,0,0,0,0,0,0
60204000,60204000,1.8721192e-08,0.0001867465,0.020146295,0.00036026866,0.014277369,0.022302419,663,0,0.12706399,0.2850488,0.013844285,0.06810941,0.039231792,0.014270963,0.0,0.0,0.0,0.096,1311004,1311004,6620172,197388,0,0,831,2,1,2,0,2,0,0,0,0,0,0,0
60416000,60416000,1.8478397e-08,0.00019969845,0.020101257,0.0002408328,0.0066161756,0.013916414,663,0,0.12627101,0.28514498,0.007201243,0.10761291,0.03255763,0.013410309,0.0,0.0,0.0,0.097,1311004,1311004,6620172,197388,0,0,831,2,1,2,0,2,0,0,0,0,0,0,0
60604000,60600000,1.5336319e-08,0.00018176204,0.021477614,0.0008180726,0.0061674966,0.0067957225,663,0,0.12961486,0.28652814,0.007851017,0.104321785,0.035573408,0.011161986,0.0,0.0,0.0,0.104,1311004,1311004,6620172,197388,0,0,831,2,1,2,0,2,0,0,0,0,0,0,0
60812000,60804000,1.4180232e-08,0.0001588824,0.020964291,0.00086529,0.013297912,0.015732868,663,0,0.12854083,0.28658646,0.019328332,0.060626633,0.027400177,0.015081269,0.0,0.0,0.0,0.104,1311004,1311004,6620172,197388,0,0,831,2,1,2,0,2,0,0,0,0,0,0,0
61016000,61016000,1.3227503e-08,0.00016715242,0.023344457,0.0010336622,0.024560802,0.03283112,663,0,0.12725799,0.28661913,0.02397138,0.11014711,0.036780026,0.014266684,0.0,0.0,0.0,0.104,1311004,1311004,6620172,197388,0,0,831,2,1,2,0,2,0,0,0,0,0,0,0
61212000,61212000,1.3207544e-08,0.00013009753,0.01677126,0.00088520173,0.018037328,0.023878537,663,0,0.12568001,0.28629997,0.009298689,0.049019463,0.028311092,0.010939471,0.0,0.0,0.0,0.104,1311004,1311004,6620172,197388,0,0,831,2,1,2,0,2,0,0,0,0,0,0,0
61412000,61412000,2.1943688e-08,0.0001125179,0.012981918,0.0009943518,0.0251967,0.035205472,663,0,0.12436232,0.28599235,0.011176118,0.14467593,0.044219013,0.008335995,0.0,0.0,0.0,0.104,1311004,1311004,6620172,197388,0,0,831,2,1,2,0,2,0,0,0,0,0,0,0
61612000,61612000,2.0508539e-08,0.000100665085,0.010551014,0.00136124,0.028148515,0.036729183,663,0,0.123258695,0.28569058,0.0061555724,0.07461901,0.032253906,0.008415285,0.0,0.0,0.0,0.104,1311004,1311004,6620172,197388,0,0,831,2,1,2,0,2,0,0,0,0,0,0,0
61812000,61812000,1.5024442e-08,8.779731e-05,0.009692749,0.0010451699,0.027018214,0.037977315,663,0,0.12233218,0.28539598,0.0027905963,0.106429555,0.022774884,0.01182268,0.0,0.0,0.0,0.104,1311004,1311004,6620172,197388,0,0,831,2,1,2,0,2,0,0,0,0,0,0,0
62012000,62012000,1.3437733e-08,8.3236715e-05,0.009129608,0.0010864411,0.026105516,0.04248155,663,0,0.12155495,0.2860609,0.01798683,0.07069621,0.07314947,0.0152687635,0.0,0.0,0.0,0.104,1311004,1311004,6620172,197388,0,0,831,2,1,2,0,2,0,0,0,0,0,0,0
62216000,62212000,1.6102208e-08,8.249182e-05,0.008158283,0.0007151846,0.013408241,0.022727672,663,0,0.120904624,0.28577834,0.0017410266,0.065318234,0.019730609,0.0088100135,0.0,0.0,0.0,0.104,1311004,1311004,6620172,197388,0,0,831,2,1,2,0,2,0,0,0,0,0,0,0
62416000,62412000,1.5290771e-08,7.8615216e-05,0.007754316,0.00092691905,0.015962694,0.024352182,663,0,0.12036486,0.28549913,0.0045568133,0.08092077,0.051433746,0.014693549,0.0,0.0,0.0,0.104,1311004,1311004,6620172,197388,0,0,831,2,1,2,0,2,0,0,0,0,0,0,0
62608000,62604000,1.5515093e-08,7.7669494e-05,0.0076955445,0.0010608002,0.015041445,0.021388156,663,0,0.12206667,0.2856842,0.020863824,0.105267525,0.019502668,0.013182072,0.0,0.0,0.0,0.104,1311004,1311004,6620172,197388,0,0,831,2,1,2,0,2,0,0,0,0,0,0,0
62812000,62808000,1.4266049e-08,7.486887e-05,0.0076856962,0.0008298386,0.010742945,0.015442697,663,0,0.121677205,0.28540766,0.0015530208,0.06730197,0.009455131,0.009761346,0.0,0.0,0.0,0.108,1311004,1311004,6620172,197388,0,0,831,2,1,2,0,2,0,0,0,0,0,0,0
63012000,63008000,2.1421126e-08,7.40518e-05,0.0076994235,0.00036710975,0.01098034,0.010618718,663,0,0.11881455,0.28531358,0.0071735336,0.061285276,0.017862026,0.011112067,0.0,0.0,0.0,0.108,1311004,1311004,6620172,197388,0,0,831,2,1,2,0,2,0,0,0,0,0,0,0
63216000,63208000,2.0210567e-08,7.4511016e-05,0.0075693307,0.00054647983,0.019663775,0.025990758,663,0,0.1186295,0.2850569,0.006784191,0.056043483,0.024135789,0.016505778,0.0,0.0,0.0,0.108,1311004,1311004,6620172,197388,0,0,831,2,1,2,0,2,0,0,0,0,0,0,0
63404000,63400000,2.174921e-08,7.840473e-05,0.0077811657,0.00023966476,0.01393278,0.019073019,663,0,0.12055439,0.2852378,0.0061045587,0.038609862,0.03309695,0.016890736,0.0,0.0,0.0,0.111999996,1311004,1311004,6620172,197388,0,0,831,2,1,2,0,2,0,0,0,0,0,0,0
63616000,63612000,2.6977023e-08,7.83546e-05,0.007341622,0.00014763976,0.016354913,0.015661431,663,0,0.11837337,0.28455648,0.02657377,0.049028818,0.06707845,0.008787539,0.0,0.0,0.0,0.111999996,1311004,1311004,6620172,197388,0,0,831,2,1,2,0,2,0,0,0,0,0,0,0
63816000,63812000,2.1576005e-08,7.962446e-05,0.0070127547,0.00045405363,0.0173175,0.027959313,663,0,0.11828861,0.2843125,0.0070366687,0.053884517,0.041312203,0.008751674,0.0,0.0,0.0,0.111999996,1311004,1311004,6620172,197388,0,0,831,2,1,2,0,2,0,0,0,0,0,0,0
64016000,64012000,1.7294646e-08,7.708951e-05,0.0070739947,0.0004866126,0.017386746,0.030942718,663,0,0.11822502,0.28407264,0.0085954,0.06110365,0.05037043,0.014705555,0.0,0.0,0.0,0.111999996,1311004,1311004,6620172,197388,0,0,831,2,1,2,0,2,0,0,0,0,0,0,0
64216000,64212000,2.590997e-08,7.6439734e-05,0.007298323,0.00026777753,0.02204346,0.033560093,663,0,0.118177354,0.28383473,0.0041895215,0.06033768,0.037755154,0.010149305,0.0,0.0,0.0,0.111999996,1311004,1311004,6620172,197388,0,0,831,2,1,2,0,2,0,0,0,0,0,0,0
64416000,64412000,2.2840158e-08,7.754462e-05,0.0071116732,0.0006129579,0.026292674,0.033482578,663,0,0.11814384,0.28453857,0.018740745,0.03659781,0.016972296,0.013339575,0.0,0.0,0.0,0.111999996,1311004,1311004,6620172,197388,0,0,831,2,1,2,0,2,0,0,0,0,0,0,0
64608000,64604000,2.2181887e-08,8.0098325e-05,0.0070051863,0.0004146443,0.02504422,0.02964856,663,0,0.120188095,0.284725,0.009560938,0.08150184,0.027608493,0.008980153,0.0,0.0,0.0,0.116,1311004,1311004,6620172,197388,0,0,831,2,1,2,0,2,0,0,0,0,0,0,0
64808000,64804000,1.7915813e-08,7.841074e-05,0.0064333593,0.00062123814,0.027757768,0.03676188,663,0,0.12021421,0.28449813,0.034412432,0.022090888,0.03618757,0.008104624,0.0,0.0,0.0,0.116,1311004,1311004,6620172,197388,0,0,831,2,1,2,0,2,0,0,0,0,0,0,0
65012000,64996000,2.3192923e-08,8.184108e-05,0.0062873946,0.00038881024,0.008643253,0.020381255,663,0,0.11973326,0.28394836,0.009649592,0.12931246,0.037935223,0.015695814,0.0,0.0,0.0,0.116,1311004,1311004,6620172,197388,0,0,831,2,1,2,0,2,0,0,0,0,0,0,0
65212000,65196000,2.0841059e-08,7.973907e-05,0.0067604557,0.0007854219,0.008272736,0.013309128,663,0,0.119788714,0.28466886,0.03268564,0.028488668,0.01318817,0.006657931,0.0,0.0,0.0,0.116,1311004,1311004,6620172,197388,0,0,831,2,1,2,0,2,0,0,0,0,0,0,0
65404000,65404000,1.984867e-08,0.000116054,0.00948555,0.00016613909,0.0071067545,0.013651189,663,0,0.12036602,0.28477618,0.009109955,0.040171616,0.035645325,0.0133167,0.0,0.0,0.0,0.116,1311004,1311004,6620172,197388,0,0,831,2,1,2,0,2,0,0,0,0,0,0,0
65612000,65600000,2.8843127e-08,0.000104974664,0.008162627,0.00013237442,0.005745976,0.010512259,663,0,0.11981661,0.28423068,0.017219197,0.039614037,0.042040978,0.012455208,0.0,0.0,0.0,0.12,1311004,1311004,6620172,197388,0,0,831,2,1,2,0,2,0,0,0,0,0,0,0
65812000,65812000,2.9897265e-08,0.000105353596,0.009660779,0.0004018543,0.012242261,0.02123003,663,0,0.11781118,0.2836172,0.021056395,0.063678406,0.022869498,0.0071928436,0.0,0.0,0.0,0.124,1311004,1311004,6620172,197388,0,0,831,2,1,2,0,2,0,0,0,0,0,0,0
66012000,66012000,2.42206e-08,9.490734e-05,0.009018539,0.00055538956,0.0140160825,0.020849418,663,0,0.11785397,0.28341886,0.0020234024,0.060592998,0.042670492,0.0066146767,0.0,0.0,0.0,0.124,1311004,1311004,6620172,197388,0,0,831,2,1,2,0,2,0,0,0,0,0,0,0
66208000,66208000,2.6612886e-08,9.226731e-05,0.008260372,0.00047237088,0.016588654,0.023866666,663,0,0.11994661,0.28362373,0.004731381,0.065699495,0.022782113,0.010153559,0.0,0.0,0.0,0.128,1311004,1311004,6620172,197388,0,0,831,2,1,2,0,2,0,0,0,0,0,0,0
66408000,66408000,2.6455798e-08,9.02302e-05,0.007253035,0.00017113815,0.0137625765,0.021376863,663,0,0.119979285,0.28343064,0.011316057,0.027587062,0.0026344988,0.010016216,0.0,0.0,0.0,0.128,1311004,1311004,6620172,197388,0,0,831,2,1,2,0,2,0,0,0,0,0,0,0
66612000,66608000,2.2620688e-08,8.376806e-05,0.007925597,0.00050103135,0.0044670044,0.0058087087,663,0,0.11745986,0.28345096,0.028024763,0.05652263,0.009397453,0.010520744,0.0,0.0,0.0,0.128,1311004,1311004,6620172,197388,0,0,831,2,1,2,0,2,0,0,0,0,0,0,0
66804000,66796000,2.1578074e-08,8.661122e-05,0.007346501,0.0005048121,0.0100198155,0.014598206,663,0,0.119576246,0.28366545,0.029041965,0.06438419,0.018901858,0.010684492,0.0,0.0,0.0,0.128,1311004,1311004,6620172,197388,0,0,831,2,1,2,0,2,0,0,0,0,0,0,0
67008000,66992000,2.5535467e-08,8.282631e-05,0.007380229,0.00032675537,0.011617686,0.018764807,663,0,0.119138286,0.28316078,0.021903649,0.040280275,0.0029888826,0.01034921,0.0,0.0,0.0,0.132,1311004,1311004,6620172,197388,0,0,831,2,1,2,0,2,0,0,0,0,0,0,0
67212000,67212000,2.0110167e-07,0.00028473034,0.011128294,0.00037323515,0.01613364,0.025316125,663,0,0.11770696,0.28291523,0.0054778466,0.1174421,0.019034566,0.003485916,0.0,0.0,0.0,0.132,1311004,1311004,6620172,197388,0,0,831,2,1,2,0,2,0,0,0,0,0,0,0
67412000,67400000,1.608236e-07,0.00023005974,0.009506844,0.00033300283,0.014913951,0.028766667,663,0,0.11981986,0.28312767,0.007504785,0.064157315,0.0177393,0.008598892,0.0,0.0,0.0,0.132,1311004,1311004,6620172,197388,0,0,831,2,1,2,0,2,0,0,0,0,0,0,0
67616000,67612000,1.1420631e-07,0.00019225522,0.009573911,0.0010594706,0.023429234,0.029725814,663,0,0.11782664,0.28256845,0.016332693,0.088988826,0.023945665,0.015588553,0.0,0.0,0.0,0.132,1311004,1311004,6620172,197388,0,0,831,2,1,2,0,2,0,0,0,0,0,0,0
67804000,67800000,8.470335e-08,0.00015047129,0.008827068,0.0009402569,0.022165766,0.019627945,663,0,0.1199619,0.2836623,0.00090927695,0.08387371,0.046523646,0.009758548,0.0,0.0,0.0,0.132,1311004,1311004,6620172,197388,0,0,831,2,1,2,0,2,0,0,0,0,0,0,0
68016000,68012000,5.8243835e-08,0.0001215125,0.0075246417,0.00091952557,0.024842354,0.026599023,663,0,0.1179695,0.28310436,0.0016996762,0.06380232,0.022000814,0.01359119,0.0,0.0,0.0,0.132,1311004,1311004,6620172,197388,0,0,831,2,1,2,0,2,0,0,0,0,0,0,0
68216000,68212000,5.3133363e-08,0.00010602367,0.0072778733,0.0016288786,0.042148903,0.035946876,663,0,0.118094176,0.28289998,0.037591226,0.19955033,0.03505832,0.010732527,0.0,0.0,0.0,0.132,1311004,1311004,6620172,197388,0,0,831,2,1,2,0,2,0,0,0,0,0,0,0
68412000,68412000,3.9482373e-08,9.779063e-05,0.00885588,0.0028518038,0.061077233,0.047370877,663,0,0.11825386,0.2826909,0.008718516,0.14571716,0.03569145,0.01605954,0.0,0.0,0.0,0.132,1311004,1311004,6620172,197388,0,0,831,2,1,2,0,2,0,0,0,0,0,0,0
68612000,68612000,3.3413198e-08,9.4617884e-05,0.010326491,0.0021725292,0.06046284,0.056287996,663,0,0.11787714,0.2821849,0.020297866,0.0807838,0.028512035,0.012963068,0.0,0.0,0.0,0.144,1311004,1311004,6620172,197388,0,0,831,2,1,2,0,2,0,0,0,0,0,0,0
68812000,68812000,3.009199e-08,8.867896e-05,0.009464918,0.0010988978,0.040965002,0.044398192,663,0,0.11813041,0.28197894,0.008975166,0.0702771,0.0187881,0.0061206114,0.0,0.0,0.0,0.144,1311004,1311004,6620172,197388,0,0,831,2,1,2,0,2,0,0,0,0,0,0,0
69012000,69012000,2.7317702e-08,8.885336e-05,0.00905611,0.000589545,0.019983172,0.027479222,663,0,0.11836816,0.2817693,0.019297078,0.27467868,0.011870974,0.0039083455,0.0,0.0,0.0,0.144,1311004,1311004,6620172,197388,0,0,831,2,1,2,0,2,0,0,0,0,0,0,0
69208000,69204000,2.9576519e-08,9.602637e-05,0.008611247,0.00047093988,0.01155871,0.014756994,663,0,0.12088085,0.28278226,0.014745717,0.1925517,0.03973886,0.0034957293,0.0,0.0,0.0,0.144,1311004,1311004,6620172,197388,0,0,831,2,1,2,0,2,0,0,0,0,0,0,0
69408000,69404000,2.430737e-08,0.00010606768,0.00880853,0.0014765987,0.02660555,0.025891881,663,0,0.121064015,0.28256392,0.0033271667,0.16347188,0.016416699,0.0064115417,0.0,0.0,0.0,0.144,1311004,1311004,6620172,197388,0,0,831,2,1,2,0,2,0,0,0,0,0,0,0
69620000,69604000,1.8647642e-08,9.1397684e-05,0.008990173,0.0019316453,0.036003258,0.036207117,663,0,0.121189475,0.28234395,0.0024949664,0.16482605,0.053663228,0.005015547,0.0,0.0,0.0,0.144,1311004,1311004,6620172,197388,0,0,831,2,1,2,0,2,0,0,0,0,0,0,0
69808000,69808000,1.500629e-08,8.6682885e-05,0.011852236,0.0012766891,0.024626216,0.028015438,663,0,0.12072962,0.28183293,0.020788373,0.069206715,0.014116832,0.0046553304,0.0,0.0,0.0,0.148,1311004,1311004,6620172,197388,0,0,831,2,1,2,0,2,0,0,0,0,0,0,0
70004000,70004000,1.1499317e-08,7.984402e-05,0.010688026,0.00043009975,0.010946019,0.017192317,663,0,0.12085954,0.28161988,0.013270907,0.052504685,0.035550788,0.0046803406,0.0,0.0,0.0,0.156,1311004,1311004,6620172,197388,0,0,831,2,1,2,0,2,0,0,0,0,0,0,0
70212000,70204000,9.0001615e-09,7.678394e-05,0.009987035,0.0002499131,0.016662354,0.020042047,1049111,0,0.11823645,0.2817529,0.0017982789,0.09231766,0.015484843,0.0074869697,0.0,0.0,0.0,0.156,1311004,1311004,6620172,197388,0,0,895,2,1,2,0,2,0,0,0,0,0,0,0
70404000,70404000,7.511343e-09,7.7492994e-05,0.010593348,0.00015913951,0.021304507,0.023568125,1049111,0,0.12107417,0.2821031,0.0025225573,0.023783123,0.017027026,0.0038165092,0.0,0.0,0.0,0.156,1311004,1311004,6620172,197388,0,0,895,2,1,2,0,2,0,0,0,0,0,0,0
70608000,70600000,5.8307754e-09,7.305479e-05,0.009034636,0.00043589866,0.013674961,0.020236671,1049111,0,0.12055462,0.28160352,0.0009872877,0.06529767,0.045569018,0.008227264,0.0,0.0,0.0,0.16,1311004,1311004,6620172,197388,0,0,895,2,1,2,0,2,0,0,0,0,0,0,0
70812000,70808000,4.7663358e-09,6.861112e-05,0.00948851,0.0011415267,0.012263926,0.013673411,1049111,0,0.118475206,0.2811188,0.016960807,0.07176163,0.014480683,0.0031027372,0.0,0.0,0.0,0.16,1311004,1311004,6620172,197388,0,0,895,2,1,2,0,2,0,0,0,0,0,0,0
71012000,71008000,4.1372816e-09,6.7185305e-05,0.008045856,0.0005842791,0.02633343,0.032030124,1049111,0,0.11853621,0.28090596,0.00908939,0.10467177,0.04862714,0.0009175657,0.0,0.0,0.0,0.16,1311004,1311004,6620172,197388,0,0,895,2,1,2,0,2,0,0,0,0,0,0,0
71212000,71208000,3.7681955e-09,6.706479e-05,0.007944398,0.0016051783,0.049200892,0.05493878,1049111,0,0.118578725,0.280697,0.0016046133,0.10127167,0.051889274,0.0102941,0.0,0.0,0.0,0.16,1311004,1311004,6620172,197388,0,0,895,2,1,2,0,2,0,0,0,0,0,0,0
71416000,71416000,3.5977286e-09,6.9719994e-05,0.0097769685,0.0020441704,0.065567285,0.07113776,1049111,0,0.11859287,0.28049096,0.008974069,0.15815644,0.015649373,0.004281534,0.0,0.0,0.0,0.168,1311004,1311004,6620172,197388,0,0,895,2,1,2,0,2,0,0,0,0,0,0,0
71604000,71600000,3.6319172e-09,7.166646e-05,0.008770555,0.0019859206,0.06824961,0.07879908,1049111,0,0.12025865,0.28118393,0.018248918,0.17829181,0.06034569,0.0053597027,0.0,0.0,0.0,0.172,1311004,1311004,6620172,197388,0,0,895,2,1,2,0,2,0,0,0,0,0,0,0
71812000,71812000,3.5154724e-09,7.085334e-05,0.010105822,0.0022108895,0.07632318,0.08395657,1049111,0,0.11821707,0.2807293,0.015265479,0.20822987,0.034299556,0.00587704,0.0,0.0,0.0,0.172,1311004,1311004,6620172,197388,0,0,895,2,1,2,0,2,0,0,0,0,0,0,0
72004000,72000000,3.0339204e-09,6.716433e-05,0.008873432,0.0025125563,0.077106066,0.08352502,1049111,0,0.120412566,0.2808157,0.012125166,0.30481175,0.026636409,0.0045079663,0.0,0.0,0.0,0.172,1311004,1311004,6620172,197388,0,0,895,2,1,2,0,2,0,0,0,0,0,0,0
72208000,72204000,3.483469e-09,7.1883536e-05,0.013183866,0.0030405256,0.0867854,0.09849822,535,0,0.12046777,0.28064433,0.022545021,0.27550948,0.049182154,0.00015579439,0.0,0.0,0.0,0.172,1311004,1311004,6620172,197388,0,0,895,2,1,2,0,2,0,0,0,0,0,0,0
72404000,72400000,3.6569332e-09,7.452517e-05,0.011115078,0.0018995166,0.06500833,0.08112259,535,0,0.12050999,0.2804736,0.008213999,0.13445371,0.062154293,0.005915059,0.0,0.0,0.0,0.172,1311004,1311004,6620172,197388,0,0,895,2,1,2,0,2,0,0,0,0,0,0,0
72616000,72612000,3.6824248e-09,7.076305e-05,0.010094137,0.0012969865,0.048963007,0.06836921,535,0,0.11841129,0.28002888,0.009003798,0.089980476,0.056927353,0.0024259747,0.0,0.0,0.0,0.172,1311004,1311004,6620172,197388,0,0,895,2,1,2,0,2,0,0,0,0,0,0,0
72816000,72812000,3.4448076e-09,7.063088e-05,0.009100117,0.0014179036,0.037382167,0.050064314,535,0,0.11843038,0.28075442,0.019334938,0.117150225,0.030177101,0.0051845936,0.0,0.0,0.0,0.172,1311004,1311004,6620172,197388,0,0,895,2,1,2,0,2,0,0,0,0,0,0,0
